-- phpMyAdmin SQL Dump
-- version 5.1.3
-- https://www.phpmyadmin.net/
--
-- Servidor: 127.0.0.1
-- Tiempo de generación: 16-06-2023 a las 05:20:26
-- Versión del servidor: 10.4.24-MariaDB
-- Versión de PHP: 7.4.28

SET SQL_MODE = "NO_AUTO_VALUE_ON_ZERO";
START TRANSACTION;
SET time_zone = "+00:00";


/*!40101 SET @OLD_CHARACTER_SET_CLIENT=@@CHARACTER_SET_CLIENT */;
/*!40101 SET @OLD_CHARACTER_SET_RESULTS=@@CHARACTER_SET_RESULTS */;
/*!40101 SET @OLD_COLLATION_CONNECTION=@@COLLATION_CONNECTION */;
/*!40101 SET NAMES utf8mb4 */;

--
-- Base de datos: `supermarket_sales`
--

-- --------------------------------------------------------

--
-- Estructura de tabla para la tabla `dim_branch`
--

CREATE TABLE `dim_branch` (
  `ID_BRANCH` int(10) UNSIGNED NOT NULL,
  `branch` char(1) NOT NULL,
  `city` varchar(128) NOT NULL
) ENGINE=InnoDB DEFAULT CHARSET=utf8mb4;

--
-- Volcado de datos para la tabla `dim_branch`
--

INSERT INTO `dim_branch` (`ID_BRANCH`, `branch`, `city`) VALUES
(1, 'A', 'Yagon'),
(2, 'B', 'Mandalay'),
(3, 'C', 'Naypytiaw');

-- --------------------------------------------------------

--
-- Estructura de tabla para la tabla `dim_customer`
--

CREATE TABLE `dim_customer` (
  `ID_COSTUMER` int(10) UNSIGNED NOT NULL,
  `gender` varchar(32) NOT NULL,
  `type` varchar(32) NOT NULL,
  `payment_method` varchar(32) NOT NULL
) ENGINE=InnoDB DEFAULT CHARSET=utf8mb4;

--
-- Volcado de datos para la tabla `dim_customer`
--

INSERT INTO `dim_customer` (`ID_COSTUMER`, `gender`, `type`, `payment_method`) VALUES
(1, 'Female', 'Normal', 'Cash'),
(2, 'Female', 'Member', 'Cash'),
(3, 'Female', 'Normal', 'Creditcard'),
(4, 'Female', 'Member', 'Creditcard'),
(5, 'Female', 'Normal', 'Ewallet'),
(6, 'Female', 'Member', 'Ewallet'),
(7, 'Male', 'Normal', 'Cash'),
(8, 'Male', 'Member', 'Cash'),
(9, 'Male', 'Normal', 'Creditcard'),
(10, 'Male', 'Member', 'Creditcard'),
(11, 'Male', 'Normal', 'Ewallet'),
(12, 'Male', 'Member', 'Ewallet');

-- --------------------------------------------------------

--
-- Estructura de tabla para la tabla `dim_datetime`
--

CREATE TABLE `dim_datetime` (
  `ID_DATATIME` int(10) UNSIGNED NOT NULL,
  `year` int(4) UNSIGNED NOT NULL,
  `month` tinyint(3) UNSIGNED NOT NULL,
  `day` tinyint(3) UNSIGNED NOT NULL,
  `hour` tinyint(3) UNSIGNED NOT NULL,
  `minute` tinyint(3) UNSIGNED NOT NULL
) ENGINE=InnoDB DEFAULT CHARSET=utf8mb4;

--
-- Volcado de datos para la tabla `dim_datetime`
--

INSERT INTO `dim_datetime` (`ID_DATATIME`, `year`, `month`, `day`, `hour`, `minute`) VALUES
(1, 2019, 1, 5, 13, 0),
(2, 2019, 3, 8, 10, 0),
(3, 2019, 3, 3, 13, 0),
(4, 2019, 1, 27, 20, 0),
(5, 2019, 2, 8, 10, 0),
(6, 2019, 3, 25, 18, 0),
(7, 2019, 2, 25, 14, 0),
(8, 2019, 2, 24, 11, 0),
(9, 2019, 1, 10, 17, 0),
(10, 2019, 2, 20, 13, 0),
(11, 2019, 2, 6, 18, 0),
(12, 2019, 3, 9, 17, 0),
(13, 2019, 2, 12, 10, 0),
(14, 2019, 2, 7, 16, 0),
(15, 2019, 3, 29, 19, 0),
(16, 2019, 1, 15, 16, 0),
(17, 2019, 3, 11, 11, 0),
(18, 2019, 1, 1, 10, 0),
(19, 2019, 1, 21, 18, 0),
(20, 2019, 3, 11, 15, 0),
(21, 2019, 2, 25, 11, 0),
(22, 2019, 3, 5, 10, 0),
(23, 2019, 3, 15, 12, 0),
(24, 2019, 2, 17, 11, 0),
(25, 2019, 3, 2, 17, 0),
(26, 2019, 3, 22, 19, 0),
(27, 2019, 2, 8, 15, 0),
(28, 2019, 3, 10, 12, 0),
(29, 2019, 1, 25, 19, 0),
(30, 2019, 3, 15, 15, 0),
(31, 2019, 2, 25, 19, 0),
(32, 2019, 1, 28, 12, 0),
(33, 2019, 1, 10, 14, 0),
(34, 2019, 3, 15, 10, 0),
(35, 2019, 2, 6, 10, 0),
(36, 2019, 1, 7, 12, 0),
(37, 2019, 3, 10, 19, 0),
(38, 2019, 1, 15, 17, 0),
(39, 2019, 3, 23, 13, 0),
(40, 2019, 3, 3, 13, 0),
(41, 2019, 1, 17, 18, 0),
(42, 2019, 2, 2, 10, 0),
(43, 2019, 2, 8, 13, 0),
(44, 2019, 3, 4, 20, 0),
(45, 2019, 3, 16, 19, 0),
(46, 2019, 3, 9, 18, 0),
(47, 2019, 2, 27, 17, 0),
(48, 2019, 2, 6, 15, 0),
(49, 2019, 2, 10, 12, 0),
(50, 2019, 3, 19, 17, 0),
(51, 2019, 2, 3, 10, 0),
(52, 2019, 2, 10, 15, 0),
(53, 2019, 3, 22, 14, 0),
(54, 2019, 1, 25, 15, 0),
(55, 2019, 3, 7, 11, 0),
(56, 2019, 2, 28, 19, 0),
(57, 2019, 3, 27, 11, 0),
(58, 2019, 2, 7, 11, 0),
(59, 2019, 1, 20, 15, 0),
(60, 2019, 3, 12, 20, 0),
(61, 2019, 2, 15, 17, 0),
(62, 2019, 2, 24, 10, 0),
(63, 2019, 2, 3, 13, 0),
(64, 2019, 3, 6, 12, 0),
(65, 2019, 2, 14, 14, 0),
(66, 2019, 3, 13, 16, 0),
(67, 2019, 2, 10, 15, 0),
(68, 2019, 1, 7, 15, 0),
(69, 2019, 1, 24, 10, 0),
(70, 2019, 2, 2, 18, 0),
(71, 2019, 1, 6, 12, 0),
(72, 2019, 2, 11, 16, 0),
(73, 2019, 3, 5, 18, 0),
(74, 2019, 3, 9, 18, 0),
(75, 2019, 1, 22, 10, 0),
(76, 2019, 1, 13, 17, 0),
(77, 2019, 1, 9, 14, 0),
(78, 2019, 1, 12, 15, 0),
(79, 2019, 3, 5, 16, 0),
(80, 2019, 1, 22, 18, 0),
(81, 2019, 1, 21, 14, 0),
(82, 2019, 1, 26, 19, 0),
(83, 2019, 1, 23, 18, 0),
(84, 2019, 2, 23, 18, 0),
(85, 2019, 3, 9, 10, 0),
(86, 2019, 3, 5, 14, 0),
(87, 2019, 3, 25, 10, 0),
(88, 2019, 3, 27, 20, 0),
(89, 2019, 1, 2, 16, 0),
(90, 2019, 2, 27, 17, 0),
(91, 2019, 1, 23, 10, 0),
(92, 2019, 1, 26, 19, 0),
(93, 2019, 1, 10, 16, 0),
(94, 2019, 3, 12, 12, 0),
(95, 2019, 2, 6, 20, 0),
(96, 2019, 3, 8, 20, 0),
(97, 2019, 3, 29, 10, 0),
(98, 2019, 2, 9, 13, 0),
(99, 2019, 3, 23, 10, 0),
(100, 2019, 3, 5, 18, 0),
(101, 2019, 3, 26, 19, 0),
(102, 2019, 3, 1, 13, 0),
(103, 2019, 2, 1, 11, 0),
(104, 2019, 3, 28, 16, 0),
(105, 2019, 3, 19, 18, 0),
(106, 2019, 1, 12, 14, 0),
(107, 2019, 1, 5, 20, 0),
(108, 2019, 3, 22, 20, 0),
(109, 2019, 3, 24, 10, 0),
(110, 2019, 3, 3, 14, 0),
(111, 2019, 2, 5, 11, 0),
(112, 2019, 2, 5, 10, 0),
(113, 2019, 2, 15, 12, 0),
(114, 2019, 1, 19, 20, 0),
(115, 2019, 2, 1, 20, 0),
(116, 2019, 3, 2, 13, 0),
(117, 2019, 3, 5, 12, 0),
(118, 2019, 1, 16, 15, 0),
(119, 2019, 2, 2, 20, 0),
(120, 2019, 1, 20, 20, 0),
(121, 2019, 2, 14, 17, 0),
(122, 2019, 1, 12, 12, 0),
(123, 2019, 3, 9, 17, 0),
(124, 2019, 3, 13, 19, 0),
(125, 2019, 3, 9, 14, 0),
(126, 2019, 3, 10, 18, 0),
(127, 2019, 1, 27, 13, 0),
(128, 2019, 1, 8, 16, 0),
(129, 2019, 1, 8, 15, 0),
(130, 2019, 2, 8, 11, 0),
(131, 2019, 1, 25, 13, 0),
(132, 2019, 3, 6, 20, 0),
(133, 2019, 2, 10, 18, 0),
(134, 2019, 2, 17, 14, 0),
(135, 2019, 3, 8, 16, 0),
(136, 2019, 2, 18, 19, 0),
(137, 2019, 1, 18, 20, 0),
(138, 2019, 2, 18, 15, 0),
(139, 2019, 2, 16, 12, 0),
(140, 2019, 3, 16, 19, 0),
(141, 2019, 1, 23, 13, 0),
(142, 2019, 1, 25, 13, 0),
(143, 2019, 2, 5, 19, 0),
(144, 2019, 2, 22, 10, 0),
(145, 2019, 1, 21, 16, 0),
(146, 2019, 3, 8, 17, 0),
(147, 2019, 2, 10, 12, 0),
(148, 2019, 3, 19, 12, 0),
(149, 2019, 3, 6, 15, 0),
(150, 2019, 3, 27, 13, 0),
(151, 2019, 3, 23, 19, 0),
(152, 2019, 3, 11, 16, 0),
(153, 2019, 1, 29, 11, 0),
(154, 2019, 2, 7, 18, 0),
(155, 2019, 1, 28, 13, 0),
(156, 2019, 2, 20, 15, 0),
(157, 2019, 1, 4, 19, 0),
(158, 2019, 3, 7, 13, 0),
(159, 2019, 3, 30, 14, 0),
(160, 2019, 3, 27, 19, 0),
(161, 2019, 1, 19, 19, 0),
(162, 2019, 2, 25, 16, 0),
(163, 2019, 3, 13, 19, 0),
(164, 2019, 1, 30, 19, 0),
(165, 2019, 2, 20, 15, 0),
(166, 2019, 2, 25, 14, 0),
(167, 2019, 1, 16, 13, 0),
(168, 2019, 2, 8, 16, 0),
(169, 2019, 1, 19, 16, 0),
(170, 2019, 2, 1, 15, 0),
(171, 2019, 1, 3, 11, 0),
(172, 2019, 1, 26, 12, 0),
(173, 2019, 3, 3, 19, 0),
(174, 2019, 1, 19, 17, 0),
(175, 2019, 1, 18, 12, 0),
(176, 2019, 3, 21, 16, 0),
(177, 2019, 3, 3, 17, 0),
(178, 2019, 2, 13, 10, 0),
(179, 2019, 3, 23, 19, 0),
(180, 2019, 1, 28, 16, 0),
(181, 2019, 2, 9, 10, 0),
(182, 2019, 1, 23, 11, 0),
(183, 2019, 3, 23, 10, 0),
(184, 2019, 1, 25, 15, 0),
(185, 2019, 3, 4, 11, 0),
(186, 2019, 3, 5, 19, 0),
(187, 2019, 3, 3, 19, 0),
(188, 2019, 2, 8, 10, 0),
(189, 2019, 2, 10, 12, 0),
(190, 2019, 1, 28, 20, 0),
(191, 2019, 2, 11, 10, 0),
(192, 2019, 1, 15, 13, 0),
(193, 2019, 3, 16, 19, 0),
(194, 2019, 1, 26, 20, 0),
(195, 2019, 3, 19, 11, 0),
(196, 2019, 1, 13, 19, 0),
(197, 2019, 3, 26, 18, 0),
(198, 2019, 3, 23, 10, 0),
(199, 2019, 3, 12, 19, 0),
(200, 2019, 2, 17, 19, 0),
(201, 2019, 1, 29, 10, 0),
(202, 2019, 3, 15, 11, 0),
(203, 2019, 1, 14, 10, 0),
(204, 2019, 2, 6, 14, 0),
(205, 2019, 2, 15, 12, 0),
(206, 2019, 1, 3, 12, 0),
(207, 2019, 1, 4, 18, 0),
(208, 2019, 3, 18, 17, 0),
(209, 2019, 3, 28, 13, 0),
(210, 2019, 3, 2, 19, 0),
(211, 2019, 1, 25, 20, 0),
(212, 2019, 1, 16, 18, 0),
(213, 2019, 3, 20, 19, 0),
(214, 2019, 1, 4, 13, 0),
(215, 2019, 3, 11, 15, 0),
(216, 2019, 3, 22, 15, 0),
(217, 2019, 3, 24, 18, 0),
(218, 2019, 2, 21, 16, 0),
(219, 2019, 2, 12, 12, 0),
(220, 2019, 3, 10, 18, 0),
(221, 2019, 1, 31, 13, 0),
(222, 2019, 3, 6, 13, 0),
(223, 2019, 2, 17, 18, 0),
(224, 2019, 2, 21, 12, 0),
(225, 2019, 3, 20, 15, 0),
(226, 2019, 1, 11, 14, 0),
(227, 2019, 1, 26, 19, 0),
(228, 2019, 1, 31, 16, 0),
(229, 2019, 2, 26, 10, 0),
(230, 2019, 3, 11, 12, 0),
(231, 2019, 1, 26, 19, 0),
(232, 2019, 3, 12, 13, 0),
(233, 2019, 2, 11, 10, 0),
(234, 2019, 2, 21, 18, 0),
(235, 2019, 3, 9, 18, 0),
(236, 2019, 1, 20, 18, 0),
(237, 2019, 1, 28, 15, 0),
(238, 2019, 3, 5, 17, 0),
(239, 2019, 3, 2, 19, 0),
(240, 2019, 1, 11, 11, 0),
(241, 2019, 1, 11, 16, 0),
(242, 2019, 3, 11, 12, 0),
(243, 2019, 2, 28, 18, 0),
(244, 2019, 1, 5, 11, 0),
(245, 2019, 2, 2, 18, 0),
(246, 2019, 1, 1, 14, 0),
(247, 2019, 2, 9, 19, 0),
(248, 2019, 1, 23, 14, 0),
(249, 2019, 1, 7, 16, 0),
(250, 2019, 1, 14, 19, 0),
(251, 2019, 2, 2, 15, 0),
(252, 2019, 3, 17, 19, 0),
(253, 2019, 3, 2, 19, 0),
(254, 2019, 3, 16, 11, 0),
(255, 2019, 1, 6, 11, 0),
(256, 2019, 1, 29, 14, 0),
(257, 2019, 1, 31, 10, 0),
(258, 2019, 2, 5, 10, 0),
(259, 2019, 2, 13, 12, 0),
(260, 2019, 2, 7, 13, 0),
(261, 2019, 3, 19, 13, 0),
(262, 2019, 3, 7, 14, 0),
(263, 2019, 3, 13, 19, 0),
(264, 2019, 2, 9, 11, 0),
(265, 2019, 2, 26, 19, 0),
(266, 2019, 3, 12, 12, 0),
(267, 2019, 3, 14, 17, 0),
(268, 2019, 1, 8, 20, 0),
(269, 2019, 1, 5, 16, 0),
(270, 2019, 1, 4, 13, 0),
(271, 2019, 3, 6, 18, 0),
(272, 2019, 1, 3, 19, 0),
(273, 2019, 1, 7, 11, 0),
(274, 2019, 1, 27, 15, 0),
(275, 2019, 2, 26, 16, 0),
(276, 2019, 1, 7, 20, 0),
(277, 2019, 1, 7, 17, 0),
(278, 2019, 2, 2, 13, 0),
(279, 2019, 3, 20, 16, 0),
(280, 2019, 3, 20, 19, 0),
(281, 2019, 2, 15, 17, 0),
(282, 2019, 3, 6, 13, 0),
(283, 2019, 1, 6, 11, 0),
(284, 2019, 3, 4, 15, 0),
(285, 2019, 3, 12, 14, 0),
(286, 2019, 2, 20, 18, 0),
(287, 2019, 3, 24, 14, 0),
(288, 2019, 1, 31, 12, 0),
(289, 2019, 1, 25, 13, 0),
(290, 2019, 2, 3, 14, 0),
(291, 2019, 1, 24, 17, 0),
(292, 2019, 3, 14, 17, 0),
(293, 2019, 2, 18, 20, 0),
(294, 2019, 1, 21, 10, 0),
(295, 2019, 3, 13, 11, 0),
(296, 2019, 3, 3, 13, 0),
(297, 2019, 3, 29, 14, 0),
(298, 2019, 1, 10, 14, 0),
(299, 2019, 1, 25, 15, 0),
(300, 2019, 1, 19, 10, 0),
(301, 2019, 1, 2, 18, 0),
(302, 2019, 3, 12, 16, 0),
(303, 2019, 2, 25, 15, 0),
(304, 2019, 3, 18, 17, 0),
(305, 2019, 2, 23, 12, 0),
(306, 2019, 3, 26, 20, 0),
(307, 2019, 3, 30, 13, 0),
(308, 2019, 2, 17, 17, 0),
(309, 2019, 3, 21, 10, 0),
(310, 2019, 3, 5, 17, 0),
(311, 2019, 1, 31, 14, 0),
(312, 2019, 2, 5, 19, 0),
(313, 2019, 2, 1, 10, 0),
(314, 2019, 3, 7, 13, 0),
(315, 2019, 2, 10, 20, 0),
(316, 2019, 2, 14, 17, 0),
(317, 2019, 2, 9, 10, 0),
(318, 2019, 1, 10, 11, 0),
(319, 2019, 3, 11, 18, 0),
(320, 2019, 2, 18, 16, 0),
(321, 2019, 2, 26, 20, 0),
(322, 2019, 1, 18, 15, 0),
(323, 2019, 2, 15, 18, 0),
(324, 2019, 3, 8, 13, 0),
(325, 2019, 1, 17, 12, 0),
(326, 2019, 3, 12, 19, 0),
(327, 2019, 3, 9, 19, 0),
(328, 2019, 3, 12, 16, 0),
(329, 2019, 1, 25, 10, 0),
(330, 2019, 3, 25, 13, 0),
(331, 2019, 2, 7, 18, 0),
(332, 2019, 2, 17, 17, 0),
(333, 2019, 2, 3, 15, 0),
(334, 2019, 3, 14, 11, 0),
(335, 2019, 3, 24, 13, 0),
(336, 2019, 3, 21, 10, 0),
(337, 2019, 3, 19, 15, 0),
(338, 2019, 2, 24, 13, 0),
(339, 2019, 3, 28, 12, 0),
(340, 2019, 2, 5, 15, 0),
(341, 2019, 2, 10, 18, 0),
(342, 2019, 3, 5, 19, 0),
(343, 2019, 2, 15, 20, 0),
(344, 2019, 1, 30, 16, 0),
(345, 2019, 2, 14, 15, 0),
(346, 2019, 2, 27, 16, 0),
(347, 2019, 2, 4, 12, 0),
(348, 2019, 1, 20, 10, 0),
(349, 2019, 3, 28, 17, 0),
(350, 2019, 2, 27, 11, 0),
(351, 2019, 2, 15, 14, 0),
(352, 2019, 1, 26, 18, 0),
(353, 2019, 3, 14, 19, 0),
(354, 2019, 3, 2, 14, 0),
(355, 2019, 3, 4, 15, 0),
(356, 2019, 1, 7, 12, 0),
(357, 2019, 3, 8, 20, 0),
(358, 2019, 1, 9, 13, 0),
(359, 2019, 3, 1, 15, 0),
(360, 2019, 3, 16, 16, 0),
(361, 2019, 2, 17, 11, 0),
(362, 2019, 2, 27, 15, 0),
(363, 2019, 3, 7, 20, 0),
(364, 2019, 1, 21, 17, 0),
(365, 2019, 2, 19, 16, 0),
(366, 2019, 1, 6, 12, 0),
(367, 2019, 3, 14, 19, 0),
(368, 2019, 3, 24, 10, 0),
(369, 2019, 1, 27, 14, 0),
(370, 2019, 3, 6, 12, 0),
(371, 2019, 2, 2, 19, 0),
(372, 2019, 1, 25, 19, 0),
(373, 2019, 3, 14, 17, 0),
(374, 2019, 1, 29, 12, 0),
(375, 2019, 1, 3, 16, 0),
(376, 2019, 1, 14, 12, 0),
(377, 2019, 1, 5, 19, 0),
(378, 2019, 2, 22, 18, 0),
(379, 2019, 2, 6, 17, 0),
(380, 2019, 1, 30, 13, 0),
(381, 2019, 1, 11, 10, 0),
(382, 2019, 3, 19, 14, 0),
(383, 2019, 1, 14, 12, 0),
(384, 2019, 3, 1, 15, 0),
(385, 2019, 1, 6, 13, 0),
(386, 2019, 1, 31, 13, 0),
(387, 2019, 3, 11, 13, 0),
(388, 2019, 2, 20, 16, 0),
(389, 2019, 1, 27, 14, 0),
(390, 2019, 3, 10, 14, 0),
(391, 2019, 2, 15, 12, 0),
(392, 2019, 1, 26, 14, 0),
(393, 2019, 2, 13, 18, 0),
(394, 2019, 3, 9, 12, 0),
(395, 2019, 3, 6, 10, 0),
(396, 2019, 1, 24, 20, 0),
(397, 2019, 3, 13, 14, 0),
(398, 2019, 3, 15, 10, 0),
(399, 2019, 3, 5, 13, 0),
(400, 2019, 3, 4, 16, 0),
(401, 2019, 3, 25, 20, 0),
(402, 2019, 3, 12, 20, 0),
(403, 2019, 2, 4, 13, 0),
(404, 2019, 2, 22, 10, 0),
(405, 2019, 2, 16, 17, 0),
(406, 2019, 1, 19, 15, 0),
(407, 2019, 1, 11, 19, 0),
(408, 2019, 1, 4, 19, 0),
(409, 2019, 3, 4, 19, 0),
(410, 2019, 1, 28, 19, 0),
(411, 2019, 1, 2, 13, 0),
(412, 2019, 1, 25, 14, 0),
(413, 2019, 1, 4, 13, 0),
(414, 2019, 3, 10, 18, 0),
(415, 2019, 3, 22, 19, 0),
(416, 2019, 1, 25, 16, 0),
(417, 2019, 1, 8, 13, 0),
(418, 2019, 1, 22, 10, 0),
(419, 2019, 1, 12, 17, 0),
(420, 2019, 2, 4, 10, 0),
(421, 2019, 3, 28, 13, 0),
(422, 2019, 1, 23, 13, 0),
(423, 2019, 2, 8, 13, 0),
(424, 2019, 3, 19, 19, 0),
(425, 2019, 3, 9, 15, 0),
(426, 2019, 1, 2, 13, 0),
(427, 2019, 1, 21, 18, 0),
(428, 2019, 3, 20, 13, 0),
(429, 2019, 2, 27, 17, 0),
(430, 2019, 3, 8, 10, 0),
(431, 2019, 1, 31, 19, 0),
(432, 2019, 3, 8, 16, 0),
(433, 2019, 1, 13, 19, 0),
(434, 2019, 3, 9, 14, 0),
(435, 2019, 2, 22, 18, 0),
(436, 2019, 3, 19, 19, 0),
(437, 2019, 1, 20, 16, 0),
(438, 2019, 3, 8, 15, 0),
(439, 2019, 3, 8, 20, 0),
(440, 2019, 2, 7, 14, 0),
(441, 2019, 1, 15, 19, 0),
(442, 2019, 3, 22, 19, 0),
(443, 2019, 1, 15, 15, 0),
(444, 2019, 1, 8, 14, 0),
(445, 2019, 1, 15, 10, 0),
(446, 2019, 1, 28, 17, 0),
(447, 2019, 2, 14, 11, 0),
(448, 2019, 3, 10, 17, 0),
(449, 2019, 1, 12, 20, 0),
(450, 2019, 3, 26, 11, 0),
(451, 2019, 1, 1, 19, 0),
(452, 2019, 1, 2, 18, 0),
(453, 2019, 3, 16, 12, 0),
(454, 2019, 3, 3, 15, 0),
(455, 2019, 1, 31, 13, 0),
(456, 2019, 2, 13, 16, 0),
(457, 2019, 2, 15, 14, 0),
(458, 2019, 2, 7, 20, 0),
(459, 2019, 1, 27, 13, 0),
(460, 2019, 2, 23, 16, 0),
(461, 2019, 2, 3, 15, 0),
(462, 2019, 3, 3, 12, 0),
(463, 2019, 2, 3, 10, 0),
(464, 2019, 3, 17, 18, 0),
(465, 2019, 3, 28, 15, 0),
(466, 2019, 3, 2, 11, 0),
(467, 2019, 2, 8, 13, 0),
(468, 2019, 3, 22, 18, 0),
(469, 2019, 2, 9, 10, 0),
(470, 2019, 2, 15, 11, 0),
(471, 2019, 1, 23, 12, 0),
(472, 2019, 1, 25, 11, 0),
(473, 2019, 2, 2, 18, 0),
(474, 2019, 3, 30, 17, 0),
(475, 2019, 3, 30, 17, 0),
(476, 2019, 2, 25, 20, 0),
(477, 2019, 3, 18, 16, 0),
(478, 2019, 3, 7, 16, 0),
(479, 2019, 3, 16, 10, 0),
(480, 2019, 1, 29, 11, 0),
(481, 2019, 2, 2, 20, 0),
(482, 2019, 2, 15, 12, 0),
(483, 2019, 1, 8, 13, 0),
(484, 2019, 2, 12, 16, 0),
(485, 2019, 1, 1, 19, 0),
(486, 2019, 3, 21, 15, 0),
(487, 2019, 2, 28, 14, 0),
(488, 2019, 3, 23, 18, 0),
(489, 2019, 1, 30, 20, 0),
(490, 2019, 2, 4, 13, 0),
(491, 2019, 3, 13, 19, 0),
(492, 2019, 3, 15, 18, 0),
(493, 2019, 3, 5, 20, 0),
(494, 2019, 3, 5, 13, 0),
(495, 2019, 2, 26, 11, 0),
(496, 2019, 3, 20, 14, 0),
(497, 2019, 1, 1, 15, 0),
(498, 2019, 1, 27, 11, 0),
(499, 2019, 1, 21, 17, 0),
(500, 2019, 2, 2, 15, 0),
(501, 2019, 2, 3, 15, 0),
(502, 2019, 1, 5, 12, 0),
(503, 2019, 1, 27, 19, 0),
(504, 2019, 3, 25, 17, 0),
(505, 2019, 2, 25, 16, 0),
(506, 2019, 1, 28, 20, 0),
(507, 2019, 1, 8, 12, 0),
(508, 2019, 1, 29, 10, 0),
(509, 2019, 3, 29, 14, 0),
(510, 2019, 2, 9, 17, 0),
(511, 2019, 1, 16, 18, 0),
(512, 2019, 1, 5, 17, 0),
(513, 2019, 1, 27, 18, 0),
(514, 2019, 3, 14, 12, 0),
(515, 2019, 2, 23, 19, 0),
(516, 2019, 3, 18, 15, 0),
(517, 2019, 3, 29, 16, 0),
(518, 2019, 1, 22, 20, 0),
(519, 2019, 3, 1, 18, 0),
(520, 2019, 1, 17, 15, 0),
(521, 2019, 3, 26, 10, 0),
(522, 2019, 3, 20, 11, 0),
(523, 2019, 2, 6, 13, 0),
(524, 2019, 1, 1, 11, 0),
(525, 2019, 1, 27, 14, 0),
(526, 2019, 2, 25, 16, 0),
(527, 2019, 1, 16, 20, 0),
(528, 2019, 1, 13, 14, 0),
(529, 2019, 2, 7, 11, 0),
(530, 2019, 2, 17, 19, 0),
(531, 2019, 2, 12, 19, 0),
(532, 2019, 1, 24, 18, 0),
(533, 2019, 2, 6, 19, 0),
(534, 2019, 3, 26, 10, 0),
(535, 2019, 3, 11, 13, 0),
(536, 2019, 2, 7, 11, 0),
(537, 2019, 1, 5, 11, 0),
(538, 2019, 3, 7, 11, 0),
(539, 2019, 2, 25, 17, 0),
(540, 2019, 2, 1, 18, 0),
(541, 2019, 1, 22, 11, 0),
(542, 2019, 1, 3, 10, 0),
(543, 2019, 2, 13, 12, 0),
(544, 2019, 1, 28, 16, 0),
(545, 2019, 1, 5, 20, 0),
(546, 2019, 3, 19, 13, 0),
(547, 2019, 1, 12, 16, 0),
(548, 2019, 1, 7, 12, 0),
(549, 2019, 1, 26, 17, 0),
(550, 2019, 1, 23, 10, 0),
(551, 2019, 2, 9, 20, 0),
(552, 2019, 2, 22, 10, 0),
(553, 2019, 2, 5, 12, 0),
(554, 2019, 3, 7, 10, 0),
(555, 2019, 3, 25, 18, 0),
(556, 2019, 1, 20, 13, 0),
(557, 2019, 2, 4, 19, 0),
(558, 2019, 1, 30, 20, 0),
(559, 2019, 1, 2, 15, 0),
(560, 2019, 3, 29, 16, 0),
(561, 2019, 3, 14, 12, 0),
(562, 2019, 2, 11, 15, 0),
(563, 2019, 1, 30, 13, 0),
(564, 2019, 3, 20, 15, 0),
(565, 2019, 3, 20, 13, 0),
(566, 2019, 1, 17, 13, 0),
(567, 2019, 2, 3, 16, 0),
(568, 2019, 1, 1, 13, 0),
(569, 2019, 1, 10, 10, 0),
(570, 2019, 3, 2, 16, 0),
(571, 2019, 2, 25, 17, 0),
(572, 2019, 1, 29, 11, 0),
(573, 2019, 3, 10, 19, 0),
(574, 2019, 1, 13, 19, 0),
(575, 2019, 3, 22, 14, 0),
(576, 2019, 3, 1, 19, 0),
(577, 2019, 2, 20, 18, 0),
(578, 2019, 1, 14, 14, 0),
(579, 2019, 3, 26, 13, 0),
(580, 2019, 3, 1, 12, 0),
(581, 2019, 1, 7, 12, 0),
(582, 2019, 2, 1, 19, 0),
(583, 2019, 2, 13, 15, 0),
(584, 2019, 1, 14, 18, 0),
(585, 2019, 1, 19, 15, 0),
(586, 2019, 3, 9, 13, 0),
(587, 2019, 3, 27, 14, 0),
(588, 2019, 2, 4, 16, 0),
(589, 2019, 3, 14, 11, 0),
(590, 2019, 3, 4, 12, 0),
(591, 2019, 3, 3, 10, 0),
(592, 2019, 1, 27, 17, 0),
(593, 2019, 2, 7, 14, 0),
(594, 2019, 2, 5, 11, 0),
(595, 2019, 3, 15, 13, 0),
(596, 2019, 3, 1, 11, 0),
(597, 2019, 2, 15, 13, 0),
(598, 2019, 2, 17, 19, 0),
(599, 2019, 1, 26, 18, 0),
(600, 2019, 3, 24, 14, 0),
(601, 2019, 1, 23, 17, 0),
(602, 2019, 1, 26, 10, 0),
(603, 2019, 3, 14, 20, 0),
(604, 2019, 3, 17, 13, 0),
(605, 2019, 1, 8, 20, 0),
(606, 2019, 2, 8, 15, 0),
(607, 2019, 2, 10, 12, 0),
(608, 2019, 3, 28, 19, 0),
(609, 2019, 1, 23, 12, 0),
(610, 2019, 1, 17, 10, 0),
(611, 2019, 2, 7, 10, 0),
(612, 2019, 3, 9, 11, 0),
(613, 2019, 1, 24, 11, 0),
(614, 2019, 1, 19, 16, 0),
(615, 2019, 2, 3, 11, 0),
(616, 2019, 3, 20, 12, 0),
(617, 2019, 1, 13, 19, 0),
(618, 2019, 3, 14, 18, 0),
(619, 2019, 1, 23, 11, 0),
(620, 2019, 2, 7, 17, 0),
(621, 2019, 3, 28, 15, 0),
(622, 2019, 3, 20, 19, 0),
(623, 2019, 1, 17, 15, 0),
(624, 2019, 1, 12, 11, 0),
(625, 2019, 2, 16, 15, 0),
(626, 2019, 1, 26, 16, 0),
(627, 2019, 3, 9, 12, 0),
(628, 2019, 3, 14, 14, 0),
(629, 2019, 1, 25, 14, 0),
(630, 2019, 1, 26, 18, 0),
(631, 2019, 1, 19, 14, 0),
(632, 2019, 3, 5, 16, 0),
(633, 2019, 1, 15, 10, 0),
(634, 2019, 3, 18, 11, 0),
(635, 2019, 3, 20, 19, 0),
(636, 2019, 1, 15, 15, 0),
(637, 2019, 3, 3, 20, 0),
(638, 2019, 3, 19, 12, 0),
(639, 2019, 3, 8, 15, 0),
(640, 2019, 2, 27, 17, 0),
(641, 2019, 2, 23, 20, 0),
(642, 2019, 3, 19, 15, 0),
(643, 2019, 3, 27, 15, 0),
(644, 2019, 3, 30, 19, 0),
(645, 2019, 2, 16, 15, 0),
(646, 2019, 1, 18, 18, 0),
(647, 2019, 3, 30, 14, 0),
(648, 2019, 3, 20, 19, 0),
(649, 2019, 1, 16, 15, 0),
(650, 2019, 2, 24, 16, 0),
(651, 2019, 1, 15, 18, 0),
(652, 2019, 1, 22, 11, 0),
(653, 2019, 2, 3, 17, 0),
(654, 2019, 3, 6, 15, 0),
(655, 2019, 2, 16, 18, 0),
(656, 2019, 3, 14, 14, 0),
(657, 2019, 2, 27, 10, 0),
(658, 2019, 1, 18, 10, 0),
(659, 2019, 1, 29, 15, 0),
(660, 2019, 2, 26, 17, 0),
(661, 2019, 2, 3, 11, 0),
(662, 2019, 1, 16, 12, 0),
(663, 2019, 3, 24, 18, 0),
(664, 2019, 2, 12, 14, 0),
(665, 2019, 2, 21, 11, 0),
(666, 2019, 2, 4, 15, 0),
(667, 2019, 2, 20, 13, 0),
(668, 2019, 2, 23, 20, 0),
(669, 2019, 2, 16, 14, 0),
(670, 2019, 1, 17, 10, 0),
(671, 2019, 1, 14, 19, 0),
(672, 2019, 3, 30, 16, 0),
(673, 2019, 3, 2, 13, 0),
(674, 2019, 2, 15, 17, 0),
(675, 2019, 3, 1, 10, 0),
(676, 2019, 2, 24, 19, 0),
(677, 2019, 2, 19, 19, 0),
(678, 2019, 2, 23, 18, 0),
(679, 2019, 2, 7, 14, 0),
(680, 2019, 1, 11, 13, 0),
(681, 2019, 2, 12, 19, 0),
(682, 2019, 1, 14, 10, 0),
(683, 2019, 1, 9, 13, 0),
(684, 2019, 2, 27, 12, 0),
(685, 2019, 1, 24, 19, 0),
(686, 2019, 1, 8, 12, 0),
(687, 2019, 1, 8, 11, 0),
(688, 2019, 1, 16, 17, 0),
(689, 2019, 3, 13, 12, 0),
(690, 2019, 2, 15, 10, 0),
(691, 2019, 1, 25, 13, 0),
(692, 2019, 3, 12, 19, 0),
(693, 2019, 3, 4, 12, 0),
(694, 2019, 2, 10, 13, 0),
(695, 2019, 1, 16, 14, 0),
(696, 2019, 1, 29, 19, 0),
(697, 2019, 1, 1, 20, 0),
(698, 2019, 1, 6, 19, 0),
(699, 2019, 2, 19, 19, 0),
(700, 2019, 1, 12, 16, 0),
(701, 2019, 2, 7, 12, 0),
(702, 2019, 3, 27, 19, 0),
(703, 2019, 2, 27, 18, 0),
(704, 2019, 1, 6, 11, 0),
(705, 2019, 3, 2, 12, 0),
(706, 2019, 3, 29, 14, 0),
(707, 2019, 1, 31, 20, 0),
(708, 2019, 1, 21, 20, 0),
(709, 2019, 1, 20, 20, 0),
(710, 2019, 1, 17, 17, 0),
(711, 2019, 2, 28, 20, 0),
(712, 2019, 3, 19, 15, 0),
(713, 2019, 2, 19, 15, 0),
(714, 2019, 2, 4, 12, 0),
(715, 2019, 1, 31, 10, 0),
(716, 2019, 2, 6, 18, 0),
(717, 2019, 3, 28, 16, 0),
(718, 2019, 1, 19, 12, 0),
(719, 2019, 2, 17, 13, 0),
(720, 2019, 1, 18, 15, 0),
(721, 2019, 2, 2, 20, 0),
(722, 2019, 1, 18, 15, 0),
(723, 2019, 3, 18, 13, 0),
(724, 2019, 1, 11, 20, 0),
(725, 2019, 2, 4, 18, 0),
(726, 2019, 2, 6, 14, 0),
(727, 2019, 1, 8, 11, 0),
(728, 2019, 3, 5, 17, 0),
(729, 2019, 3, 16, 15, 0),
(730, 2019, 3, 9, 10, 0),
(731, 2019, 3, 1, 16, 0),
(732, 2019, 2, 28, 19, 0),
(733, 2019, 2, 8, 11, 0),
(734, 2019, 1, 24, 10, 0),
(735, 2019, 3, 1, 20, 0),
(736, 2019, 3, 10, 12, 0),
(737, 2019, 3, 23, 15, 0),
(738, 2019, 1, 29, 14, 0),
(739, 2019, 1, 12, 18, 0),
(740, 2019, 3, 20, 11, 0),
(741, 2019, 3, 23, 12, 0),
(742, 2019, 1, 14, 15, 0),
(743, 2019, 2, 12, 14, 0),
(744, 2019, 2, 20, 15, 0),
(745, 2019, 1, 2, 16, 0),
(746, 2019, 2, 2, 16, 0),
(747, 2019, 1, 8, 19, 0),
(748, 2019, 1, 30, 14, 0),
(749, 2019, 3, 26, 19, 0),
(750, 2019, 1, 15, 20, 0),
(751, 2019, 3, 14, 11, 0),
(752, 2019, 2, 3, 10, 0),
(753, 2019, 2, 22, 12, 0),
(754, 2019, 1, 24, 15, 0),
(755, 2019, 1, 25, 18, 0),
(756, 2019, 3, 9, 13, 0),
(757, 2019, 2, 17, 15, 0),
(758, 2019, 1, 11, 11, 0),
(759, 2019, 2, 27, 18, 0),
(760, 2019, 3, 25, 15, 0),
(761, 2019, 2, 11, 10, 0),
(762, 2019, 1, 31, 15, 0),
(763, 2019, 1, 20, 17, 0),
(764, 2019, 3, 26, 11, 0),
(765, 2019, 1, 20, 15, 0),
(766, 2019, 3, 5, 19, 0),
(767, 2019, 1, 5, 20, 0),
(768, 2019, 2, 13, 13, 0),
(769, 2019, 3, 16, 18, 0),
(770, 2019, 1, 15, 17, 0),
(771, 2019, 2, 26, 11, 0),
(772, 2019, 2, 27, 19, 0),
(773, 2019, 2, 17, 16, 0),
(774, 2019, 2, 6, 10, 0),
(775, 2019, 1, 17, 16, 0),
(776, 2019, 1, 22, 18, 0),
(777, 2019, 3, 5, 18, 0),
(778, 2019, 1, 3, 13, 0),
(779, 2019, 3, 20, 17, 0),
(780, 2019, 1, 31, 20, 0),
(781, 2019, 2, 19, 19, 0),
(782, 2019, 2, 11, 16, 0),
(783, 2019, 2, 5, 14, 0),
(784, 2019, 3, 3, 17, 0),
(785, 2019, 2, 24, 13, 0),
(786, 2019, 2, 4, 16, 0),
(787, 2019, 2, 19, 11, 0),
(788, 2019, 1, 23, 10, 0),
(789, 2019, 1, 14, 10, 0),
(790, 2019, 1, 17, 15, 0),
(791, 2019, 3, 3, 20, 0),
(792, 2019, 2, 15, 20, 0),
(793, 2019, 1, 15, 13, 0),
(794, 2019, 2, 27, 12, 0),
(795, 2019, 2, 26, 12, 0),
(796, 2019, 3, 15, 16, 0),
(797, 2019, 1, 24, 13, 0),
(798, 2019, 2, 22, 15, 0),
(799, 2019, 3, 15, 10, 0),
(800, 2019, 2, 11, 18, 0),
(801, 2019, 1, 12, 16, 0),
(802, 2019, 3, 3, 19, 0),
(803, 2019, 3, 23, 13, 0),
(804, 2019, 3, 4, 11, 0),
(805, 2019, 2, 23, 11, 0),
(806, 2019, 3, 17, 16, 0),
(807, 2019, 1, 16, 18, 0),
(808, 2019, 1, 8, 17, 0),
(809, 2019, 1, 14, 10, 0),
(810, 2019, 1, 31, 10, 0),
(811, 2019, 3, 15, 14, 0),
(812, 2019, 2, 24, 18, 0),
(813, 2019, 2, 8, 12, 0),
(814, 2019, 3, 22, 14, 0),
(815, 2019, 1, 24, 10, 0),
(816, 2019, 3, 14, 16, 0),
(817, 2019, 1, 23, 11, 0),
(818, 2019, 1, 19, 20, 0),
(819, 2019, 1, 27, 20, 0),
(820, 2019, 2, 3, 14, 0),
(821, 2019, 3, 25, 16, 0),
(822, 2019, 2, 24, 10, 0),
(823, 2019, 2, 7, 14, 0),
(824, 2019, 3, 4, 10, 0),
(825, 2019, 2, 14, 11, 0),
(826, 2019, 1, 29, 18, 0),
(827, 2019, 1, 28, 13, 0),
(828, 2019, 3, 26, 18, 0),
(829, 2019, 3, 24, 18, 0),
(830, 2019, 1, 1, 14, 0),
(831, 2019, 1, 24, 17, 0),
(832, 2019, 2, 25, 18, 0),
(833, 2019, 1, 9, 16, 0),
(834, 2019, 2, 14, 14, 0),
(835, 2019, 3, 12, 11, 0),
(836, 2019, 3, 26, 19, 0),
(837, 2019, 1, 9, 13, 0),
(838, 2019, 1, 2, 20, 0),
(839, 2019, 1, 15, 15, 0),
(840, 2019, 1, 1, 11, 0),
(841, 2019, 2, 15, 15, 0),
(842, 2019, 2, 28, 17, 0),
(843, 2019, 3, 2, 16, 0),
(844, 2019, 2, 13, 18, 0),
(845, 2019, 1, 26, 12, 0),
(846, 2019, 1, 30, 11, 0),
(847, 2019, 1, 27, 18, 0),
(848, 2019, 1, 30, 17, 0),
(849, 2019, 1, 8, 19, 0),
(850, 2019, 1, 19, 13, 0),
(851, 2019, 1, 25, 11, 0),
(852, 2019, 2, 19, 10, 0),
(853, 2019, 1, 14, 15, 0),
(854, 2019, 2, 25, 11, 0),
(855, 2019, 1, 23, 14, 0),
(856, 2019, 2, 16, 10, 0),
(857, 2019, 1, 1, 19, 0),
(858, 2019, 3, 7, 18, 0),
(859, 2019, 2, 15, 13, 0),
(860, 2019, 1, 23, 12, 0),
(861, 2019, 2, 20, 13, 0),
(862, 2019, 1, 8, 18, 0),
(863, 2019, 3, 17, 11, 0),
(864, 2019, 1, 12, 11, 0),
(865, 2019, 1, 8, 14, 0),
(866, 2019, 1, 26, 15, 0),
(867, 2019, 3, 15, 14, 0),
(868, 2019, 1, 17, 12, 0),
(869, 2019, 1, 8, 19, 0),
(870, 2019, 1, 6, 13, 0),
(871, 2019, 2, 16, 10, 0),
(872, 2019, 3, 13, 15, 0),
(873, 2019, 1, 28, 11, 0),
(874, 2019, 1, 18, 17, 0),
(875, 2019, 3, 19, 11, 0),
(876, 2019, 3, 15, 14, 0),
(877, 2019, 2, 12, 17, 0),
(878, 2019, 2, 25, 20, 0),
(879, 2019, 3, 21, 16, 0),
(880, 2019, 1, 19, 10, 0),
(881, 2019, 1, 8, 14, 0),
(882, 2019, 3, 30, 12, 0),
(883, 2019, 2, 20, 15, 0),
(884, 2019, 3, 30, 12, 0),
(885, 2019, 3, 19, 13, 0),
(886, 2019, 1, 13, 10, 0),
(887, 2019, 2, 5, 19, 0),
(888, 2019, 3, 23, 13, 0),
(889, 2019, 3, 13, 12, 0),
(890, 2019, 3, 17, 19, 0),
(891, 2019, 2, 21, 10, 0),
(892, 2019, 2, 7, 15, 0),
(893, 2019, 3, 2, 16, 0),
(894, 2019, 3, 6, 20, 0),
(895, 2019, 2, 6, 15, 0),
(896, 2019, 1, 28, 17, 0),
(897, 2019, 1, 18, 16, 0),
(898, 2019, 2, 5, 10, 0),
(899, 2019, 3, 2, 13, 0),
(900, 2019, 2, 9, 19, 0),
(901, 2019, 1, 14, 14, 0),
(902, 2019, 2, 9, 12, 0),
(903, 2019, 3, 26, 20, 0),
(904, 2019, 1, 28, 17, 0),
(905, 2019, 2, 14, 12, 0),
(906, 2019, 3, 24, 17, 0),
(907, 2019, 2, 9, 18, 0),
(908, 2019, 3, 24, 14, 0),
(909, 2019, 3, 27, 16, 0),
(910, 2019, 1, 27, 10, 0),
(911, 2019, 3, 27, 20, 0),
(912, 2019, 1, 19, 11, 0),
(913, 2019, 2, 7, 10, 0),
(914, 2019, 1, 31, 10, 0),
(915, 2019, 2, 25, 18, 0),
(916, 2019, 2, 2, 12, 0),
(917, 2019, 3, 14, 15, 0),
(918, 2019, 3, 11, 12, 0),
(919, 2019, 2, 22, 11, 0),
(920, 2019, 3, 2, 12, 0),
(921, 2019, 3, 10, 15, 0),
(922, 2019, 2, 8, 10, 0),
(923, 2019, 2, 22, 12, 0),
(924, 2019, 1, 10, 10, 0),
(925, 2019, 3, 14, 13, 0),
(926, 2019, 1, 10, 11, 0),
(927, 2019, 2, 15, 17, 0),
(928, 2019, 1, 13, 17, 0),
(929, 2019, 2, 15, 20, 0),
(930, 2019, 3, 2, 19, 0),
(931, 2019, 3, 24, 13, 0),
(932, 2019, 2, 2, 14, 0),
(933, 2019, 2, 27, 11, 0),
(934, 2019, 1, 20, 12, 0),
(935, 2019, 1, 3, 20, 0),
(936, 2019, 1, 24, 20, 0),
(937, 2019, 1, 5, 19, 0),
(938, 2019, 3, 30, 10, 0),
(939, 2019, 2, 17, 16, 0),
(940, 2019, 3, 21, 17, 0),
(941, 2019, 3, 2, 18, 0),
(942, 2019, 3, 27, 10, 0),
(943, 2019, 1, 19, 19, 0),
(944, 2019, 2, 19, 14, 0),
(945, 2019, 3, 28, 20, 0),
(946, 2019, 1, 5, 11, 0),
(947, 2019, 3, 26, 14, 0),
(948, 2019, 2, 3, 20, 0),
(949, 2019, 2, 6, 18, 0),
(950, 2019, 2, 24, 14, 0),
(951, 2019, 2, 21, 12, 0),
(952, 2019, 1, 9, 18, 0),
(953, 2019, 2, 25, 13, 0),
(954, 2019, 1, 13, 13, 0),
(955, 2019, 2, 9, 11, 0),
(956, 2019, 1, 6, 11, 0),
(957, 2019, 1, 10, 17, 0),
(958, 2019, 2, 7, 15, 0),
(959, 2019, 1, 9, 12, 0),
(960, 2019, 2, 19, 15, 0),
(961, 2019, 3, 18, 15, 0),
(962, 2019, 2, 5, 18, 0),
(963, 2019, 3, 19, 15, 0),
(964, 2019, 3, 30, 20, 0),
(965, 2019, 1, 26, 14, 0),
(966, 2019, 3, 2, 18, 0),
(967, 2019, 3, 4, 15, 0),
(968, 2019, 1, 13, 12, 0),
(969, 2019, 3, 25, 18, 0),
(970, 2019, 3, 11, 19, 0),
(971, 2019, 1, 1, 11, 0),
(972, 2019, 2, 10, 13, 0),
(973, 2019, 1, 26, 15, 0),
(974, 2019, 2, 11, 15, 0),
(975, 2019, 2, 7, 17, 0),
(976, 2019, 3, 6, 11, 0),
(977, 2019, 3, 4, 10, 0),
(978, 2019, 2, 26, 15, 0),
(979, 2019, 3, 10, 18, 0),
(980, 2019, 2, 4, 20, 0),
(981, 2019, 1, 19, 12, 0),
(982, 2019, 1, 23, 17, 0),
(983, 2019, 3, 14, 14, 0),
(984, 2019, 1, 23, 10, 0),
(985, 2019, 1, 9, 11, 0),
(986, 2019, 2, 7, 19, 0),
(987, 2019, 2, 18, 14, 0),
(988, 2019, 1, 3, 19, 0),
(989, 2019, 3, 29, 19, 0),
(990, 2019, 1, 28, 15, 0),
(991, 2019, 3, 22, 19, 0),
(992, 2019, 1, 24, 18, 0),
(993, 2019, 3, 10, 20, 0),
(994, 2019, 2, 22, 18, 0),
(995, 2019, 2, 18, 11, 0),
(996, 2019, 1, 29, 13, 0),
(997, 2019, 3, 2, 17, 0),
(998, 2019, 2, 9, 13, 0),
(999, 2019, 2, 22, 15, 0),
(1000, 2019, 2, 18, 13, 0);

-- --------------------------------------------------------

--
-- Estructura de tabla para la tabla `dim_product`
--

CREATE TABLE `dim_product` (
  `ID_PRODUCTO` int(10) UNSIGNED NOT NULL,
  `line` varchar(128) NOT NULL
) ENGINE=InnoDB DEFAULT CHARSET=utf8mb4;

--
-- Volcado de datos para la tabla `dim_product`
--

INSERT INTO `dim_product` (`ID_PRODUCTO`, `line`) VALUES
(1, 'Electronic accessories'),
(2, 'Fashion accessories'),
(3, 'Food and beverages'),
(4, 'Health and beauty'),
(5, 'Home and lifestyle'),
(6, 'Sports and travel');

-- --------------------------------------------------------

--
-- Estructura de tabla para la tabla `fact_sale`
--

CREATE TABLE `fact_sale` (
  `ID_SALE` int(10) UNSIGNED NOT NULL,
  `branch_id` int(10) UNSIGNED NOT NULL,
  `customer_id` int(10) UNSIGNED NOT NULL,
  `product_id` int(10) UNSIGNED NOT NULL,
  `datetime_id` int(10) UNSIGNED NOT NULL,
  `unit_price` decimal(5,2) NOT NULL,
  `quantity` int(10) UNSIGNED NOT NULL,
  `five_percent_tax` decimal(7,4) NOT NULL,
  `total` decimal(7,2) NOT NULL,
  `cogs` decimal(6,2) NOT NULL,
  `gross_margin` decimal(7,4) NOT NULL,
  `rating` float(3,1) NOT NULL
) ENGINE=InnoDB DEFAULT CHARSET=utf8mb4;

--
-- Volcado de datos para la tabla `fact_sale`
--

INSERT INTO `fact_sale` (`ID_SALE`, `branch_id`, `customer_id`, `product_id`, `datetime_id`, `unit_price`, `quantity`, `five_percent_tax`, `total`, `cogs`, `gross_margin`, `rating`) VALUES
(1, 1, 2, 4, 1, '74.69', 7, '26.1400', '548.97', '522.83', '26.1400', 9.1),
(2, 3, 1, 2, 2, '15.28', 5, '3.8200', '80.22', '76.40', '3.8200', 9.6),
(3, 1, 9, 5, 3, '46.33', 7, '16.2200', '340.53', '324.31', '16.2200', 7.4),
(4, 1, 12, 4, 4, '58.22', 8, '23.2900', '489.05', '465.76', '23.2900', 8.4),
(5, 1, 11, 2, 5, '86.31', 7, '30.2100', '634.38', '604.17', '30.2100', 5.3),
(6, 3, 11, 2, 2, '85.39', 7, '29.8900', '627.62', '597.73', '29.8900', 4.1),
(7, 1, 2, 2, 7, '68.84', 6, '20.6500', '433.69', '413.04', '20.6500', 5.8),
(8, 3, 5, 5, 3, '73.56', 10, '36.7800', '772.38', '735.60', '36.7800', 8.0),
(9, 1, 4, 4, 9, '36.26', 2, '3.6300', '76.15', '72.52', '3.6300', 7.2),
(10, 2, 4, 3, 10, '54.84', 3, '8.2300', '172.75', '164.52', '8.2300', 5.9),
(11, 2, 2, 1, 11, '14.48', 4, '2.9000', '60.82', '57.92', '2.9000', 4.5),
(12, 2, 3, 2, 12, '25.51', 4, '5.1000', '107.14', '102.04', '5.1000', 6.8),
(13, 1, 5, 2, 13, '46.95', 5, '11.7400', '246.49', '234.75', '11.7400', 7.1),
(14, 1, 11, 3, 14, '43.19', 10, '21.6000', '453.50', '431.90', '21.6000', 8.2),
(15, 1, 1, 4, 15, '71.38', 10, '35.6900', '749.49', '713.80', '35.6900', 5.7),
(16, 2, 2, 2, 12, '93.72', 6, '28.1200', '590.44', '562.32', '28.1200', 4.5),
(17, 1, 4, 4, 17, '68.93', 7, '24.1300', '506.64', '482.51', '24.1300', 4.6),
(18, 1, 9, 2, 13, '72.61', 6, '21.7800', '457.44', '435.66', '21.7800', 6.9),
(19, 1, 9, 3, 19, '54.67', 3, '8.2000', '172.21', '164.01', '8.2000', 8.6),
(20, 2, 5, 5, 20, '40.30', 2, '4.0300', '84.63', '80.60', '4.0300', 4.4),
(21, 3, 12, 2, 21, '86.04', 5, '21.5100', '451.71', '430.20', '21.5100', 4.8),
(22, 2, 11, 4, 22, '87.98', 3, '13.2000', '277.14', '263.94', '13.2000', 5.1),
(23, 2, 9, 5, 23, '33.20', 2, '3.3200', '69.72', '66.40', '3.3200', 4.4),
(24, 1, 11, 2, 24, '34.56', 5, '8.6400', '181.44', '172.80', '8.6400', 9.9),
(25, 1, 12, 2, 25, '88.63', 3, '13.2900', '279.18', '265.89', '13.2900', 6.0),
(26, 1, 4, 5, 22, '52.59', 8, '21.0400', '441.76', '420.72', '21.0400', 8.5),
(27, 2, 7, 1, 27, '33.52', 1, '1.6800', '35.20', '33.52', '1.6800', 6.7),
(28, 1, 3, 1, 23, '87.67', 2, '8.7700', '184.11', '175.34', '8.7700', 7.7),
(29, 2, 1, 3, 29, '88.36', 5, '22.0900', '463.89', '441.80', '22.0900', 9.6),
(30, 1, 7, 4, 30, '24.89', 9, '11.2000', '235.21', '224.01', '11.2000', 7.4),
(31, 2, 9, 1, 31, '94.13', 5, '23.5300', '494.18', '470.65', '23.5300', 4.8),
(32, 2, 3, 2, 32, '78.07', 9, '35.1300', '737.76', '702.63', '35.1300', 4.5),
(33, 2, 7, 2, 33, '83.78', 8, '33.5100', '703.75', '670.24', '33.5100', 5.1),
(34, 1, 9, 4, 34, '96.58', 2, '9.6600', '202.82', '193.16', '9.6600', 5.1),
(35, 3, 2, 3, 35, '99.42', 4, '19.8800', '417.56', '397.68', '19.8800', 7.5),
(36, 3, 2, 2, 32, '68.12', 1, '3.4100', '71.53', '68.12', '3.4100', 6.8),
(37, 1, 12, 2, 37, '62.62', 5, '15.6600', '328.76', '313.10', '15.6600', 7.0),
(38, 1, 5, 2, 33, '60.88', 9, '27.4000', '575.32', '547.92', '27.4000', 4.7),
(39, 3, 5, 4, 39, '54.92', 8, '21.9700', '461.33', '439.36', '21.9700', 7.6),
(40, 2, 3, 5, 40, '30.12', 8, '12.0500', '253.01', '240.96', '12.0500', 7.7),
(41, 2, 2, 5, 41, '86.72', 1, '4.3400', '91.06', '86.72', '4.3400', 7.9),
(42, 3, 3, 5, 42, '56.11', 2, '5.6100', '117.83', '112.22', '5.6100', 6.3),
(43, 2, 2, 2, 43, '69.12', 6, '20.7400', '435.46', '414.72', '20.7400', 5.6),
(44, 3, 2, 3, 44, '98.70', 8, '39.4800', '829.08', '789.60', '39.4800', 7.6),
(45, 3, 3, 4, 45, '15.37', 2, '1.5400', '32.28', '30.74', '1.5400', 7.2),
(46, 2, 2, 2, 42, '93.96', 4, '18.7900', '394.63', '375.84', '18.7900', 9.5),
(47, 2, 10, 4, 47, '56.69', 9, '25.5100', '535.72', '510.21', '25.5100', 8.4),
(48, 2, 2, 3, 43, '20.01', 9, '9.0000', '189.09', '180.09', '9.0000', 4.1),
(49, 2, 10, 2, 49, '18.93', 6, '5.6800', '119.26', '113.58', '5.6800', 8.1),
(50, 3, 2, 1, 50, '82.63', 10, '41.3200', '867.62', '826.30', '41.3200', 7.9),
(51, 3, 3, 3, 51, '91.40', 7, '31.9900', '671.79', '639.80', '31.9900', 9.5),
(52, 1, 2, 3, 52, '44.59', 5, '11.1500', '234.10', '222.95', '11.1500', 8.5),
(53, 2, 2, 1, 53, '17.87', 4, '3.5700', '75.05', '71.48', '3.5700', 6.5),
(54, 3, 10, 1, 54, '15.43', 1, '0.7700', '16.20', '15.43', '0.7700', 6.1),
(55, 2, 11, 5, 55, '16.16', 2, '1.6200', '33.94', '32.32', '1.6200', 6.5),
(56, 3, 1, 2, 52, '85.98', 8, '34.3900', '722.23', '687.84', '34.3900', 8.2),
(57, 1, 3, 5, 57, '44.34', 2, '4.4300', '93.11', '88.68', '4.4300', 5.8),
(58, 1, 11, 4, 53, '89.60', 8, '35.8400', '752.64', '716.80', '35.8400', 6.6),
(59, 1, 2, 5, 59, '72.35', 10, '36.1800', '759.68', '723.50', '36.1800', 5.4),
(60, 3, 7, 2, 20, '30.61', 6, '9.1800', '192.84', '183.66', '9.1800', 9.3),
(61, 3, 4, 2, 21, '24.74', 3, '3.7100', '77.93', '74.22', '3.7100', 10.0),
(62, 3, 11, 5, 22, '55.73', 6, '16.7200', '351.10', '334.38', '16.7200', 7.0),
(63, 2, 2, 2, 23, '55.07', 9, '24.7800', '520.41', '495.63', '24.7800', 10.0),
(64, 1, 10, 2, 24, '15.81', 10, '7.9100', '166.01', '158.10', '7.9100', 8.6),
(65, 2, 3, 4, 25, '75.74', 4, '15.1500', '318.11', '302.96', '15.1500', 7.6),
(66, 1, 3, 4, 22, '15.87', 10, '7.9400', '166.64', '158.70', '7.9400', 5.8),
(67, 3, 5, 4, 27, '33.47', 2, '3.3500', '70.29', '66.94', '3.3500', 6.7),
(68, 2, 2, 1, 23, '97.61', 6, '29.2800', '614.94', '585.66', '29.2800', 9.9),
(69, 1, 7, 2, 29, '78.77', 10, '39.3900', '827.09', '787.70', '39.3900', 6.4),
(70, 1, 2, 4, 70, '18.33', 1, '0.9200', '19.25', '18.33', '0.9200', 4.3),
(71, 3, 9, 3, 71, '89.48', 10, '44.7400', '939.54', '894.80', '44.7400', 9.6),
(72, 3, 7, 1, 72, '62.12', 10, '31.0600', '652.26', '621.20', '31.0600', 5.9),
(73, 2, 2, 3, 73, '48.52', 3, '7.2800', '152.84', '145.56', '7.2800', 4.0),
(74, 3, 1, 2, 74, '75.91', 6, '22.7700', '478.23', '455.46', '22.7700', 8.7),
(75, 1, 11, 5, 75, '74.67', 9, '33.6000', '705.63', '672.03', '33.6000', 9.4),
(76, 3, 3, 2, 72, '41.65', 10, '20.8300', '437.33', '416.50', '20.8300', 5.4),
(77, 3, 10, 1, 77, '49.04', 9, '22.0700', '463.43', '441.36', '22.0700', 8.6),
(78, 1, 4, 1, 73, '20.01', 9, '9.0000', '189.09', '180.09', '9.0000', 5.7),
(79, 3, 2, 3, 79, '78.31', 10, '39.1600', '822.26', '783.10', '39.1600', 6.6),
(80, 3, 1, 4, 30, '20.38', 5, '5.1000', '107.00', '101.90', '5.1000', 6.0),
(81, 3, 3, 4, 31, '99.19', 6, '29.7600', '624.90', '595.14', '29.7600', 5.5),
(82, 2, 5, 3, 32, '96.68', 3, '14.5000', '304.54', '290.04', '14.5000', 6.4),
(83, 3, 11, 3, 33, '19.25', 8, '7.7000', '161.70', '154.00', '7.7000', 6.6),
(84, 3, 4, 3, 34, '80.36', 4, '16.0700', '337.51', '321.44', '16.0700', 8.3),
(85, 3, 3, 2, 35, '48.91', 5, '12.2300', '256.78', '244.55', '12.2300', 6.6),
(86, 3, 5, 2, 32, '83.06', 7, '29.0700', '610.49', '581.42', '29.0700', 4.0),
(87, 3, 7, 1, 37, '76.52', 5, '19.1300', '401.73', '382.60', '19.1300', 9.9),
(88, 1, 10, 3, 33, '49.38', 7, '17.2800', '362.94', '345.66', '17.2800', 7.3),
(89, 1, 7, 2, 39, '42.47', 1, '2.1200', '44.59', '42.47', '2.1200', 5.7),
(90, 2, 1, 4, 90, '76.99', 6, '23.1000', '485.04', '461.94', '23.1000', 6.1),
(91, 3, 2, 5, 91, '47.38', 4, '9.4800', '199.00', '189.52', '9.4800', 7.1),
(92, 3, 5, 2, 92, '44.86', 10, '22.4300', '471.03', '448.60', '22.4300', 8.2),
(93, 1, 2, 2, 93, '21.98', 7, '7.6900', '161.55', '153.86', '7.6900', 5.1),
(94, 2, 10, 4, 94, '64.36', 9, '28.9600', '608.20', '579.24', '28.9600', 8.6),
(95, 3, 9, 4, 95, '89.75', 1, '4.4900', '94.24', '89.75', '4.4900', 6.6),
(96, 1, 11, 2, 92, '97.16', 1, '4.8600', '102.02', '97.16', '4.8600', 7.2),
(97, 2, 11, 4, 97, '87.87', 10, '43.9400', '922.64', '878.70', '43.9400', 5.1),
(98, 3, 1, 2, 93, '12.45', 6, '3.7400', '78.44', '74.70', '3.7400', 4.1),
(99, 1, 11, 3, 99, '52.75', 3, '7.9100', '166.16', '158.25', '7.9100', 9.3),
(100, 2, 7, 5, 100, '82.70', 6, '24.8100', '521.01', '496.20', '24.8100', 7.4),
(101, 3, 3, 1, 101, '48.71', 1, '2.4400', '51.15', '48.71', '2.4400', 4.1),
(102, 3, 7, 1, 102, '78.55', 9, '35.3500', '742.30', '706.95', '35.3500', 7.2),
(103, 3, 1, 2, 103, '23.07', 9, '10.3800', '218.01', '207.63', '10.3800', 4.9),
(104, 1, 7, 3, 104, '58.26', 6, '17.4800', '367.04', '349.56', '17.4800', 9.9),
(105, 2, 7, 4, 105, '30.35', 7, '10.6200', '223.07', '212.45', '10.6200', 8.0),
(106, 1, 12, 2, 102, '88.67', 10, '44.3400', '931.04', '886.70', '44.3400', 7.3),
(107, 3, 9, 1, 107, '27.38', 6, '8.2100', '172.49', '164.28', '8.2100', 7.9),
(108, 1, 7, 2, 103, '62.13', 6, '18.6400', '391.42', '372.78', '18.6400', 7.4),
(109, 3, 1, 3, 109, '33.98', 9, '15.2900', '321.11', '305.82', '15.2900', 4.2),
(110, 3, 3, 2, 110, '81.97', 10, '40.9900', '860.69', '819.70', '40.9900', 9.2),
(111, 2, 2, 2, 111, '16.49', 2, '1.6500', '34.63', '32.98', '1.6500', 4.6),
(112, 3, 4, 4, 112, '98.21', 3, '14.7300', '309.36', '294.63', '14.7300', 7.8),
(113, 2, 1, 1, 113, '72.84', 7, '25.4900', '535.37', '509.88', '25.4900', 8.4),
(114, 1, 12, 5, 114, '58.07', 9, '26.1300', '548.76', '522.63', '26.1300', 4.3),
(115, 3, 4, 5, 115, '80.79', 9, '36.3600', '763.47', '727.11', '36.3600', 9.5),
(116, 3, 3, 1, 112, '27.02', 3, '4.0500', '85.11', '81.06', '4.0500', 7.1),
(117, 2, 12, 1, 117, '21.94', 5, '5.4900', '115.19', '109.70', '5.4900', 5.3),
(118, 2, 12, 1, 113, '51.36', 1, '2.5700', '53.93', '51.36', '2.5700', 5.2),
(119, 1, 5, 3, 119, '10.96', 10, '5.4800', '115.08', '109.60', '5.4800', 6.0),
(120, 2, 11, 5, 120, '53.44', 2, '5.3400', '112.22', '106.88', '5.3400', 4.1),
(121, 1, 3, 2, 121, '99.56', 8, '39.8200', '836.30', '796.48', '39.8200', 5.2),
(122, 3, 10, 2, 122, '57.12', 7, '19.9900', '419.83', '399.84', '19.9900', 6.5),
(123, 2, 10, 2, 123, '99.96', 9, '44.9800', '944.62', '899.64', '44.9800', 4.2),
(124, 3, 10, 5, 124, '63.91', 8, '25.5600', '536.84', '511.28', '25.5600', 4.6),
(125, 2, 2, 1, 125, '56.47', 8, '22.5900', '474.35', '451.76', '22.5900', 7.3),
(126, 1, 3, 5, 122, '93.69', 7, '32.7900', '688.62', '655.83', '32.7900', 4.5),
(127, 1, 1, 2, 127, '32.25', 5, '8.0600', '169.31', '161.25', '8.0600', 9.0),
(128, 3, 3, 1, 123, '31.73', 9, '14.2800', '299.85', '285.57', '14.2800', 5.9),
(129, 3, 2, 3, 129, '68.54', 8, '27.4200', '575.74', '548.32', '27.4200', 8.5),
(130, 2, 5, 2, 130, '90.28', 9, '40.6300', '853.15', '812.52', '40.6300', 7.2),
(131, 2, 1, 1, 131, '39.62', 7, '13.8700', '291.21', '277.34', '13.8700', 7.5),
(132, 1, 2, 2, 132, '92.13', 6, '27.6400', '580.42', '552.78', '27.6400', 8.3),
(133, 2, 1, 2, 133, '34.84', 4, '6.9700', '146.33', '139.36', '6.9700', 7.4),
(134, 2, 10, 2, 134, '87.45', 6, '26.2400', '550.94', '524.70', '26.2400', 8.8),
(135, 3, 5, 4, 135, '81.30', 6, '24.3900', '512.19', '487.80', '24.3900', 5.3),
(136, 3, 7, 1, 132, '90.22', 3, '13.5300', '284.19', '270.66', '13.5300', 6.2),
(137, 1, 3, 2, 137, '26.31', 5, '6.5800', '138.13', '131.55', '6.5800', 8.8),
(138, 1, 2, 5, 133, '34.42', 6, '10.3300', '216.85', '206.52', '10.3300', 9.8),
(139, 2, 7, 2, 139, '51.91', 10, '25.9600', '545.06', '519.10', '25.9600', 8.2),
(140, 1, 11, 2, 140, '72.50', 8, '29.0000', '609.00', '580.00', '29.0000', 9.2),
(141, 3, 4, 2, 141, '89.80', 10, '44.9000', '942.90', '898.00', '44.9000', 5.4),
(142, 3, 3, 4, 142, '90.50', 10, '45.2500', '950.25', '905.00', '45.2500', 8.1),
(143, 3, 2, 4, 143, '68.60', 10, '34.3000', '720.30', '686.00', '34.3000', 9.1),
(144, 3, 4, 3, 144, '30.41', 1, '1.5200', '31.93', '30.41', '1.5200', 8.4),
(145, 1, 5, 5, 145, '77.95', 6, '23.3900', '491.09', '467.70', '23.3900', 8.0),
(146, 3, 3, 4, 142, '46.26', 6, '13.8800', '291.44', '277.56', '13.8800', 9.5),
(147, 1, 2, 1, 147, '30.14', 10, '15.0700', '316.47', '301.40', '15.0700', 9.2),
(148, 3, 9, 4, 143, '66.14', 4, '13.2300', '277.79', '264.56', '13.2300', 5.6),
(149, 2, 10, 5, 149, '71.86', 8, '28.7400', '603.62', '574.88', '28.7400', 6.2),
(150, 1, 9, 4, 150, '32.46', 8, '12.9800', '272.66', '259.68', '12.9800', 4.9),
(151, 2, 4, 1, 151, '91.54', 4, '18.3100', '384.47', '366.16', '18.3100', 4.8),
(152, 3, 10, 2, 152, '34.56', 7, '12.1000', '254.02', '241.92', '12.1000', 7.3),
(153, 1, 9, 1, 153, '83.24', 9, '37.4600', '786.62', '749.16', '37.4600', 7.4),
(154, 3, 5, 3, 154, '16.48', 6, '4.9400', '103.82', '98.88', '4.9400', 9.9),
(155, 3, 1, 2, 155, '80.97', 8, '32.3900', '680.15', '647.76', '32.3900', 9.3),
(156, 1, 10, 3, 152, '92.29', 5, '23.0700', '484.52', '461.45', '23.0700', 9.0),
(157, 2, 3, 2, 157, '72.17', 1, '3.6100', '75.78', '72.17', '3.6100', 6.1),
(158, 2, 11, 5, 153, '50.28', 5, '12.5700', '263.97', '251.40', '12.5700', 9.7),
(159, 2, 12, 4, 159, '97.22', 9, '43.7500', '918.73', '874.98', '43.7500', 6.0),
(160, 2, 11, 2, 120, '93.39', 6, '28.0200', '588.36', '560.34', '28.0200', 10.0),
(161, 3, 3, 3, 121, '43.18', 8, '17.2700', '362.71', '345.44', '17.2700', 8.3),
(162, 1, 7, 2, 122, '63.69', 1, '3.1800', '66.87', '63.69', '3.1800', 6.0),
(163, 1, 9, 3, 123, '45.79', 7, '16.0300', '336.56', '320.53', '16.0300', 7.0),
(164, 3, 11, 2, 124, '76.40', 2, '7.6400', '160.44', '152.80', '7.6400', 6.5),
(165, 2, 9, 3, 125, '39.90', 10, '19.9500', '418.95', '399.00', '19.9500', 5.9),
(166, 2, 12, 4, 122, '42.57', 8, '17.0300', '357.59', '340.56', '17.0300', 5.6),
(167, 3, 7, 5, 127, '95.58', 10, '47.7900', '1003.59', '955.80', '47.7900', 4.8),
(168, 1, 9, 1, 123, '98.98', 10, '49.4900', '1039.29', '989.80', '49.4900', 8.7),
(169, 1, 7, 3, 129, '51.28', 6, '15.3800', '323.06', '307.68', '15.3800', 6.5),
(170, 1, 10, 2, 170, '69.52', 7, '24.3300', '510.97', '486.64', '24.3300', 8.5),
(171, 1, 11, 4, 171, '70.01', 5, '17.5000', '367.55', '350.05', '17.5000', 5.5),
(172, 2, 10, 3, 172, '80.05', 5, '20.0100', '420.26', '400.25', '20.0100', 9.4),
(173, 3, 7, 2, 173, '20.85', 8, '8.3400', '175.14', '166.80', '8.3400', 6.3),
(174, 2, 10, 2, 174, '52.89', 6, '15.8700', '333.21', '317.34', '15.8700', 9.8),
(175, 2, 11, 3, 175, '19.79', 8, '7.9200', '166.24', '158.32', '7.9200', 8.7),
(176, 1, 12, 5, 172, '33.84', 9, '15.2300', '319.79', '304.56', '15.2300', 8.8),
(177, 1, 10, 3, 177, '22.17', 8, '8.8700', '186.23', '177.36', '8.8700', 9.6),
(178, 3, 3, 1, 173, '22.51', 7, '7.8800', '165.45', '157.57', '7.8800', 4.8),
(179, 1, 11, 3, 179, '73.88', 6, '22.1600', '465.44', '443.28', '22.1600', 4.4),
(180, 3, 12, 4, 130, '86.80', 3, '13.0200', '273.42', '260.40', '13.0200', 9.9),
(181, 3, 7, 1, 131, '64.26', 7, '22.4900', '472.31', '449.82', '22.4900', 5.7),
(182, 3, 3, 3, 132, '38.47', 8, '15.3900', '323.15', '307.76', '15.3900', 7.7),
(183, 1, 12, 2, 133, '15.50', 10, '7.7500', '162.75', '155.00', '7.7500', 8.0),
(184, 3, 11, 4, 134, '34.31', 8, '13.7200', '288.20', '274.48', '13.7200', 5.7),
(185, 1, 3, 2, 135, '12.34', 7, '4.3200', '90.70', '86.38', '4.3200', 6.7),
(186, 2, 12, 3, 132, '18.08', 3, '2.7100', '56.95', '54.24', '2.7100', 8.0),
(187, 2, 2, 5, 137, '94.49', 8, '37.8000', '793.72', '755.92', '37.8000', 7.5),
(188, 2, 3, 5, 133, '46.47', 4, '9.2900', '195.17', '185.88', '9.2900', 7.0),
(189, 1, 11, 5, 139, '74.07', 1, '3.7000', '77.77', '74.07', '3.7000', 9.9),
(190, 3, 3, 5, 190, '69.81', 4, '13.9600', '293.20', '279.24', '13.9600', 5.9),
(191, 2, 3, 5, 191, '77.04', 3, '11.5600', '242.68', '231.12', '11.5600', 7.2),
(192, 2, 5, 1, 192, '73.52', 2, '7.3500', '154.39', '147.04', '7.3500', 4.6),
(193, 3, 1, 3, 193, '87.80', 9, '39.5100', '829.71', '790.20', '39.5100', 9.2),
(194, 2, 11, 5, 194, '25.55', 4, '5.1100', '107.31', '102.20', '5.1100', 5.7),
(195, 1, 9, 2, 195, '32.71', 5, '8.1800', '171.73', '163.55', '8.1800', 9.9),
(196, 3, 2, 1, 192, '74.29', 1, '3.7100', '78.00', '74.29', '3.7100', 5.0),
(197, 3, 3, 4, 197, '43.70', 2, '4.3700', '91.77', '87.40', '4.3700', 4.9),
(198, 1, 5, 5, 193, '25.29', 1, '1.2600', '26.55', '25.29', '1.2600', 6.1),
(199, 3, 9, 4, 199, '41.50', 4, '8.3000', '174.30', '166.00', '8.3000', 8.2),
(200, 3, 4, 3, 200, '71.39', 5, '17.8500', '374.80', '356.95', '17.8500', 5.5),
(201, 3, 4, 2, 201, '19.15', 6, '5.7500', '120.65', '114.90', '5.7500', 6.8),
(202, 2, 2, 2, 202, '57.49', 4, '11.5000', '241.46', '229.96', '11.5000', 6.6),
(203, 3, 7, 2, 203, '61.41', 7, '21.4900', '451.36', '429.87', '21.4900', 9.8),
(204, 2, 12, 4, 204, '25.90', 10, '12.9500', '271.95', '259.00', '12.9500', 8.7),
(205, 2, 10, 5, 205, '17.77', 5, '4.4400', '93.29', '88.85', '4.4400', 5.4),
(206, 1, 5, 4, 202, '23.03', 9, '10.3600', '217.63', '207.27', '10.3600', 7.9),
(207, 3, 4, 2, 207, '66.65', 9, '29.9900', '629.84', '599.85', '29.9900', 9.7),
(208, 3, 2, 5, 203, '28.53', 10, '14.2700', '299.57', '285.30', '14.2700', 7.8),
(209, 2, 5, 1, 209, '30.37', 3, '4.5600', '95.67', '91.11', '4.5600', 5.1),
(210, 2, 3, 2, 210, '99.73', 9, '44.8800', '942.45', '897.57', '44.8800', 6.5),
(211, 1, 11, 2, 211, '26.23', 9, '11.8000', '247.87', '236.07', '11.8000', 5.9),
(212, 3, 1, 3, 212, '93.26', 9, '41.9700', '881.31', '839.34', '41.9700', 8.8),
(213, 2, 11, 5, 213, '92.36', 5, '23.0900', '484.89', '461.80', '23.0900', 4.9),
(214, 2, 9, 2, 214, '46.42', 3, '6.9600', '146.22', '139.26', '6.9600', 4.4),
(215, 2, 2, 2, 215, '29.61', 7, '10.3600', '217.63', '207.27', '10.3600', 6.5),
(216, 1, 9, 5, 212, '18.28', 1, '0.9100', '19.19', '18.28', '0.9100', 8.3),
(217, 2, 1, 2, 217, '24.77', 5, '6.1900', '130.04', '123.85', '6.1900', 8.5),
(218, 1, 2, 2, 213, '94.64', 3, '14.2000', '298.12', '283.92', '14.2000', 5.5),
(219, 2, 11, 1, 219, '94.87', 8, '37.9500', '796.91', '758.96', '37.9500', 8.7),
(220, 2, 3, 3, 220, '57.34', 3, '8.6000', '180.62', '172.02', '8.6000', 7.9),
(221, 2, 11, 2, 221, '45.35', 6, '13.6100', '285.71', '272.10', '13.6100', 6.1),
(222, 2, 11, 3, 222, '62.08', 7, '21.7300', '456.29', '434.56', '21.7300', 5.4),
(223, 3, 7, 2, 223, '11.81', 5, '2.9500', '62.00', '59.05', '2.9500', 9.4),
(224, 3, 2, 1, 224, '12.54', 1, '0.6300', '13.17', '12.54', '0.6300', 8.2),
(225, 1, 7, 3, 225, '43.25', 2, '4.3300', '90.83', '86.50', '4.3300', 6.2),
(226, 3, 4, 2, 222, '87.16', 2, '8.7200', '183.04', '174.32', '8.7200', 9.7),
(227, 2, 12, 4, 227, '69.37', 9, '31.2200', '655.55', '624.33', '31.2200', 4.0),
(228, 3, 12, 2, 223, '37.06', 4, '7.4100', '155.65', '148.24', '7.4100', 9.7),
(229, 2, 2, 2, 229, '90.70', 6, '27.2100', '571.41', '544.20', '27.2100', 5.3),
(230, 1, 5, 5, 230, '63.42', 8, '25.3700', '532.73', '507.36', '25.3700', 7.4),
(231, 2, 1, 1, 231, '81.37', 2, '8.1400', '170.88', '162.74', '8.1400', 6.5),
(232, 2, 4, 2, 232, '10.59', 3, '1.5900', '33.36', '31.77', '1.5900', 8.7),
(233, 2, 1, 4, 233, '84.09', 9, '37.8400', '794.65', '756.81', '37.8400', 8.0),
(234, 2, 3, 1, 234, '73.82', 4, '14.7600', '310.04', '295.28', '14.7600', 6.7),
(235, 1, 12, 4, 235, '51.94', 10, '25.9700', '545.37', '519.40', '25.9700', 6.5),
(236, 1, 5, 2, 232, '93.14', 2, '9.3100', '195.59', '186.28', '9.3100', 4.1),
(237, 3, 9, 4, 237, '17.41', 5, '4.3500', '91.40', '87.05', '4.3500', 4.9),
(238, 3, 4, 1, 233, '44.22', 5, '11.0600', '232.16', '221.10', '11.0600', 8.6),
(239, 2, 2, 2, 239, '13.22', 5, '3.3100', '69.41', '66.10', '3.3100', 4.3),
(240, 1, 11, 1, 240, '89.69', 1, '4.4800', '94.17', '89.69', '4.4800', 4.9),
(241, 1, 9, 3, 241, '24.94', 9, '11.2200', '235.68', '224.46', '11.2200', 5.6),
(242, 1, 9, 4, 242, '59.77', 2, '5.9800', '125.52', '119.54', '5.9800', 5.8),
(243, 3, 10, 1, 243, '93.20', 2, '9.3200', '195.72', '186.40', '9.3200', 6.0),
(244, 1, 3, 5, 244, '62.65', 4, '12.5300', '263.13', '250.60', '12.5300', 4.2),
(245, 2, 9, 5, 245, '93.87', 8, '37.5500', '788.51', '750.96', '37.5500', 8.3),
(246, 1, 3, 5, 242, '47.59', 8, '19.0400', '399.76', '380.72', '19.0400', 5.7),
(247, 2, 2, 2, 247, '81.40', 3, '12.2100', '256.41', '244.20', '12.2100', 4.8),
(248, 1, 12, 1, 243, '17.94', 5, '4.4900', '94.19', '89.70', '4.4900', 6.8),
(249, 1, 10, 2, 249, '77.72', 4, '15.5400', '326.42', '310.88', '15.5400', 8.8),
(250, 2, 9, 3, 250, '73.06', 7, '25.5700', '536.99', '511.42', '25.5700', 4.2),
(251, 2, 12, 3, 251, '46.55', 9, '20.9500', '439.90', '418.95', '20.9500', 6.4),
(252, 3, 10, 1, 252, '35.19', 10, '17.6000', '369.50', '351.90', '17.6000', 8.4),
(253, 3, 3, 2, 253, '14.39', 2, '1.4400', '30.22', '28.78', '1.4400', 7.2),
(254, 1, 7, 5, 254, '23.75', 4, '4.7500', '99.75', '95.00', '4.7500', 5.2),
(255, 1, 3, 5, 255, '58.90', 8, '23.5600', '494.76', '471.20', '23.5600', 8.9),
(256, 2, 3, 1, 252, '32.62', 4, '6.5200', '137.00', '130.48', '6.5200', 9.0),
(257, 1, 10, 2, 257, '66.35', 1, '3.3200', '69.67', '66.35', '3.3200', 9.7),
(258, 1, 12, 5, 253, '25.91', 6, '7.7700', '163.23', '155.46', '7.7700', 8.7),
(259, 1, 12, 2, 259, '32.25', 4, '6.4500', '135.45', '129.00', '6.4500', 6.5),
(260, 3, 10, 2, 220, '65.94', 4, '13.1900', '276.95', '263.76', '13.1900', 6.9),
(261, 1, 5, 2, 221, '75.06', 9, '33.7800', '709.32', '675.54', '33.7800', 6.2),
(262, 3, 5, 1, 222, '16.45', 4, '3.2900', '69.09', '65.80', '3.2900', 5.6),
(263, 2, 2, 1, 223, '38.30', 4, '7.6600', '160.86', '153.20', '7.6600', 5.7),
(264, 1, 2, 2, 224, '22.24', 10, '11.1200', '233.52', '222.40', '11.1200', 4.2),
(265, 2, 11, 2, 225, '54.45', 1, '2.7200', '57.17', '54.45', '2.7200', 7.9),
(266, 1, 4, 2, 222, '98.40', 7, '34.4400', '723.24', '688.80', '34.4400', 8.7),
(267, 3, 9, 5, 227, '35.47', 4, '7.0900', '148.97', '141.88', '7.0900', 6.9),
(268, 2, 2, 3, 223, '74.60', 10, '37.3000', '783.30', '746.00', '37.3000', 9.5),
(269, 1, 10, 5, 229, '70.74', 4, '14.1500', '297.11', '282.96', '14.1500', 4.4),
(270, 1, 2, 5, 270, '35.54', 10, '17.7700', '373.17', '355.40', '17.7700', 7.0),
(271, 2, 5, 2, 271, '67.43', 5, '16.8600', '354.01', '337.15', '16.8600', 6.3),
(272, 3, 2, 4, 272, '21.12', 2, '2.1100', '44.35', '42.24', '2.1100', 9.7),
(273, 1, 4, 5, 273, '21.54', 9, '9.6900', '203.55', '193.86', '9.6900', 8.8),
(274, 1, 1, 5, 274, '12.03', 2, '1.2000', '25.26', '24.06', '1.2000', 5.1),
(275, 2, 5, 4, 275, '99.71', 6, '29.9100', '628.17', '598.26', '29.9100', 7.9),
(276, 2, 7, 1, 272, '47.97', 7, '16.7900', '352.58', '335.79', '16.7900', 6.2),
(277, 3, 2, 5, 277, '21.82', 10, '10.9100', '229.11', '218.20', '10.9100', 7.1),
(278, 3, 5, 1, 273, '95.42', 4, '19.0800', '400.76', '381.68', '19.0800', 6.4),
(279, 3, 3, 1, 279, '70.99', 10, '35.5000', '745.40', '709.90', '35.5000', 5.7),
(280, 1, 10, 2, 230, '44.02', 10, '22.0100', '462.21', '440.20', '22.0100', 9.6),
(281, 1, 3, 5, 231, '69.96', 8, '27.9800', '587.66', '559.68', '27.9800', 6.4),
(282, 3, 9, 5, 232, '37.00', 1, '1.8500', '38.85', '37.00', '1.8500', 7.9),
(283, 1, 1, 2, 233, '15.34', 1, '0.7700', '16.11', '15.34', '0.7700', 6.5),
(284, 1, 12, 4, 234, '99.83', 6, '29.9500', '628.93', '598.98', '29.9500', 8.5),
(285, 1, 2, 4, 235, '47.67', 4, '9.5300', '200.21', '190.68', '9.5300', 9.1),
(286, 2, 7, 4, 232, '66.68', 5, '16.6700', '350.07', '333.40', '16.6700', 7.6),
(287, 3, 3, 5, 237, '74.86', 1, '3.7400', '78.60', '74.86', '3.7400', 6.9),
(288, 3, 1, 2, 233, '23.75', 9, '10.6900', '224.44', '213.75', '10.6900', 9.5),
(289, 2, 3, 3, 239, '48.51', 7, '16.9800', '356.55', '339.57', '16.9800', 5.2),
(290, 1, 2, 5, 290, '94.88', 7, '33.2100', '697.37', '664.16', '33.2100', 4.2),
(291, 2, 10, 2, 291, '40.30', 10, '20.1500', '423.15', '403.00', '20.1500', 7.0),
(292, 3, 11, 2, 292, '27.85', 7, '9.7500', '204.70', '194.95', '9.7500', 6.0),
(293, 1, 2, 2, 293, '62.48', 1, '3.1200', '65.60', '62.48', '3.1200', 4.7),
(294, 1, 2, 3, 294, '36.36', 2, '3.6400', '76.36', '72.72', '3.6400', 7.1),
(295, 2, 11, 4, 295, '18.11', 10, '9.0600', '190.16', '181.10', '9.0600', 5.9),
(296, 3, 2, 2, 292, '51.92', 5, '12.9800', '272.58', '259.60', '12.9800', 7.5),
(297, 3, 7, 2, 297, '28.84', 4, '5.7700', '121.13', '115.36', '5.7700', 6.4),
(298, 1, 12, 5, 293, '78.38', 6, '23.5100', '493.79', '470.28', '23.5100', 5.8),
(299, 1, 3, 5, 299, '60.01', 4, '12.0000', '252.04', '240.04', '12.0000', 4.5),
(300, 3, 2, 5, 300, '88.61', 1, '4.4300', '93.04', '88.61', '4.4300', 7.7),
(301, 3, 9, 1, 301, '99.82', 2, '9.9800', '209.62', '199.64', '9.9800', 6.7),
(302, 2, 10, 4, 302, '39.01', 1, '1.9500', '40.96', '39.01', '1.9500', 4.7),
(303, 3, 7, 3, 303, '48.61', 1, '2.4300', '51.04', '48.61', '2.4300', 4.4),
(304, 1, 3, 2, 304, '51.19', 4, '10.2400', '215.00', '204.76', '10.2400', 4.7),
(305, 2, 1, 2, 305, '14.96', 8, '5.9800', '125.66', '119.68', '5.9800', 8.6),
(306, 1, 12, 2, 302, '72.20', 7, '25.2700', '530.67', '505.40', '25.2700', 4.3),
(307, 1, 1, 2, 307, '40.23', 7, '14.0800', '295.69', '281.61', '14.0800', 9.6),
(308, 1, 2, 5, 303, '88.79', 8, '35.5200', '745.84', '710.32', '35.5200', 4.1),
(309, 1, 2, 2, 309, '26.48', 3, '3.9700', '83.41', '79.44', '3.9700', 4.7),
(310, 1, 1, 1, 310, '81.91', 2, '8.1900', '172.01', '163.82', '8.1900', 7.8),
(311, 2, 3, 2, 311, '79.93', 6, '23.9800', '503.56', '479.58', '23.9800', 5.5),
(312, 3, 12, 1, 312, '69.33', 2, '6.9300', '145.59', '138.66', '6.9300', 9.7),
(313, 1, 4, 3, 313, '14.23', 5, '3.5600', '74.71', '71.15', '3.5600', 4.4),
(314, 1, 2, 4, 314, '15.55', 9, '7.0000', '146.95', '139.95', '7.0000', 5.0),
(315, 3, 2, 2, 315, '78.13', 10, '39.0700', '820.37', '781.30', '39.0700', 4.4),
(316, 3, 3, 3, 312, '99.37', 2, '9.9400', '208.68', '198.74', '9.9400', 5.2),
(317, 3, 2, 3, 317, '21.08', 3, '3.1600', '66.40', '63.24', '3.1600', 7.3),
(318, 3, 3, 2, 313, '74.79', 5, '18.7000', '392.65', '373.95', '18.7000', 4.9),
(319, 3, 4, 4, 319, '29.67', 7, '10.3800', '218.07', '207.69', '10.3800', 8.1),
(320, 3, 12, 4, 320, '44.07', 4, '8.8100', '185.09', '176.28', '8.8100', 8.4),
(321, 3, 1, 3, 321, '22.93', 9, '10.3200', '216.69', '206.37', '10.3200', 5.5),
(322, 3, 1, 4, 322, '39.42', 1, '1.9700', '41.39', '39.42', '1.9700', 8.4),
(323, 1, 11, 4, 323, '15.26', 6, '4.5800', '96.14', '91.56', '4.5800', 9.8),
(324, 1, 1, 1, 324, '61.77', 5, '15.4400', '324.29', '308.85', '15.4400', 6.7),
(325, 1, 9, 5, 325, '21.52', 6, '6.4600', '135.58', '129.12', '6.4600', 9.4),
(326, 2, 11, 2, 322, '97.74', 4, '19.5500', '410.51', '390.96', '19.5500', 6.4),
(327, 1, 3, 3, 327, '99.78', 5, '24.9500', '523.85', '498.90', '24.9500', 5.4),
(328, 3, 3, 3, 323, '94.26', 4, '18.8500', '395.89', '377.04', '18.8500', 8.6),
(329, 2, 10, 4, 329, '51.13', 4, '10.2300', '214.75', '204.52', '10.2300', 4.0),
(330, 1, 3, 2, 330, '36.36', 4, '7.2700', '152.71', '145.44', '7.2700', 7.6),
(331, 2, 7, 5, 331, '22.02', 9, '9.9100', '208.09', '198.18', '9.9100', 6.8),
(332, 1, 9, 3, 332, '32.90', 3, '4.9400', '103.64', '98.70', '4.9400', 9.1),
(333, 1, 7, 1, 333, '77.02', 5, '19.2600', '404.36', '385.10', '19.2600', 5.5),
(334, 1, 10, 3, 334, '23.48', 2, '2.3500', '49.31', '46.96', '2.3500', 7.9),
(335, 3, 12, 2, 335, '14.70', 5, '3.6800', '77.18', '73.50', '3.6800', 8.5),
(336, 1, 4, 2, 332, '28.45', 5, '7.1100', '149.36', '142.25', '7.1100', 9.1),
(337, 1, 11, 1, 337, '76.40', 9, '34.3800', '721.98', '687.60', '34.3800', 7.5),
(338, 2, 1, 2, 333, '57.95', 6, '17.3900', '365.09', '347.70', '17.3900', 5.2),
(339, 3, 3, 2, 339, '47.65', 3, '7.1500', '150.10', '142.95', '7.1500', 9.5),
(340, 2, 4, 3, 340, '42.82', 9, '19.2700', '404.65', '385.38', '19.2700', 8.9),
(341, 2, 10, 2, 341, '48.09', 3, '7.2100', '151.48', '144.27', '7.2100', 7.8),
(342, 2, 2, 4, 342, '55.97', 7, '19.5900', '411.38', '391.79', '19.5900', 8.9),
(343, 2, 2, 4, 343, '76.90', 7, '26.9200', '565.22', '538.30', '26.9200', 7.7),
(344, 3, 5, 3, 344, '97.03', 5, '24.2600', '509.41', '485.15', '24.2600', 9.3),
(345, 1, 7, 2, 345, '44.65', 3, '6.7000', '140.65', '133.95', '6.7000', 6.2),
(346, 1, 5, 1, 342, '77.93', 9, '35.0700', '736.44', '701.37', '35.0700', 7.6),
(347, 1, 3, 2, 347, '71.95', 1, '3.6000', '75.55', '71.95', '3.6000', 7.3),
(348, 3, 2, 5, 343, '89.25', 8, '35.7000', '749.70', '714.00', '35.7000', 4.7),
(349, 1, 7, 2, 349, '26.02', 7, '9.1100', '191.25', '182.14', '9.1100', 5.1),
(350, 2, 3, 4, 350, '13.50', 10, '6.7500', '141.75', '135.00', '6.7500', 4.8),
(351, 3, 4, 1, 351, '99.30', 10, '49.6500', '1042.65', '993.00', '49.6500', 6.6),
(352, 1, 7, 2, 352, '51.69', 7, '18.0900', '379.92', '361.83', '18.0900', 5.5),
(353, 2, 4, 1, 353, '54.73', 7, '19.1600', '402.27', '383.11', '19.1600', 8.5),
(354, 2, 3, 5, 354, '27.00', 9, '12.1500', '255.15', '243.00', '12.1500', 4.8),
(355, 3, 1, 2, 355, '30.24', 1, '1.5100', '31.75', '30.24', '1.5100', 8.4),
(356, 2, 4, 3, 352, '89.14', 4, '17.8300', '374.39', '356.56', '17.8300', 7.8),
(357, 3, 3, 1, 357, '37.55', 10, '18.7800', '394.28', '375.50', '18.7800', 9.3),
(358, 3, 1, 2, 353, '95.44', 10, '47.7200', '1002.12', '954.40', '47.7200', 5.2),
(359, 2, 11, 2, 359, '27.50', 3, '4.1300', '86.63', '82.50', '4.1300', 6.5),
(360, 2, 7, 2, 320, '74.97', 1, '3.7500', '78.72', '74.97', '3.7500', 5.6),
(361, 1, 10, 3, 321, '80.96', 8, '32.3800', '680.06', '647.68', '32.3800', 7.4),
(362, 3, 1, 3, 322, '94.47', 8, '37.7900', '793.55', '755.76', '37.7900', 9.1),
(363, 3, 11, 3, 323, '99.79', 2, '9.9800', '209.56', '199.58', '9.9800', 8.0),
(364, 1, 7, 5, 324, '73.22', 6, '21.9700', '461.29', '439.32', '21.9700', 7.2),
(365, 3, 1, 3, 325, '41.24', 4, '8.2500', '173.21', '164.96', '8.2500', 7.1),
(366, 3, 1, 1, 322, '81.68', 4, '16.3400', '343.06', '326.72', '16.3400', 9.1),
(367, 3, 1, 2, 327, '51.32', 9, '23.0900', '484.97', '461.88', '23.0900', 5.6),
(368, 1, 3, 5, 323, '65.94', 4, '13.1900', '276.95', '263.76', '13.1900', 6.0),
(369, 3, 1, 2, 329, '14.36', 10, '7.1800', '150.78', '143.60', '7.1800', 5.4),
(370, 1, 10, 2, 370, '21.50', 9, '9.6800', '203.18', '193.50', '9.6800', 7.8),
(371, 2, 2, 2, 371, '26.26', 7, '9.1900', '193.01', '183.82', '9.1900', 9.9),
(372, 2, 3, 1, 372, '60.96', 2, '6.1000', '128.02', '121.92', '6.1000', 4.9),
(373, 3, 5, 5, 373, '70.11', 6, '21.0300', '441.69', '420.66', '21.0300', 5.2),
(374, 3, 7, 1, 374, '42.08', 6, '12.6200', '265.10', '252.48', '12.6200', 8.9),
(375, 1, 3, 5, 375, '67.09', 5, '16.7700', '352.22', '335.45', '16.7700', 9.1),
(376, 1, 2, 1, 372, '96.70', 5, '24.1800', '507.68', '483.50', '24.1800', 7.0),
(377, 2, 4, 5, 377, '35.38', 9, '15.9200', '334.34', '318.42', '15.9200', 9.6),
(378, 3, 11, 2, 373, '95.49', 7, '33.4200', '701.85', '668.43', '33.4200', 8.7),
(379, 3, 12, 1, 379, '96.98', 4, '19.4000', '407.32', '387.92', '19.4000', 9.4),
(380, 2, 3, 2, 330, '23.65', 4, '4.7300', '99.33', '94.60', '4.7300', 4.0),
(381, 1, 10, 2, 331, '82.33', 4, '16.4700', '345.79', '329.32', '16.4700', 7.5),
(382, 3, 1, 2, 332, '26.61', 2, '2.6600', '55.88', '53.22', '2.6600', 4.2),
(383, 2, 1, 3, 333, '99.69', 5, '24.9200', '523.37', '498.45', '24.9200', 9.9),
(384, 3, 2, 3, 334, '74.89', 4, '14.9800', '314.54', '299.56', '14.9800', 4.2),
(385, 1, 5, 3, 335, '40.94', 5, '10.2400', '214.94', '204.70', '10.2400', 9.9),
(386, 2, 3, 2, 332, '75.82', 1, '3.7900', '79.61', '75.82', '3.7900', 5.8),
(387, 3, 7, 3, 337, '46.77', 6, '14.0300', '294.65', '280.62', '14.0300', 6.0),
(388, 1, 3, 4, 333, '32.32', 10, '16.1600', '339.36', '323.20', '16.1600', 10.0),
(389, 3, 2, 1, 339, '54.07', 9, '24.3300', '510.96', '486.63', '24.3300', 9.5),
(390, 2, 9, 3, 390, '18.22', 7, '6.3800', '133.92', '127.54', '6.3800', 6.6),
(391, 3, 2, 1, 391, '80.48', 3, '12.0700', '253.51', '241.44', '12.0700', 8.1),
(392, 2, 1, 1, 392, '37.95', 10, '18.9800', '398.48', '379.50', '18.9800', 9.7),
(393, 1, 12, 2, 393, '76.82', 1, '3.8400', '80.66', '76.82', '3.8400', 7.2),
(394, 1, 4, 2, 394, '52.26', 10, '26.1300', '548.73', '522.60', '26.1300', 6.2),
(395, 1, 5, 4, 395, '79.74', 1, '3.9900', '83.73', '79.74', '3.9900', 7.3),
(396, 1, 5, 4, 392, '77.50', 5, '19.3800', '406.88', '387.50', '19.3800', 4.3),
(397, 1, 5, 3, 397, '54.27', 5, '13.5700', '284.92', '271.35', '13.5700', 4.6),
(398, 2, 7, 5, 393, '13.59', 9, '6.1200', '128.43', '122.31', '6.1200', 5.8),
(399, 2, 4, 4, 399, '41.06', 6, '12.3200', '258.68', '246.36', '12.3200', 8.3),
(400, 2, 3, 2, 400, '19.24', 9, '8.6600', '181.82', '173.16', '8.6600', 8.0),
(401, 3, 3, 3, 401, '39.43', 6, '11.8300', '248.41', '236.58', '11.8300', 9.4),
(402, 3, 9, 5, 402, '46.22', 4, '9.2400', '194.12', '184.88', '9.2400', 6.2),
(403, 3, 12, 5, 403, '13.98', 1, '0.7000', '14.68', '13.98', '0.7000', 9.8),
(404, 2, 5, 1, 404, '39.75', 5, '9.9400', '208.69', '198.75', '9.9400', 9.6),
(405, 3, 2, 1, 405, '97.79', 7, '34.2300', '718.76', '684.53', '34.2300', 4.9),
(406, 1, 10, 2, 402, '67.26', 4, '13.4500', '282.49', '269.04', '13.4500', 8.0),
(407, 1, 9, 3, 407, '13.79', 5, '3.4500', '72.40', '68.95', '3.4500', 7.8),
(408, 2, 2, 1, 403, '68.71', 4, '13.7400', '288.58', '274.84', '13.7400', 4.1),
(409, 1, 5, 5, 409, '56.53', 4, '11.3100', '237.43', '226.12', '11.3100', 5.5),
(410, 3, 5, 1, 410, '23.82', 5, '5.9600', '125.06', '119.10', '5.9600', 5.4),
(411, 2, 1, 4, 411, '34.21', 10, '17.1100', '359.21', '342.10', '17.1100', 5.1),
(412, 2, 11, 2, 412, '21.87', 2, '2.1900', '45.93', '43.74', '2.1900', 6.9),
(413, 1, 3, 4, 413, '20.97', 5, '5.2400', '110.09', '104.85', '5.2400', 7.8),
(414, 1, 11, 2, 414, '25.84', 3, '3.8800', '81.40', '77.52', '3.8800', 6.6),
(415, 1, 11, 5, 415, '50.93', 8, '20.3700', '427.81', '407.44', '20.3700', 9.2),
(416, 2, 11, 4, 412, '96.11', 1, '4.8100', '100.92', '96.11', '4.8100', 7.8),
(417, 3, 3, 5, 417, '45.38', 4, '9.0800', '190.60', '181.52', '9.0800', 8.7),
(418, 3, 2, 4, 413, '81.51', 1, '4.0800', '85.59', '81.51', '4.0800', 9.2),
(419, 2, 5, 4, 419, '57.22', 2, '5.7200', '120.16', '114.44', '5.7200', 8.3),
(420, 1, 2, 2, 420, '25.22', 7, '8.8300', '185.37', '176.54', '8.8300', 8.2),
(421, 3, 2, 3, 421, '38.60', 3, '5.7900', '121.59', '115.80', '5.7900', 7.5),
(422, 3, 1, 2, 422, '84.05', 3, '12.6100', '264.76', '252.15', '12.6100', 9.8),
(423, 3, 4, 1, 423, '97.21', 10, '48.6100', '1020.71', '972.10', '48.6100', 8.7),
(424, 2, 10, 1, 424, '25.42', 8, '10.1700', '213.53', '203.36', '10.1700', 6.7),
(425, 3, 7, 1, 425, '16.28', 1, '0.8100', '17.09', '16.28', '0.8100', 5.0),
(426, 2, 3, 1, 422, '40.61', 9, '18.2700', '383.76', '365.49', '18.2700', 7.0),
(427, 1, 3, 4, 427, '53.17', 7, '18.6100', '390.80', '372.19', '18.6100', 8.9),
(428, 2, 4, 3, 423, '20.87', 3, '3.1300', '65.74', '62.61', '3.1300', 8.0),
(429, 2, 7, 2, 429, '67.27', 5, '16.8200', '353.17', '336.35', '16.8200', 6.9),
(430, 1, 2, 5, 430, '90.65', 10, '45.3300', '951.83', '906.50', '45.3300', 7.3),
(431, 2, 9, 1, 431, '69.08', 2, '6.9100', '145.07', '138.16', '6.9100', 6.9),
(432, 3, 11, 3, 432, '43.27', 2, '4.3300', '90.87', '86.54', '4.3300', 5.7),
(433, 1, 5, 2, 433, '23.46', 6, '7.0400', '147.80', '140.76', '7.0400', 6.4),
(434, 2, 9, 1, 434, '95.54', 7, '33.4400', '702.22', '668.78', '33.4400', 9.6),
(435, 2, 3, 1, 435, '47.44', 1, '2.3700', '49.81', '47.44', '2.3700', 6.8),
(436, 3, 11, 2, 432, '99.24', 9, '44.6600', '937.82', '893.16', '44.6600', 9.0),
(437, 3, 12, 2, 437, '82.93', 4, '16.5900', '348.31', '331.72', '16.5900', 9.6),
(438, 1, 9, 5, 433, '33.99', 6, '10.2000', '214.14', '203.94', '10.2000', 7.7),
(439, 3, 12, 3, 439, '17.04', 4, '3.4100', '71.57', '68.16', '3.4100', 7.0),
(440, 3, 3, 2, 440, '40.86', 8, '16.3400', '343.22', '326.88', '16.3400', 6.5),
(441, 3, 3, 3, 441, '17.44', 5, '4.3600', '91.56', '87.20', '4.3600', 8.1),
(442, 2, 4, 2, 442, '88.43', 8, '35.3700', '742.81', '707.44', '35.3700', 4.3),
(443, 1, 4, 5, 443, '89.21', 9, '40.1400', '843.03', '802.89', '40.1400', 6.5),
(444, 3, 11, 1, 444, '12.78', 1, '0.6400', '13.42', '12.78', '0.6400', 9.5),
(445, 1, 1, 2, 445, '19.10', 7, '6.6900', '140.39', '133.70', '6.6900', 9.7),
(446, 2, 4, 4, 442, '19.15', 1, '0.9600', '20.11', '19.15', '0.9600', 9.5),
(447, 3, 10, 3, 447, '27.66', 10, '13.8300', '290.43', '276.60', '13.8300', 8.9),
(448, 3, 9, 1, 443, '45.74', 3, '6.8600', '144.08', '137.22', '6.8600', 6.5),
(449, 2, 4, 4, 449, '27.07', 1, '1.3500', '28.42', '27.07', '1.3500', 5.3),
(450, 2, 4, 2, 450, '39.12', 1, '1.9600', '41.08', '39.12', '1.9600', 9.6),
(451, 2, 1, 2, 451, '74.71', 6, '22.4100', '470.67', '448.26', '22.4100', 6.7),
(452, 2, 7, 2, 452, '22.01', 6, '6.6000', '138.66', '132.06', '6.6000', 7.6),
(453, 1, 5, 3, 453, '63.61', 5, '15.9000', '333.95', '318.05', '15.9000', 4.8),
(454, 1, 11, 4, 454, '25.00', 1, '1.2500', '26.25', '25.00', '1.2500', 5.5),
(455, 1, 3, 2, 455, '20.77', 4, '4.1500', '87.23', '83.08', '4.1500', 4.7),
(456, 2, 2, 1, 452, '29.56', 5, '7.3900', '155.19', '147.80', '7.3900', 6.9),
(457, 2, 4, 3, 457, '77.40', 9, '34.8300', '731.43', '696.60', '34.8300', 4.5),
(458, 2, 7, 2, 453, '79.39', 10, '39.7000', '833.60', '793.90', '39.7000', 6.2),
(459, 3, 2, 2, 459, '46.57', 10, '23.2900', '488.99', '465.70', '23.2900', 7.6),
(460, 3, 9, 3, 420, '35.89', 1, '1.7900', '37.68', '35.89', '1.7900', 7.9),
(461, 3, 7, 3, 421, '40.52', 5, '10.1300', '212.73', '202.60', '10.1300', 4.5),
(462, 2, 4, 3, 422, '73.05', 10, '36.5300', '767.03', '730.50', '36.5300', 8.7),
(463, 3, 1, 2, 423, '73.95', 4, '14.7900', '310.59', '295.80', '14.7900', 6.1),
(464, 3, 2, 3, 424, '22.62', 1, '1.1300', '23.75', '22.62', '1.1300', 6.4),
(465, 1, 10, 3, 425, '51.34', 5, '12.8400', '269.54', '256.70', '12.8400', 9.1),
(466, 3, 4, 2, 422, '54.55', 10, '27.2800', '572.78', '545.50', '27.2800', 7.1),
(467, 3, 4, 4, 427, '37.15', 7, '13.0000', '273.05', '260.05', '13.0000', 7.7),
(468, 2, 7, 2, 423, '37.02', 6, '11.1100', '233.23', '222.12', '11.1100', 4.5),
(469, 3, 11, 3, 429, '21.58', 1, '1.0800', '22.66', '21.58', '1.0800', 7.2),
(470, 3, 2, 2, 470, '98.84', 1, '4.9400', '103.78', '98.84', '4.9400', 8.4),
(471, 3, 2, 5, 471, '83.77', 6, '25.1300', '527.75', '502.62', '25.1300', 5.4),
(472, 1, 2, 2, 472, '40.05', 4, '8.0100', '168.21', '160.20', '8.0100', 9.7),
(473, 1, 10, 1, 473, '43.13', 10, '21.5700', '452.87', '431.30', '21.5700', 5.5),
(474, 2, 3, 4, 474, '72.57', 8, '29.0300', '609.59', '580.56', '29.0300', 4.6),
(475, 1, 2, 2, 475, '64.44', 5, '16.1100', '338.31', '322.20', '16.1100', 6.6),
(476, 1, 9, 4, 472, '65.18', 3, '9.7800', '205.32', '195.54', '9.7800', 6.3),
(477, 1, 3, 2, 477, '33.26', 5, '8.3200', '174.62', '166.30', '8.3200', 4.2),
(478, 3, 11, 2, 473, '84.07', 4, '16.8100', '353.09', '336.28', '16.8100', 4.4),
(479, 2, 11, 2, 479, '34.37', 10, '17.1900', '360.89', '343.70', '17.1900', 6.7),
(480, 1, 11, 2, 430, '38.60', 1, '1.9300', '40.53', '38.60', '1.9300', 6.7),
(481, 3, 7, 3, 431, '65.97', 8, '26.3900', '554.15', '527.76', '26.3900', 8.4),
(482, 3, 1, 2, 432, '32.80', 10, '16.4000', '344.40', '328.00', '16.4000', 6.2),
(483, 1, 11, 2, 433, '37.14', 5, '9.2900', '194.99', '185.70', '9.2900', 5.0),
(484, 2, 3, 5, 434, '60.38', 10, '30.1900', '633.99', '603.80', '30.1900', 6.0),
(485, 3, 4, 2, 435, '36.98', 10, '18.4900', '388.29', '369.80', '18.4900', 7.0),
(486, 2, 2, 2, 432, '49.49', 4, '9.9000', '207.86', '197.96', '9.9000', 6.6),
(487, 2, 1, 1, 437, '41.09', 10, '20.5500', '431.45', '410.90', '20.5500', 7.3),
(488, 1, 11, 1, 433, '37.15', 4, '7.4300', '156.03', '148.60', '7.4300', 8.3),
(489, 3, 7, 5, 439, '22.96', 1, '1.1500', '24.11', '22.96', '1.1500', 4.3),
(490, 2, 2, 5, 490, '77.68', 9, '34.9600', '734.08', '699.12', '34.9600', 9.8),
(491, 2, 5, 1, 491, '34.70', 2, '3.4700', '72.87', '69.40', '3.4700', 8.2),
(492, 1, 4, 1, 492, '19.66', 10, '9.8300', '206.43', '196.60', '9.8300', 7.2),
(493, 2, 2, 4, 493, '25.32', 8, '10.1300', '212.69', '202.56', '10.1300', 8.7),
(494, 3, 4, 5, 494, '12.12', 10, '6.0600', '127.26', '121.20', '6.0600', 8.4),
(495, 2, 11, 1, 495, '99.89', 2, '9.9900', '209.77', '199.78', '9.9900', 7.1),
(496, 2, 7, 2, 492, '75.92', 8, '30.3700', '637.73', '607.36', '30.3700', 5.5),
(497, 3, 1, 2, 497, '63.22', 2, '6.3200', '132.76', '126.44', '6.3200', 8.5),
(498, 3, 1, 3, 493, '90.24', 6, '27.0700', '568.51', '541.44', '27.0700', 6.2),
(499, 2, 2, 2, 499, '98.13', 1, '4.9100', '103.04', '98.13', '4.9100', 8.9),
(500, 1, 2, 2, 500, '51.52', 8, '20.6100', '432.77', '412.16', '20.6100', 9.6),
(501, 2, 10, 2, 501, '73.97', 1, '3.7000', '77.67', '73.97', '3.7000', 5.4),
(502, 3, 2, 1, 502, '31.90', 1, '1.6000', '33.50', '31.90', '1.6000', 9.1),
(503, 3, 11, 5, 503, '69.40', 2, '6.9400', '145.74', '138.80', '6.9400', 9.0),
(504, 2, 1, 2, 504, '93.31', 2, '9.3300', '195.95', '186.62', '9.3300', 6.3),
(505, 2, 9, 2, 505, '88.45', 1, '4.4200', '92.87', '88.45', '4.4200', 9.5),
(506, 1, 12, 2, 502, '24.18', 8, '9.6700', '203.11', '193.44', '9.6700', 9.8),
(507, 2, 2, 2, 507, '48.50', 3, '7.2800', '152.78', '145.50', '7.2800', 6.7),
(508, 2, 3, 3, 503, '84.05', 6, '25.2200', '529.52', '504.30', '25.2200', 7.7),
(509, 2, 3, 4, 509, '61.29', 5, '15.3200', '321.77', '306.45', '15.3200', 7.0),
(510, 3, 4, 5, 510, '15.95', 6, '4.7900', '100.49', '95.70', '4.7900', 5.1),
(511, 2, 4, 2, 511, '90.74', 7, '31.7600', '666.94', '635.18', '31.7600', 6.2),
(512, 1, 5, 5, 512, '42.91', 5, '10.7300', '225.28', '214.55', '10.7300', 6.1),
(513, 1, 5, 1, 513, '54.28', 7, '19.0000', '398.96', '379.96', '19.0000', 9.3),
(514, 1, 7, 2, 514, '99.55', 7, '34.8400', '731.69', '696.85', '34.8400', 7.6),
(515, 3, 10, 2, 515, '58.39', 7, '20.4400', '429.17', '408.73', '20.4400', 8.2),
(516, 3, 2, 1, 512, '51.47', 1, '2.5700', '54.04', '51.47', '2.5700', 8.5),
(517, 2, 12, 4, 517, '54.86', 5, '13.7200', '288.02', '274.30', '13.7200', 9.8),
(518, 3, 10, 5, 513, '39.39', 5, '9.8500', '206.80', '196.95', '9.8500', 8.7),
(519, 1, 11, 5, 519, '34.73', 2, '3.4700', '72.93', '69.46', '3.4700', 9.7),
(520, 3, 10, 2, 520, '71.92', 5, '17.9800', '377.58', '359.60', '17.9800', 4.3),
(521, 2, 3, 2, 521, '45.71', 3, '6.8600', '143.99', '137.13', '6.8600', 7.7),
(522, 3, 2, 5, 522, '83.17', 6, '24.9500', '523.97', '499.02', '24.9500', 7.3),
(523, 1, 4, 5, 523, '37.44', 6, '11.2300', '235.87', '224.64', '11.2300', 5.9),
(524, 3, 7, 4, 524, '62.87', 2, '6.2900', '132.03', '125.74', '6.2900', 5.0),
(525, 1, 9, 3, 525, '81.71', 6, '24.5100', '514.77', '490.26', '24.5100', 8.0),
(526, 1, 2, 2, 522, '91.41', 5, '22.8500', '479.90', '457.05', '22.8500', 7.1),
(527, 2, 9, 1, 527, '39.21', 4, '7.8400', '164.68', '156.84', '7.8400', 9.0),
(528, 2, 12, 1, 523, '59.86', 2, '5.9900', '125.71', '119.72', '5.9900', 6.7),
(529, 2, 4, 3, 529, '54.36', 10, '27.1800', '570.78', '543.60', '27.1800', 6.1),
(530, 1, 7, 2, 530, '98.09', 9, '44.1400', '926.95', '882.81', '44.1400', 9.3),
(531, 1, 11, 4, 531, '25.43', 6, '7.6300', '160.21', '152.58', '7.6300', 7.0),
(532, 1, 10, 1, 532, '86.68', 8, '34.6700', '728.11', '693.44', '34.6700', 7.2),
(533, 2, 11, 2, 533, '22.95', 10, '11.4800', '240.98', '229.50', '11.4800', 8.2),
(534, 3, 5, 3, 534, '16.31', 9, '7.3400', '154.13', '146.79', '7.3400', 8.4),
(535, 1, 5, 5, 535, '28.32', 5, '7.0800', '148.68', '141.60', '7.0800', 6.2),
(536, 3, 11, 5, 532, '16.67', 7, '5.8300', '122.52', '116.69', '5.8300', 7.4),
(537, 2, 4, 1, 537, '73.96', 1, '3.7000', '77.66', '73.96', '3.7000', 5.0),
(538, 1, 11, 5, 533, '97.94', 1, '4.9000', '102.84', '97.94', '4.9000', 6.9),
(539, 1, 3, 1, 539, '73.05', 4, '14.6100', '306.81', '292.20', '14.6100', 4.9),
(540, 3, 2, 3, 540, '87.48', 6, '26.2400', '551.12', '524.88', '26.2400', 5.1),
(541, 1, 11, 5, 541, '30.68', 3, '4.6000', '96.64', '92.04', '4.6000', 9.1),
(542, 3, 10, 4, 542, '75.88', 1, '3.7900', '79.67', '75.88', '3.7900', 7.1),
(543, 2, 4, 2, 543, '20.18', 4, '4.0400', '84.76', '80.72', '4.0400', 5.0),
(544, 3, 10, 2, 544, '18.77', 6, '5.6300', '118.25', '112.62', '5.6300', 5.5),
(545, 2, 3, 3, 545, '71.20', 1, '3.5600', '74.76', '71.20', '3.5600', 9.2),
(546, 2, 12, 5, 542, '38.81', 4, '7.7600', '163.00', '155.24', '7.7600', 4.9),
(547, 1, 5, 1, 547, '29.42', 10, '14.7100', '308.91', '294.20', '14.7100', 8.9),
(548, 1, 9, 2, 543, '60.95', 9, '27.4300', '575.98', '548.55', '27.4300', 6.0),
(549, 2, 1, 2, 549, '51.54', 5, '12.8900', '270.59', '257.70', '12.8900', 4.2),
(550, 1, 1, 2, 550, '66.06', 6, '19.8200', '416.18', '396.36', '19.8200', 7.3),
(551, 2, 11, 1, 551, '57.27', 3, '8.5900', '180.40', '171.81', '8.5900', 6.5),
(552, 2, 1, 1, 552, '54.31', 9, '24.4400', '513.23', '488.79', '24.4400', 8.9),
(553, 2, 1, 4, 553, '58.24', 9, '26.2100', '550.37', '524.16', '26.2100', 9.7),
(554, 3, 9, 2, 554, '22.21', 6, '6.6600', '139.92', '133.26', '6.6600', 8.6),
(555, 1, 3, 2, 555, '19.32', 7, '6.7600', '142.00', '135.24', '6.7600', 6.9),
(556, 2, 9, 5, 552, '37.48', 3, '5.6200', '118.06', '112.44', '5.6200', 7.7),
(557, 2, 2, 1, 557, '72.04', 2, '7.2000', '151.28', '144.08', '7.2000', 9.5),
(558, 3, 2, 3, 553, '98.52', 10, '49.2600', '1034.46', '985.20', '49.2600', 4.5),
(559, 1, 12, 3, 559, '41.66', 6, '12.5000', '262.46', '249.96', '12.5000', 5.6),
(560, 1, 2, 5, 520, '72.42', 3, '10.8600', '228.12', '217.26', '10.8600', 8.2),
(561, 2, 7, 2, 521, '21.58', 9, '9.7100', '203.93', '194.22', '9.7100', 7.3),
(562, 3, 9, 3, 522, '89.20', 10, '44.6000', '936.60', '892.00', '44.6000', 4.4),
(563, 2, 5, 2, 523, '42.42', 8, '16.9700', '356.33', '339.36', '16.9700', 5.7),
(564, 1, 12, 2, 524, '74.51', 6, '22.3500', '469.41', '447.06', '22.3500', 5.0),
(565, 2, 7, 1, 525, '99.25', 2, '9.9300', '208.43', '198.50', '9.9300', 9.0),
(566, 1, 3, 3, 522, '81.21', 10, '40.6100', '852.71', '812.10', '40.6100', 6.3),
(567, 3, 3, 2, 527, '49.33', 10, '24.6700', '517.97', '493.30', '24.6700', 9.4),
(568, 1, 1, 1, 523, '65.74', 9, '29.5800', '621.24', '591.66', '29.5800', 7.7),
(569, 2, 3, 1, 529, '79.86', 7, '27.9500', '586.97', '559.02', '27.9500', 5.5),
(570, 3, 5, 2, 570, '73.98', 7, '25.8900', '543.75', '517.86', '25.8900', 4.1),
(571, 2, 4, 5, 571, '82.04', 5, '20.5100', '430.71', '410.20', '20.5100', 7.6),
(572, 2, 3, 2, 572, '26.67', 10, '13.3400', '280.04', '266.70', '13.3400', 8.6),
(573, 1, 12, 3, 573, '10.13', 7, '3.5500', '74.46', '70.91', '3.5500', 8.3),
(574, 2, 9, 3, 574, '72.39', 2, '7.2400', '152.02', '144.78', '7.2400', 8.1),
(575, 1, 9, 2, 575, '85.91', 5, '21.4800', '451.03', '429.55', '21.4800', 8.6),
(576, 2, 12, 1, 572, '81.31', 7, '28.4600', '597.63', '569.17', '28.4600', 6.3),
(577, 2, 7, 3, 577, '60.30', 4, '12.0600', '253.26', '241.20', '12.0600', 5.8),
(578, 3, 11, 3, 573, '31.77', 4, '6.3500', '133.43', '127.08', '6.3500', 6.2),
(579, 1, 1, 4, 579, '64.27', 4, '12.8500', '269.93', '257.08', '12.8500', 7.7),
(580, 2, 11, 4, 530, '69.51', 2, '6.9500', '145.97', '139.02', '6.9500', 8.1),
(581, 3, 7, 3, 531, '27.22', 3, '4.0800', '85.74', '81.66', '4.0800', 7.3),
(582, 1, 2, 4, 532, '77.68', 4, '15.5400', '326.26', '310.72', '15.5400', 8.4),
(583, 3, 4, 1, 533, '92.98', 2, '9.3000', '195.26', '185.96', '9.3000', 8.0),
(584, 2, 4, 1, 534, '18.08', 4, '3.6200', '75.94', '72.32', '3.6200', 9.5),
(585, 2, 11, 2, 535, '63.06', 3, '9.4600', '198.64', '189.18', '9.4600', 7.0),
(586, 1, 9, 4, 532, '51.71', 4, '10.3400', '217.18', '206.84', '10.3400', 9.8),
(587, 1, 1, 3, 537, '52.34', 3, '7.8500', '164.87', '157.02', '7.8500', 9.2),
(588, 1, 5, 2, 533, '43.06', 5, '10.7700', '226.07', '215.30', '10.7700', 7.7),
(589, 3, 7, 1, 539, '59.61', 10, '29.8100', '625.91', '596.10', '29.8100', 5.3),
(590, 1, 7, 4, 590, '14.62', 5, '3.6600', '76.76', '73.10', '3.6600', 4.4),
(591, 3, 10, 4, 591, '46.53', 6, '13.9600', '293.14', '279.18', '13.9600', 4.3),
(592, 3, 2, 5, 592, '24.24', 7, '8.4800', '178.16', '169.68', '8.4800', 9.4),
(593, 1, 2, 2, 593, '45.58', 1, '2.2800', '47.86', '45.58', '2.2800', 9.8),
(594, 1, 2, 2, 594, '75.20', 3, '11.2800', '236.88', '225.60', '11.2800', 4.8),
(595, 2, 3, 2, 595, '96.80', 3, '14.5200', '304.92', '290.40', '14.5200', 5.3),
(596, 2, 9, 4, 592, '14.82', 3, '2.2200', '46.68', '44.46', '2.2200', 8.7),
(597, 1, 9, 3, 597, '52.20', 3, '7.8300', '164.43', '156.60', '7.8300', 9.5),
(598, 3, 5, 2, 593, '46.66', 9, '21.0000', '440.94', '419.94', '21.0000', 5.3),
(599, 3, 1, 1, 599, '36.85', 5, '9.2100', '193.46', '184.25', '9.2100', 9.2),
(600, 1, 2, 5, 200, '70.32', 2, '7.0300', '147.67', '140.64', '7.0300', 9.6),
(601, 3, 11, 2, 201, '83.08', 1, '4.1500', '87.23', '83.08', '4.1500', 6.4),
(602, 3, 3, 1, 202, '64.99', 1, '3.2500', '68.24', '64.99', '3.2500', 4.5),
(603, 3, 11, 3, 203, '77.56', 10, '38.7800', '814.38', '775.60', '38.7800', 6.9),
(604, 2, 5, 2, 204, '54.51', 6, '16.3500', '343.41', '327.06', '16.3500', 7.8),
(605, 3, 2, 1, 205, '51.89', 7, '18.1600', '381.39', '363.23', '18.1600', 4.5),
(606, 2, 7, 5, 202, '31.75', 4, '6.3500', '133.35', '127.00', '6.3500', 8.6),
(607, 1, 2, 1, 207, '53.65', 7, '18.7800', '394.33', '375.55', '18.7800', 5.2),
(608, 3, 4, 3, 203, '49.79', 4, '9.9600', '209.12', '199.16', '9.9600', 6.4),
(609, 1, 11, 1, 209, '30.61', 1, '1.5300', '32.14', '30.61', '1.5300', 5.2),
(610, 2, 12, 3, 210, '57.89', 2, '5.7900', '121.57', '115.78', '5.7900', 8.9),
(611, 1, 3, 2, 211, '28.96', 1, '1.4500', '30.41', '28.96', '1.4500', 6.2),
(612, 3, 2, 3, 212, '98.97', 9, '44.5400', '935.27', '890.73', '44.5400', 6.7),
(613, 2, 3, 1, 213, '93.22', 3, '13.9800', '293.64', '279.66', '13.9800', 7.2),
(614, 3, 10, 2, 214, '80.93', 1, '4.0500', '84.98', '80.93', '4.0500', 9.0),
(615, 1, 12, 3, 215, '67.45', 10, '33.7300', '708.23', '674.50', '33.7300', 4.2),
(616, 1, 2, 2, 212, '38.72', 9, '17.4200', '365.90', '348.48', '17.4200', 4.2),
(617, 2, 3, 2, 217, '72.60', 6, '21.7800', '457.38', '435.60', '21.7800', 6.9),
(618, 3, 12, 2, 213, '87.91', 5, '21.9800', '461.53', '439.55', '21.9800', 4.4),
(619, 1, 10, 3, 219, '98.53', 6, '29.5600', '620.74', '591.18', '29.5600', 4.0),
(620, 3, 2, 1, 220, '43.46', 6, '13.0400', '273.80', '260.76', '13.0400', 8.5),
(621, 1, 3, 3, 221, '71.68', 3, '10.7500', '225.79', '215.04', '10.7500', 9.2),
(622, 1, 2, 3, 222, '91.61', 1, '4.5800', '96.19', '91.61', '4.5800', 9.8),
(623, 2, 4, 5, 223, '94.59', 7, '33.1100', '695.24', '662.13', '33.1100', 4.9),
(624, 2, 3, 1, 224, '83.25', 10, '41.6300', '874.13', '832.50', '41.6300', 4.4),
(625, 2, 3, 1, 225, '91.35', 1, '4.5700', '95.92', '91.35', '4.5700', 6.8),
(626, 2, 2, 3, 222, '78.88', 2, '7.8900', '165.65', '157.76', '7.8900', 9.1),
(627, 1, 11, 2, 227, '60.87', 2, '6.0900', '127.83', '121.74', '6.0900', 8.7),
(628, 2, 3, 4, 223, '82.58', 10, '41.2900', '867.09', '825.80', '41.2900', 5.0),
(629, 1, 12, 5, 229, '53.30', 3, '8.0000', '167.90', '159.90', '8.0000', 7.5),
(630, 1, 3, 1, 230, '12.09', 1, '0.6000', '12.69', '12.09', '0.6000', 8.2),
(631, 1, 9, 2, 231, '64.19', 10, '32.1000', '674.00', '641.90', '32.1000', 6.7),
(632, 1, 11, 2, 232, '78.31', 3, '11.7500', '246.68', '234.93', '11.7500', 5.4),
(633, 1, 10, 3, 233, '83.77', 2, '8.3800', '175.92', '167.54', '8.3800', 7.0),
(634, 2, 11, 5, 234, '99.70', 3, '14.9600', '314.06', '299.10', '14.9600', 4.7),
(635, 2, 10, 3, 235, '79.91', 3, '11.9900', '251.72', '239.73', '11.9900', 5.0),
(636, 2, 10, 4, 232, '66.47', 10, '33.2400', '697.94', '664.70', '33.2400', 5.0),
(637, 1, 9, 4, 237, '28.95', 7, '10.1300', '212.78', '202.65', '10.1300', 6.0),
(638, 3, 1, 2, 233, '46.20', 1, '2.3100', '48.51', '46.20', '2.3100', 6.3),
(639, 2, 2, 3, 239, '17.63', 5, '4.4100', '92.56', '88.15', '4.4100', 8.5),
(640, 2, 11, 1, 240, '52.42', 3, '7.8600', '165.12', '157.26', '7.8600', 7.5),
(641, 2, 2, 3, 241, '98.79', 3, '14.8200', '311.19', '296.37', '14.8200', 6.4),
(642, 3, 2, 2, 242, '88.55', 8, '35.4200', '743.82', '708.40', '35.4200', 4.7),
(643, 2, 12, 2, 243, '55.67', 2, '5.5700', '116.91', '111.34', '5.5700', 6.0),
(644, 3, 4, 3, 244, '72.52', 8, '29.0100', '609.17', '580.16', '29.0100', 4.0),
(645, 3, 12, 2, 245, '12.05', 5, '3.0100', '63.26', '60.25', '3.0100', 5.5),
(646, 1, 12, 5, 242, '19.36', 9, '8.7100', '182.95', '174.24', '8.7100', 8.7),
(647, 3, 7, 4, 247, '70.21', 6, '21.0600', '442.32', '421.26', '21.0600', 7.4),
(648, 2, 3, 1, 243, '33.63', 1, '1.6800', '35.31', '33.63', '1.6800', 5.6);
INSERT INTO `fact_sale` (`ID_SALE`, `branch_id`, `customer_id`, `product_id`, `datetime_id`, `unit_price`, `quantity`, `five_percent_tax`, `total`, `cogs`, `gross_margin`, `rating`) VALUES
(649, 3, 2, 2, 249, '15.49', 2, '1.5500', '32.53', '30.98', '1.5500', 6.3),
(650, 3, 7, 2, 250, '24.74', 10, '12.3700', '259.77', '247.40', '12.3700', 7.1),
(651, 2, 11, 2, 251, '75.66', 5, '18.9200', '397.22', '378.30', '18.9200', 7.8),
(652, 2, 1, 4, 252, '55.81', 6, '16.7400', '351.60', '334.86', '16.7400', 9.9),
(653, 1, 3, 5, 253, '72.78', 10, '36.3900', '764.19', '727.80', '36.3900', 7.3),
(654, 2, 12, 2, 254, '37.32', 9, '16.7900', '352.67', '335.88', '16.7900', 5.1),
(655, 2, 10, 1, 255, '60.18', 4, '12.0400', '252.76', '240.72', '12.0400', 9.4),
(656, 1, 3, 2, 252, '15.69', 3, '2.3500', '49.42', '47.07', '2.3500', 5.8),
(657, 3, 3, 2, 257, '99.69', 1, '4.9800', '104.67', '99.69', '4.9800', 8.0),
(658, 1, 2, 1, 253, '88.15', 3, '13.2200', '277.67', '264.45', '13.2200', 7.9),
(659, 1, 2, 2, 259, '27.93', 5, '6.9800', '146.63', '139.65', '6.9800', 5.9),
(660, 1, 10, 1, 220, '55.45', 1, '2.7700', '58.22', '55.45', '2.7700', 4.9),
(661, 2, 1, 2, 221, '42.97', 3, '6.4500', '135.36', '128.91', '6.4500', 9.3),
(662, 3, 10, 2, 222, '17.14', 7, '6.0000', '125.98', '119.98', '6.0000', 7.9),
(663, 2, 4, 1, 223, '58.75', 6, '17.6300', '370.13', '352.50', '17.6300', 5.9),
(664, 3, 4, 3, 224, '87.10', 10, '43.5500', '914.55', '871.00', '43.5500', 9.9),
(665, 3, 1, 2, 225, '98.80', 2, '9.8800', '207.48', '197.60', '9.8800', 7.7),
(666, 1, 5, 1, 222, '48.63', 4, '9.7300', '204.25', '194.52', '9.7300', 7.6),
(667, 2, 12, 3, 227, '57.74', 3, '8.6600', '181.88', '173.22', '8.6600', 7.7),
(668, 2, 5, 4, 223, '17.97', 4, '3.5900', '75.47', '71.88', '3.5900', 6.4),
(669, 3, 2, 4, 229, '47.71', 6, '14.3100', '300.57', '286.26', '14.3100', 4.4),
(670, 2, 3, 2, 270, '40.62', 2, '4.0600', '85.30', '81.24', '4.0600', 4.1),
(671, 1, 12, 1, 271, '56.04', 10, '28.0200', '588.42', '560.40', '28.0200', 4.4),
(672, 2, 3, 3, 272, '93.40', 2, '9.3400', '196.14', '186.80', '9.3400', 5.5),
(673, 2, 5, 4, 273, '73.41', 3, '11.0100', '231.24', '220.23', '11.0100', 4.0),
(674, 3, 9, 4, 274, '33.64', 8, '13.4600', '282.58', '269.12', '13.4600', 9.3),
(675, 1, 3, 2, 275, '45.48', 10, '22.7400', '477.54', '454.80', '22.7400', 4.8),
(676, 2, 3, 1, 272, '83.77', 2, '8.3800', '175.92', '167.54', '8.3800', 4.6),
(677, 2, 4, 2, 277, '64.08', 7, '22.4300', '470.99', '448.56', '22.4300', 7.3),
(678, 1, 2, 3, 273, '73.47', 4, '14.6900', '308.57', '293.88', '14.6900', 6.0),
(679, 3, 11, 4, 279, '58.95', 10, '29.4800', '618.98', '589.50', '29.4800', 8.1),
(680, 1, 12, 3, 230, '48.50', 6, '14.5500', '305.55', '291.00', '14.5500', 9.4),
(681, 2, 2, 2, 231, '39.48', 1, '1.9700', '41.45', '39.48', '1.9700', 6.5),
(682, 2, 3, 2, 232, '34.81', 1, '1.7400', '36.55', '34.81', '1.7400', 7.0),
(683, 3, 5, 1, 233, '49.32', 6, '14.8000', '310.72', '295.92', '14.8000', 7.1),
(684, 1, 12, 1, 234, '21.48', 2, '2.1500', '45.11', '42.96', '2.1500', 6.6),
(685, 2, 2, 2, 235, '23.08', 6, '6.9200', '145.40', '138.48', '6.9200', 4.9),
(686, 2, 4, 5, 232, '49.10', 2, '4.9100', '103.11', '98.20', '4.9100', 6.4),
(687, 2, 4, 2, 237, '64.83', 2, '6.4800', '136.14', '129.66', '6.4800', 8.0),
(688, 1, 3, 5, 233, '63.56', 10, '31.7800', '667.38', '635.60', '31.7800', 4.3),
(689, 3, 3, 2, 239, '72.88', 2, '7.2900', '153.05', '145.76', '7.2900', 6.1),
(690, 1, 1, 3, 290, '67.10', 3, '10.0700', '211.37', '201.30', '10.0700', 7.5),
(691, 3, 2, 2, 291, '70.19', 9, '31.5900', '663.30', '631.71', '31.5900', 6.7),
(692, 3, 12, 3, 292, '55.04', 7, '19.2600', '404.54', '385.28', '19.2600', 5.2),
(693, 1, 3, 4, 293, '48.63', 10, '24.3200', '510.62', '486.30', '24.3200', 8.8),
(694, 3, 2, 1, 294, '73.38', 7, '25.6800', '539.34', '513.66', '25.6800', 9.5),
(695, 3, 1, 3, 295, '52.60', 9, '23.6700', '497.07', '473.40', '23.6700', 7.6),
(696, 1, 2, 5, 292, '87.37', 5, '21.8400', '458.69', '436.85', '21.8400', 6.6),
(697, 1, 2, 2, 297, '27.04', 4, '5.4100', '113.57', '108.16', '5.4100', 6.9),
(698, 2, 11, 5, 293, '62.19', 4, '12.4400', '261.20', '248.76', '12.4400', 4.3),
(699, 1, 10, 2, 299, '69.58', 9, '31.3100', '657.53', '626.22', '31.3100', 7.8),
(700, 3, 11, 5, 700, '97.50', 10, '48.7500', '1023.75', '975.00', '48.7500', 8.0),
(701, 3, 5, 1, 701, '60.41', 8, '24.1600', '507.44', '483.28', '24.1600', 9.6),
(702, 2, 9, 3, 702, '32.32', 3, '4.8500', '101.81', '96.96', '4.8500', 4.3),
(703, 2, 4, 1, 703, '19.77', 10, '9.8900', '207.59', '197.70', '9.8900', 5.0),
(704, 2, 3, 4, 704, '80.47', 9, '36.2100', '760.44', '724.23', '36.2100', 9.2),
(705, 2, 2, 5, 705, '88.39', 9, '39.7800', '835.29', '795.51', '39.7800', 6.3),
(706, 2, 7, 4, 702, '71.77', 7, '25.1200', '527.51', '502.39', '25.1200', 8.9),
(707, 2, 5, 2, 707, '43.00', 4, '8.6000', '180.60', '172.00', '8.6000', 7.6),
(708, 3, 3, 3, 703, '68.98', 1, '3.4500', '72.43', '68.98', '3.4500', 4.8),
(709, 3, 11, 1, 709, '15.62', 8, '6.2500', '131.21', '124.96', '6.2500', 9.1),
(710, 1, 11, 2, 710, '25.70', 3, '3.8600', '80.96', '77.10', '3.8600', 6.1),
(711, 1, 3, 3, 711, '80.62', 6, '24.1900', '507.91', '483.72', '24.1900', 9.1),
(712, 3, 2, 5, 712, '75.53', 4, '15.1100', '317.23', '302.12', '15.1100', 8.3),
(713, 3, 5, 2, 713, '77.63', 9, '34.9300', '733.60', '698.67', '34.9300', 7.2),
(714, 3, 5, 4, 714, '13.85', 9, '6.2300', '130.88', '124.65', '6.2300', 6.0),
(715, 3, 12, 1, 715, '98.70', 8, '39.4800', '829.08', '789.60', '39.4800', 8.5),
(716, 1, 3, 4, 712, '35.68', 5, '8.9200', '187.32', '178.40', '8.9200', 6.6),
(717, 1, 2, 1, 717, '71.46', 7, '25.0100', '525.23', '500.22', '25.0100', 4.5),
(718, 1, 10, 2, 713, '11.94', 3, '1.7900', '37.61', '35.82', '1.7900', 8.1),
(719, 1, 9, 1, 719, '45.38', 3, '6.8100', '142.95', '136.14', '6.8100', 7.2),
(720, 2, 4, 1, 720, '17.48', 6, '5.2400', '110.12', '104.88', '5.2400', 6.1),
(721, 2, 1, 1, 721, '25.56', 7, '8.9500', '187.87', '178.92', '8.9500', 7.1),
(722, 3, 2, 2, 722, '90.63', 9, '40.7800', '856.45', '815.67', '40.7800', 5.1),
(723, 2, 9, 5, 723, '44.12', 3, '6.6200', '138.98', '132.36', '6.6200', 7.9),
(724, 3, 2, 3, 724, '36.77', 7, '12.8700', '270.26', '257.39', '12.8700', 7.4),
(725, 2, 12, 3, 725, '23.34', 4, '4.6700', '98.03', '93.36', '4.6700', 7.4),
(726, 3, 2, 4, 722, '28.50', 8, '11.4000', '239.40', '228.00', '11.4000', 6.6),
(727, 3, 10, 5, 727, '55.57', 3, '8.3400', '175.05', '166.71', '8.3400', 5.9),
(728, 2, 9, 2, 723, '69.74', 10, '34.8700', '732.27', '697.40', '34.8700', 8.9),
(729, 3, 11, 1, 729, '97.26', 4, '19.4500', '408.49', '389.04', '19.4500', 6.8),
(730, 2, 2, 5, 730, '52.18', 7, '18.2600', '383.52', '365.26', '18.2600', 9.3),
(731, 1, 4, 1, 731, '22.32', 4, '4.4600', '93.74', '89.28', '4.4600', 4.4),
(732, 1, 11, 4, 732, '56.00', 3, '8.4000', '176.40', '168.00', '8.4000', 4.8),
(733, 1, 12, 1, 733, '19.70', 1, '0.9900', '20.69', '19.70', '0.9900', 9.5),
(734, 2, 11, 2, 734, '75.88', 7, '26.5600', '557.72', '531.16', '26.5600', 8.9),
(735, 2, 12, 3, 735, '53.72', 1, '2.6900', '56.41', '53.72', '2.6900', 6.4),
(736, 3, 10, 4, 732, '81.95', 10, '40.9800', '860.48', '819.50', '40.9800', 6.0),
(737, 3, 4, 5, 737, '81.20', 7, '28.4200', '596.82', '568.40', '28.4200', 8.1),
(738, 3, 11, 2, 733, '58.76', 10, '29.3800', '616.98', '587.60', '29.3800', 9.0),
(739, 2, 12, 2, 739, '91.56', 8, '36.6200', '769.10', '732.48', '36.6200', 6.0),
(740, 1, 7, 5, 740, '93.96', 9, '42.2800', '887.92', '845.64', '42.2800', 9.8),
(741, 3, 7, 5, 741, '55.61', 7, '19.4600', '408.73', '389.27', '19.4600', 8.5),
(742, 3, 11, 3, 742, '84.83', 1, '4.2400', '89.07', '84.83', '4.2400', 8.8),
(743, 1, 2, 2, 743, '71.63', 2, '7.1600', '150.42', '143.26', '7.1600', 8.8),
(744, 1, 12, 5, 744, '37.69', 2, '3.7700', '79.15', '75.38', '3.7700', 9.5),
(745, 3, 4, 2, 745, '31.67', 8, '12.6700', '266.03', '253.36', '12.6700', 5.6),
(746, 3, 2, 3, 742, '38.42', 1, '1.9200', '40.34', '38.42', '1.9200', 8.6),
(747, 2, 10, 1, 747, '65.23', 10, '32.6200', '684.92', '652.30', '32.6200', 5.2),
(748, 3, 4, 5, 743, '10.53', 5, '2.6300', '55.28', '52.65', '2.6300', 5.8),
(749, 2, 4, 5, 749, '12.29', 9, '5.5300', '116.14', '110.61', '5.5300', 8.0),
(750, 3, 3, 4, 750, '81.23', 7, '28.4300', '597.04', '568.61', '28.4300', 9.0),
(751, 2, 2, 1, 751, '22.32', 4, '4.4600', '93.74', '89.28', '4.4600', 4.1),
(752, 1, 3, 3, 752, '27.28', 5, '6.8200', '143.22', '136.40', '6.8200', 8.6),
(753, 1, 2, 2, 753, '17.42', 10, '8.7100', '182.91', '174.20', '8.7100', 7.0),
(754, 2, 11, 5, 754, '73.28', 5, '18.3200', '384.72', '366.40', '18.3200', 8.4),
(755, 3, 2, 1, 755, '84.87', 3, '12.7300', '267.34', '254.61', '12.7300', 7.4),
(756, 1, 3, 1, 752, '97.29', 8, '38.9200', '817.24', '778.32', '38.9200', 6.2),
(757, 2, 2, 2, 757, '35.74', 8, '14.3000', '300.22', '285.92', '14.3000', 4.9),
(758, 1, 1, 5, 753, '96.52', 6, '28.9600', '608.08', '579.12', '28.9600', 4.5),
(759, 1, 12, 3, 759, '18.85', 10, '9.4300', '197.93', '188.50', '9.4300', 5.6),
(760, 1, 5, 3, 720, '55.39', 4, '11.0800', '232.64', '221.56', '11.0800', 8.0),
(761, 2, 4, 3, 721, '77.20', 10, '38.6000', '810.60', '772.00', '38.6000', 5.6),
(762, 2, 9, 2, 722, '72.13', 10, '36.0700', '757.37', '721.30', '36.0700', 4.2),
(763, 1, 2, 1, 723, '63.88', 8, '25.5500', '536.59', '511.04', '25.5500', 9.9),
(764, 1, 2, 4, 724, '10.69', 5, '2.6700', '56.12', '53.45', '2.6700', 7.6),
(765, 1, 10, 4, 725, '55.50', 4, '11.1000', '233.10', '222.00', '11.1000', 6.6),
(766, 2, 5, 5, 722, '95.46', 8, '38.1800', '801.86', '763.68', '38.1800', 4.7),
(767, 3, 3, 1, 727, '76.06', 3, '11.4100', '239.59', '228.18', '11.4100', 9.8),
(768, 2, 7, 2, 723, '13.69', 6, '4.1100', '86.25', '82.14', '4.1100', 6.3),
(769, 2, 1, 2, 729, '95.64', 4, '19.1300', '401.69', '382.56', '19.1300', 7.9),
(770, 1, 1, 5, 770, '11.43', 6, '3.4300', '72.01', '68.58', '3.4300', 7.7),
(771, 2, 2, 2, 771, '95.54', 4, '19.1100', '401.27', '382.16', '19.1100', 4.5),
(772, 3, 4, 4, 772, '85.87', 7, '30.0500', '631.14', '601.09', '30.0500', 8.0),
(773, 3, 2, 2, 773, '67.99', 7, '23.8000', '499.73', '475.93', '23.8000', 5.7),
(774, 3, 3, 3, 774, '52.42', 1, '2.6200', '55.04', '52.42', '2.6200', 6.3),
(775, 3, 3, 3, 775, '65.65', 2, '6.5700', '137.87', '131.30', '6.5700', 6.0),
(776, 2, 3, 3, 772, '28.86', 5, '7.2200', '151.52', '144.30', '7.2200', 8.0),
(777, 3, 10, 4, 777, '65.31', 7, '22.8600', '480.03', '457.17', '22.8600', 4.2),
(778, 2, 7, 2, 773, '93.38', 1, '4.6700', '98.05', '93.38', '4.6700', 9.6),
(779, 3, 3, 2, 779, '25.25', 5, '6.3100', '132.56', '126.25', '6.3100', 6.1),
(780, 2, 12, 2, 730, '87.87', 9, '39.5400', '830.37', '790.83', '39.5400', 5.6),
(781, 3, 7, 4, 731, '21.80', 8, '8.7200', '183.12', '174.40', '8.7200', 8.3),
(782, 1, 5, 2, 732, '94.76', 4, '18.9500', '397.99', '379.04', '18.9500', 7.8),
(783, 1, 4, 1, 733, '30.62', 1, '1.5300', '32.15', '30.62', '1.5300', 4.1),
(784, 3, 1, 5, 734, '44.01', 8, '17.6000', '369.68', '352.08', '17.6000', 8.8),
(785, 3, 2, 4, 735, '10.16', 5, '2.5400', '53.34', '50.80', '2.5400', 4.1),
(786, 1, 9, 2, 732, '74.58', 7, '26.1000', '548.16', '522.06', '26.1000', 9.0),
(787, 3, 11, 2, 737, '71.89', 8, '28.7600', '603.88', '575.12', '28.7600', 5.5),
(788, 3, 3, 4, 733, '10.99', 5, '2.7500', '57.70', '54.95', '2.7500', 9.3),
(789, 3, 10, 4, 739, '60.47', 3, '9.0700', '190.48', '181.41', '9.0700', 5.6),
(790, 1, 11, 2, 790, '58.91', 7, '20.6200', '432.99', '412.37', '20.6200', 9.7),
(791, 1, 9, 1, 791, '46.41', 1, '2.3200', '48.73', '46.41', '2.3200', 4.0),
(792, 3, 10, 4, 792, '68.55', 4, '13.7100', '287.91', '274.20', '13.7100', 9.2),
(793, 2, 3, 5, 793, '97.37', 10, '48.6900', '1022.39', '973.70', '48.6900', 4.9),
(794, 1, 10, 2, 794, '92.60', 7, '32.4100', '680.61', '648.20', '32.4100', 9.3),
(795, 1, 3, 2, 795, '46.61', 2, '4.6600', '97.88', '93.22', '4.6600', 6.6),
(796, 2, 11, 1, 792, '27.18', 2, '2.7200', '57.08', '54.36', '2.7200', 4.3),
(797, 3, 2, 5, 797, '60.87', 1, '3.0400', '63.91', '60.87', '3.0400', 5.5),
(798, 1, 2, 2, 793, '24.49', 10, '12.2500', '257.15', '244.90', '12.2500', 8.1),
(799, 2, 9, 4, 799, '92.78', 1, '4.6400', '97.42', '92.78', '4.6400', 9.8),
(800, 3, 12, 5, 300, '86.69', 5, '21.6700', '455.12', '433.45', '21.6700', 9.4),
(801, 2, 11, 2, 301, '23.01', 6, '6.9000', '144.96', '138.06', '6.9000', 7.9),
(802, 3, 2, 2, 302, '30.20', 8, '12.0800', '253.68', '241.60', '12.0800', 5.1),
(803, 3, 12, 1, 303, '67.39', 7, '23.5900', '495.32', '471.73', '23.5900', 6.9),
(804, 1, 2, 1, 304, '48.96', 9, '22.0300', '462.67', '440.64', '22.0300', 8.0),
(805, 2, 2, 2, 305, '75.59', 9, '34.0200', '714.33', '680.31', '34.0200', 8.0),
(806, 1, 1, 5, 302, '77.47', 4, '15.4900', '325.37', '309.88', '15.4900', 4.2),
(807, 1, 3, 2, 307, '93.18', 2, '9.3200', '195.68', '186.36', '9.3200', 8.5),
(808, 1, 1, 2, 303, '50.23', 4, '10.0500', '210.97', '200.92', '10.0500', 9.0),
(809, 2, 1, 4, 309, '17.75', 1, '0.8900', '18.64', '17.75', '0.8900', 8.6),
(810, 3, 5, 1, 310, '62.18', 10, '31.0900', '652.89', '621.80', '31.0900', 6.0),
(811, 2, 11, 4, 311, '10.75', 8, '4.3000', '90.30', '86.00', '4.3000', 6.2),
(812, 1, 3, 2, 312, '40.26', 10, '20.1300', '422.73', '402.60', '20.1300', 5.0),
(813, 3, 4, 2, 313, '64.97', 5, '16.2400', '341.09', '324.85', '16.2400', 6.5),
(814, 1, 7, 2, 314, '95.15', 1, '4.7600', '99.91', '95.15', '4.7600', 6.0),
(815, 1, 2, 2, 315, '48.62', 8, '19.4500', '408.41', '388.96', '19.4500', 5.0),
(816, 2, 5, 3, 312, '53.21', 8, '21.2800', '446.96', '425.68', '21.2800', 5.0),
(817, 3, 1, 1, 317, '45.44', 7, '15.9000', '333.98', '318.08', '15.9000', 9.2),
(818, 1, 11, 3, 313, '33.88', 8, '13.5500', '284.59', '271.04', '13.5500', 9.6),
(819, 2, 10, 4, 319, '96.16', 4, '19.2300', '403.87', '384.64', '19.2300', 8.4),
(820, 2, 10, 3, 320, '47.16', 5, '11.7900', '247.59', '235.80', '11.7900', 6.0),
(821, 2, 11, 2, 321, '52.89', 4, '10.5800', '222.14', '211.56', '10.5800', 6.7),
(822, 1, 4, 5, 322, '47.68', 2, '4.7700', '100.13', '95.36', '4.7700', 4.1),
(823, 3, 3, 2, 323, '10.17', 1, '0.5100', '10.68', '10.17', '0.5100', 5.9),
(824, 1, 1, 4, 324, '68.71', 3, '10.3100', '216.44', '206.13', '10.3100', 8.7),
(825, 2, 4, 2, 325, '60.08', 7, '21.0300', '441.59', '420.56', '21.0300', 4.5),
(826, 1, 4, 2, 322, '22.01', 4, '4.4000', '92.44', '88.04', '4.4000', 6.6),
(827, 2, 4, 4, 327, '72.11', 9, '32.4500', '681.44', '648.99', '32.4500', 7.7),
(828, 1, 10, 1, 323, '41.28', 3, '6.1900', '130.03', '123.84', '6.1900', 8.5),
(829, 3, 7, 2, 329, '64.95', 10, '32.4800', '681.98', '649.50', '32.4800', 5.2),
(830, 1, 4, 2, 330, '74.22', 10, '37.1100', '779.31', '742.20', '37.1100', 4.3),
(831, 1, 7, 2, 331, '10.56', 8, '4.2200', '88.70', '84.48', '4.2200', 7.6),
(832, 2, 7, 4, 332, '62.57', 4, '12.5100', '262.79', '250.28', '12.5100', 9.5),
(833, 2, 2, 2, 333, '11.85', 8, '4.7400', '99.54', '94.80', '4.7400', 4.1),
(834, 1, 12, 4, 334, '91.30', 1, '4.5700', '95.87', '91.30', '4.5700', 9.2),
(835, 2, 2, 5, 335, '40.73', 7, '14.2600', '299.37', '285.11', '14.2600', 5.4),
(836, 1, 7, 1, 332, '52.38', 1, '2.6200', '55.00', '52.38', '2.6200', 5.8),
(837, 1, 12, 1, 337, '38.54', 5, '9.6400', '202.34', '192.70', '9.6400', 5.6),
(838, 2, 9, 2, 333, '44.63', 6, '13.3900', '281.17', '267.78', '13.3900', 5.1),
(839, 3, 7, 2, 339, '55.87', 10, '27.9400', '586.64', '558.70', '27.9400', 5.8),
(840, 3, 2, 2, 340, '29.22', 6, '8.7700', '184.09', '175.32', '8.7700', 5.0),
(841, 1, 7, 1, 341, '51.94', 3, '7.7900', '163.61', '155.82', '7.7900', 7.9),
(842, 2, 7, 2, 342, '60.30', 1, '3.0200', '63.32', '60.30', '3.0200', 6.0),
(843, 1, 4, 2, 343, '39.47', 2, '3.9500', '82.89', '78.94', '3.9500', 5.0),
(844, 3, 4, 3, 344, '14.87', 2, '1.4900', '31.23', '29.74', '1.4900', 8.9),
(845, 1, 7, 1, 345, '21.32', 1, '1.0700', '22.39', '21.32', '1.0700', 5.9),
(846, 1, 10, 2, 342, '93.78', 3, '14.0700', '295.41', '281.34', '14.0700', 5.9),
(847, 1, 12, 2, 347, '73.26', 1, '3.6600', '76.92', '73.26', '3.6600', 9.7),
(848, 3, 3, 2, 343, '22.38', 1, '1.1200', '23.50', '22.38', '1.1200', 8.6),
(849, 3, 2, 3, 349, '72.88', 9, '32.8000', '688.72', '655.92', '32.8000', 4.0),
(850, 1, 1, 1, 350, '99.10', 6, '29.7300', '624.33', '594.60', '29.7300', 4.2),
(851, 1, 7, 1, 351, '74.10', 1, '3.7100', '77.81', '74.10', '3.7100', 9.2),
(852, 1, 5, 1, 352, '98.48', 2, '9.8500', '206.81', '196.96', '9.8500', 9.2),
(853, 3, 11, 4, 353, '53.19', 7, '18.6200', '390.95', '372.33', '18.6200', 5.0),
(854, 2, 5, 2, 354, '52.79', 10, '26.4000', '554.30', '527.90', '26.4000', 10.0),
(855, 1, 2, 4, 355, '95.95', 5, '23.9900', '503.74', '479.75', '23.9900', 8.8),
(856, 2, 1, 1, 352, '36.51', 9, '16.4300', '345.02', '328.59', '16.4300', 4.2),
(857, 2, 7, 3, 357, '21.12', 8, '8.4500', '177.41', '168.96', '8.4500', 6.3),
(858, 1, 2, 5, 353, '28.31', 4, '5.6600', '118.90', '113.24', '5.6600', 8.2),
(859, 2, 7, 4, 359, '57.59', 6, '17.2800', '362.82', '345.54', '17.2800', 5.1),
(860, 1, 2, 3, 320, '47.63', 9, '21.4300', '450.10', '428.67', '21.4300', 5.0),
(861, 3, 2, 5, 321, '86.27', 1, '4.3100', '90.58', '86.27', '4.3100', 7.0),
(862, 1, 12, 2, 322, '12.76', 2, '1.2800', '26.80', '25.52', '1.2800', 7.8),
(863, 2, 3, 5, 323, '11.28', 9, '5.0800', '106.60', '101.52', '5.0800', 4.3),
(864, 2, 1, 5, 324, '51.07', 7, '17.8700', '375.36', '357.49', '17.8700', 7.0),
(865, 1, 2, 2, 325, '79.59', 3, '11.9400', '250.71', '238.77', '11.9400', 6.6),
(866, 3, 12, 4, 322, '33.81', 3, '5.0700', '106.50', '101.43', '5.0700', 7.3),
(867, 2, 10, 2, 327, '90.53', 8, '36.2100', '760.45', '724.24', '36.2100', 6.5),
(868, 3, 2, 4, 323, '62.82', 2, '6.2800', '131.92', '125.64', '6.2800', 4.9),
(869, 3, 10, 3, 329, '24.31', 3, '3.6500', '76.58', '72.93', '3.6500', 4.3),
(870, 1, 11, 2, 370, '64.59', 4, '12.9200', '271.28', '258.36', '12.9200', 9.3),
(871, 1, 10, 3, 371, '24.82', 7, '8.6900', '182.43', '173.74', '8.6900', 7.1),
(872, 3, 11, 1, 372, '56.50', 1, '2.8300', '59.33', '56.50', '2.8300', 9.6),
(873, 2, 2, 2, 373, '21.43', 10, '10.7200', '225.02', '214.30', '10.7200', 6.2),
(874, 1, 3, 2, 374, '89.06', 6, '26.7200', '561.08', '534.36', '26.7200', 9.9),
(875, 1, 10, 5, 375, '23.29', 4, '4.6600', '97.82', '93.16', '4.6600', 5.9),
(876, 3, 11, 5, 372, '65.26', 8, '26.1000', '548.18', '522.08', '26.1000', 6.3),
(877, 3, 3, 1, 377, '52.35', 1, '2.6200', '54.97', '52.35', '2.6200', 4.0),
(878, 2, 3, 2, 373, '39.75', 1, '1.9900', '41.74', '39.75', '1.9900', 6.1),
(879, 1, 3, 2, 379, '90.02', 8, '36.0100', '756.17', '720.16', '36.0100', 4.5),
(880, 2, 2, 2, 330, '12.10', 8, '4.8400', '101.64', '96.80', '4.8400', 8.6),
(881, 2, 2, 3, 331, '33.21', 10, '16.6100', '348.71', '332.10', '16.6100', 6.0),
(882, 3, 4, 1, 332, '10.18', 8, '4.0700', '85.51', '81.44', '4.0700', 9.5),
(883, 2, 10, 2, 333, '31.99', 10, '16.0000', '335.90', '319.90', '16.0000', 9.9),
(884, 1, 2, 5, 334, '34.42', 6, '10.3300', '216.85', '206.52', '10.3300', 7.5),
(885, 1, 2, 3, 335, '83.34', 2, '8.3300', '175.01', '166.68', '8.3300', 7.6),
(886, 1, 7, 2, 332, '45.58', 7, '15.9500', '335.01', '319.06', '15.9500', 5.0),
(887, 1, 12, 3, 337, '87.90', 1, '4.4000', '92.30', '87.90', '4.4000', 6.7),
(888, 1, 2, 2, 333, '73.47', 10, '36.7400', '771.44', '734.70', '36.7400', 9.5),
(889, 3, 5, 1, 339, '12.19', 8, '4.8800', '102.40', '97.52', '4.8800', 6.8),
(890, 1, 12, 2, 390, '76.92', 10, '38.4600', '807.66', '769.20', '38.4600', 5.6),
(891, 3, 1, 4, 391, '83.66', 5, '20.9200', '439.22', '418.30', '20.9200', 7.2),
(892, 2, 1, 2, 392, '57.91', 8, '23.1600', '486.44', '463.28', '23.1600', 8.1),
(893, 3, 4, 1, 393, '92.49', 5, '23.1200', '485.57', '462.45', '23.1200', 8.6),
(894, 2, 7, 2, 394, '28.38', 5, '7.1000', '149.00', '141.90', '7.1000', 9.4),
(895, 2, 10, 2, 395, '50.45', 6, '15.1400', '317.84', '302.70', '15.1400', 8.9),
(896, 2, 9, 4, 392, '99.16', 8, '39.6600', '832.94', '793.28', '39.6600', 4.2),
(897, 3, 11, 1, 397, '60.74', 7, '21.2600', '446.44', '425.18', '21.2600', 5.0),
(898, 3, 2, 3, 393, '47.27', 6, '14.1800', '297.80', '283.62', '14.1800', 8.8),
(899, 3, 3, 4, 399, '85.60', 7, '29.9600', '629.16', '599.20', '29.9600', 5.3),
(900, 1, 12, 3, 900, '35.04', 9, '15.7700', '331.13', '315.36', '15.7700', 4.6),
(901, 3, 4, 2, 901, '44.84', 9, '20.1800', '423.74', '403.56', '20.1800', 7.5),
(902, 2, 11, 5, 902, '45.97', 4, '9.1900', '193.07', '183.88', '9.1900', 5.1),
(903, 1, 4, 4, 903, '27.73', 5, '6.9300', '145.58', '138.65', '6.9300', 4.2),
(904, 1, 7, 3, 904, '11.53', 7, '4.0400', '84.75', '80.71', '4.0400', 8.1),
(905, 3, 5, 4, 905, '58.32', 2, '5.8300', '122.47', '116.64', '5.8300', 6.0),
(906, 3, 2, 5, 902, '78.38', 4, '15.6800', '329.20', '313.52', '15.6800', 7.9),
(907, 3, 9, 4, 907, '84.61', 10, '42.3100', '888.41', '846.10', '42.3100', 8.8),
(908, 2, 3, 4, 903, '82.88', 5, '20.7200', '435.12', '414.40', '20.7200', 6.6),
(909, 1, 2, 3, 909, '79.54', 2, '7.9500', '167.03', '159.08', '7.9500', 6.2),
(910, 2, 3, 5, 910, '49.01', 10, '24.5100', '514.61', '490.10', '24.5100', 4.2),
(911, 2, 4, 3, 911, '29.15', 3, '4.3700', '91.82', '87.45', '4.3700', 7.3),
(912, 3, 5, 2, 912, '56.13', 4, '11.2300', '235.75', '224.52', '11.2300', 8.6),
(913, 1, 1, 5, 913, '93.12', 8, '37.2500', '782.21', '744.96', '37.2500', 6.8),
(914, 1, 12, 1, 914, '51.34', 8, '20.5400', '431.26', '410.72', '20.5400', 7.6),
(915, 1, 2, 3, 915, '99.60', 3, '14.9400', '313.74', '298.80', '14.9400', 5.8),
(916, 3, 1, 2, 912, '35.49', 6, '10.6500', '223.59', '212.94', '10.6500', 4.1),
(917, 3, 10, 2, 917, '42.85', 1, '2.1400', '44.99', '42.85', '2.1400', 9.3),
(918, 1, 1, 1, 913, '94.67', 4, '18.9300', '397.61', '378.68', '18.9300', 6.8),
(919, 2, 11, 5, 919, '68.97', 3, '10.3500', '217.26', '206.91', '10.3500', 8.7),
(920, 2, 2, 2, 920, '26.26', 3, '3.9400', '82.72', '78.78', '3.9400', 6.3),
(921, 3, 4, 5, 921, '35.79', 9, '16.1100', '338.22', '322.11', '16.1100', 5.1),
(922, 2, 1, 5, 922, '16.37', 6, '4.9100', '103.13', '98.22', '4.9100', 7.0),
(923, 3, 4, 5, 923, '12.73', 2, '1.2700', '26.73', '25.46', '1.2700', 5.2),
(924, 3, 3, 2, 924, '83.14', 7, '29.1000', '611.08', '581.98', '29.1000', 6.6),
(925, 3, 2, 2, 925, '35.22', 6, '10.5700', '221.89', '211.32', '10.5700', 6.5),
(926, 2, 5, 2, 922, '13.78', 4, '2.7600', '57.88', '55.12', '2.7600', 9.0),
(927, 2, 10, 2, 927, '88.31', 1, '4.4200', '92.73', '88.31', '4.4200', 5.2),
(928, 1, 4, 4, 923, '39.62', 9, '17.8300', '374.41', '356.58', '17.8300', 6.8),
(929, 2, 3, 2, 929, '88.25', 9, '39.7100', '833.96', '794.25', '39.7100', 7.6),
(930, 2, 11, 2, 930, '25.31', 2, '2.5300', '53.15', '50.62', '2.5300', 7.2),
(931, 2, 11, 5, 931, '99.92', 6, '29.9800', '629.50', '599.52', '29.9800', 7.1),
(932, 3, 4, 1, 932, '83.35', 2, '8.3400', '175.04', '166.70', '8.3400', 9.5),
(933, 1, 5, 3, 933, '74.44', 10, '37.2200', '781.62', '744.40', '37.2200', 5.1),
(934, 3, 11, 4, 934, '64.08', 7, '22.4300', '470.99', '448.56', '22.4300', 7.6),
(935, 2, 5, 5, 935, '63.15', 6, '18.9500', '397.85', '378.90', '18.9500', 9.8),
(936, 3, 12, 5, 932, '85.72', 3, '12.8600', '270.02', '257.16', '12.8600', 5.1),
(937, 3, 5, 4, 937, '78.89', 7, '27.6100', '579.84', '552.23', '27.6100', 7.5),
(938, 1, 1, 2, 933, '89.48', 5, '22.3700', '469.77', '447.40', '22.3700', 7.4),
(939, 1, 2, 4, 939, '92.09', 3, '13.8100', '290.08', '276.27', '13.8100', 4.2),
(940, 3, 5, 3, 940, '57.29', 6, '17.1900', '360.93', '343.74', '17.1900', 5.9),
(941, 1, 11, 3, 941, '66.52', 4, '13.3000', '279.38', '266.08', '13.3000', 6.9),
(942, 3, 3, 1, 942, '99.82', 9, '44.9200', '943.30', '898.38', '44.9200', 6.6),
(943, 1, 5, 5, 943, '45.68', 10, '22.8400', '479.64', '456.80', '22.8400', 5.7),
(944, 1, 9, 4, 944, '50.79', 5, '12.7000', '266.65', '253.95', '12.7000', 5.3),
(945, 1, 3, 4, 945, '10.08', 7, '3.5300', '74.09', '70.56', '3.5300', 4.2),
(946, 1, 3, 2, 942, '93.88', 7, '32.8600', '690.02', '657.16', '32.8600', 7.3),
(947, 3, 10, 2, 947, '84.25', 2, '8.4300', '176.93', '168.50', '8.4300', 5.3),
(948, 2, 12, 1, 943, '53.78', 1, '2.6900', '56.47', '53.78', '2.6900', 4.7),
(949, 3, 12, 5, 949, '35.81', 5, '8.9500', '188.00', '179.05', '8.9500', 7.9),
(950, 2, 5, 3, 950, '26.43', 8, '10.5700', '222.01', '211.44', '10.5700', 8.9),
(951, 2, 12, 4, 951, '39.91', 3, '5.9900', '125.72', '119.73', '5.9900', 9.3),
(952, 2, 2, 5, 952, '21.90', 3, '3.2900', '68.99', '65.70', '3.2900', 4.7),
(953, 2, 2, 3, 953, '62.85', 4, '12.5700', '263.97', '251.40', '12.5700', 8.7),
(954, 3, 2, 3, 954, '21.04', 4, '4.2100', '88.37', '84.16', '4.2100', 7.6),
(955, 2, 3, 5, 955, '65.91', 6, '19.7700', '415.23', '395.46', '19.7700', 5.7),
(956, 1, 1, 1, 952, '42.57', 7, '14.9000', '312.89', '297.99', '14.9000', 6.8),
(957, 3, 3, 3, 957, '50.49', 9, '22.7200', '477.13', '454.41', '22.7200', 5.4),
(958, 2, 7, 2, 953, '46.02', 6, '13.8100', '289.93', '276.12', '13.8100', 7.1),
(959, 3, 1, 5, 959, '15.80', 10, '7.9000', '165.90', '158.00', '7.9000', 7.8),
(960, 1, 2, 3, 920, '98.66', 9, '44.4000', '932.34', '887.94', '44.4000', 8.4),
(961, 3, 3, 1, 921, '91.98', 1, '4.6000', '96.58', '91.98', '4.6000', 9.8),
(962, 1, 3, 2, 922, '20.89', 2, '2.0900', '43.87', '41.78', '2.0900', 9.8),
(963, 1, 3, 1, 923, '15.50', 1, '0.7800', '16.28', '15.50', '0.7800', 7.4),
(964, 3, 3, 2, 924, '96.82', 3, '14.5200', '304.98', '290.46', '14.5200', 6.7),
(965, 2, 9, 3, 925, '33.33', 2, '3.3300', '69.99', '66.66', '3.3300', 6.4),
(966, 2, 3, 2, 922, '38.27', 2, '3.8300', '80.37', '76.54', '3.8300', 5.8),
(967, 1, 5, 5, 927, '33.30', 9, '14.9900', '314.69', '299.70', '14.9900', 7.2),
(968, 1, 10, 5, 923, '81.01', 3, '12.1500', '255.18', '243.03', '12.1500', 9.3),
(969, 1, 1, 4, 929, '15.80', 3, '2.3700', '49.77', '47.40', '2.3700', 9.5),
(970, 2, 4, 2, 970, '34.49', 5, '8.6200', '181.07', '172.45', '8.6200', 9.0),
(971, 2, 4, 3, 971, '84.63', 10, '42.3200', '888.62', '846.30', '42.3200', 9.0),
(972, 2, 12, 5, 972, '36.91', 7, '12.9200', '271.29', '258.37', '12.9200', 6.7),
(973, 2, 7, 2, 973, '87.08', 7, '30.4800', '640.04', '609.56', '30.4800', 5.5),
(974, 1, 7, 5, 974, '80.08', 3, '12.0100', '252.25', '240.24', '12.0100', 5.4),
(975, 3, 7, 1, 975, '86.13', 2, '8.6100', '180.87', '172.26', '8.6100', 8.2),
(976, 2, 10, 1, 972, '49.92', 2, '4.9900', '104.83', '99.84', '4.9900', 7.0),
(977, 1, 1, 3, 977, '74.66', 4, '14.9300', '313.57', '298.64', '14.9300', 8.5),
(978, 2, 12, 3, 973, '26.60', 6, '7.9800', '167.58', '159.60', '7.9800', 4.9),
(979, 2, 3, 2, 979, '25.45', 1, '1.2700', '26.72', '25.45', '1.2700', 5.1),
(980, 2, 3, 3, 930, '67.77', 1, '3.3900', '71.16', '67.77', '3.3900', 6.5),
(981, 3, 3, 3, 931, '59.59', 4, '11.9200', '250.28', '238.36', '11.9200', 9.8),
(982, 1, 7, 4, 932, '58.15', 4, '11.6300', '244.23', '232.60', '11.6300', 8.4),
(983, 1, 2, 2, 933, '97.48', 9, '43.8700', '921.19', '877.32', '43.8700', 7.4),
(984, 3, 7, 4, 934, '99.96', 7, '34.9900', '734.71', '699.72', '34.9900', 6.1),
(985, 3, 7, 2, 935, '96.37', 7, '33.7300', '708.32', '674.59', '33.7300', 6.0),
(986, 2, 5, 1, 932, '63.71', 5, '15.9300', '334.48', '318.55', '15.9300', 8.5),
(987, 2, 5, 4, 937, '14.76', 2, '1.4800', '31.00', '29.52', '1.4800', 4.3),
(988, 2, 10, 4, 933, '62.00', 8, '24.8000', '520.80', '496.00', '24.8000', 6.2),
(989, 3, 12, 2, 939, '82.34', 10, '41.1700', '864.57', '823.40', '41.1700', 4.3),
(990, 2, 10, 4, 990, '75.37', 8, '30.1500', '633.11', '602.96', '30.1500', 8.4),
(991, 1, 3, 3, 991, '56.56', 5, '14.1400', '296.94', '282.80', '14.1400', 4.5),
(992, 2, 5, 2, 992, '76.60', 10, '38.3000', '804.30', '766.00', '38.3000', 6.0),
(993, 1, 11, 2, 993, '58.03', 2, '5.8000', '121.86', '116.06', '5.8000', 8.8),
(994, 2, 11, 1, 994, '17.49', 10, '8.7500', '183.65', '174.90', '8.7500', 6.6),
(995, 3, 2, 2, 995, '60.95', 1, '3.0500', '64.00', '60.95', '3.0500', 5.9),
(996, 3, 11, 4, 992, '40.35', 1, '2.0200', '42.37', '40.35', '2.0200', 6.2),
(997, 2, 5, 5, 997, '97.38', 10, '48.6900', '1022.49', '973.80', '48.6900', 4.4),
(998, 1, 3, 3, 993, '31.84', 1, '1.5900', '33.43', '31.84', '1.5900', 7.7),
(999, 1, 7, 5, 999, '65.82', 1, '3.2900', '69.11', '65.82', '3.2900', 4.1),
(1000, 1, 2, 1, 1000, '88.34', 7, '30.9200', '649.30', '618.38', '30.9200', 6.6);

--
-- Índices para tablas volcadas
--

--
-- Indices de la tabla `dim_branch`
--
ALTER TABLE `dim_branch`
  ADD PRIMARY KEY (`ID_BRANCH`);

--
-- Indices de la tabla `dim_customer`
--
ALTER TABLE `dim_customer`
  ADD PRIMARY KEY (`ID_COSTUMER`);

--
-- Indices de la tabla `dim_datetime`
--
ALTER TABLE `dim_datetime`
  ADD PRIMARY KEY (`ID_DATATIME`);

--
-- Indices de la tabla `dim_product`
--
ALTER TABLE `dim_product`
  ADD PRIMARY KEY (`ID_PRODUCTO`);

--
-- Indices de la tabla `fact_sale`
--
ALTER TABLE `fact_sale`
  ADD PRIMARY KEY (`ID_SALE`),
  ADD KEY `branch_id` (`branch_id`),
  ADD KEY `customer_id` (`customer_id`),
  ADD KEY `product_id` (`product_id`),
  ADD KEY `datetime_id` (`datetime_id`);

--
-- AUTO_INCREMENT de las tablas volcadas
--

--
-- AUTO_INCREMENT de la tabla `dim_branch`
--
ALTER TABLE `dim_branch`
  MODIFY `ID_BRANCH` int(10) UNSIGNED NOT NULL AUTO_INCREMENT, AUTO_INCREMENT=4;

--
-- AUTO_INCREMENT de la tabla `dim_customer`
--
ALTER TABLE `dim_customer`
  MODIFY `ID_COSTUMER` int(10) UNSIGNED NOT NULL AUTO_INCREMENT, AUTO_INCREMENT=13;

--
-- AUTO_INCREMENT de la tabla `dim_datetime`
--
ALTER TABLE `dim_datetime`
  MODIFY `ID_DATATIME` int(10) UNSIGNED NOT NULL AUTO_INCREMENT, AUTO_INCREMENT=1001;

--
-- AUTO_INCREMENT de la tabla `dim_product`
--
ALTER TABLE `dim_product`
  MODIFY `ID_PRODUCTO` int(10) UNSIGNED NOT NULL AUTO_INCREMENT, AUTO_INCREMENT=7;

--
-- AUTO_INCREMENT de la tabla `fact_sale`
--
ALTER TABLE `fact_sale`
  MODIFY `ID_SALE` int(10) UNSIGNED NOT NULL AUTO_INCREMENT, AUTO_INCREMENT=1001;

--
-- Restricciones para tablas volcadas
--

--
-- Filtros para la tabla `fact_sale`
--
ALTER TABLE `fact_sale`
  ADD CONSTRAINT `fact_sale_ibfk_1` FOREIGN KEY (`product_id`) REFERENCES `dim_product` (`ID_PRODUCTO`) ON UPDATE CASCADE,
  ADD CONSTRAINT `fact_sale_ibfk_2` FOREIGN KEY (`customer_id`) REFERENCES `dim_customer` (`ID_COSTUMER`) ON UPDATE CASCADE,
  ADD CONSTRAINT `fact_sale_ibfk_3` FOREIGN KEY (`branch_id`) REFERENCES `dim_branch` (`ID_BRANCH`) ON UPDATE CASCADE,
  ADD CONSTRAINT `fact_sale_ibfk_4` FOREIGN KEY (`datetime_id`) REFERENCES `dim_datetime` (`ID_DATATIME`) ON UPDATE CASCADE;
COMMIT;

/*!40101 SET CHARACTER_SET_CLIENT=@OLD_CHARACTER_SET_CLIENT */;
/*!40101 SET CHARACTER_SET_RESULTS=@OLD_CHARACTER_SET_RESULTS */;
/*!40101 SET COLLATION_CONNECTION=@OLD_COLLATION_CONNECTION */;
