-- phpMyAdmin SQL Dump
-- version 5.2.1
-- https://www.phpmyadmin.net/
--
-- Servidor: 127.0.0.1
-- Tiempo de generación: 25-05-2023 a las 18:54:09
-- Versión del servidor: 10.4.28-MariaDB
-- Versión de PHP: 8.2.4

SET SQL_MODE = "NO_AUTO_VALUE_ON_ZERO";
START TRANSACTION;
SET time_zone = "+00:00";


/*!40101 SET @OLD_CHARACTER_SET_CLIENT=@@CHARACTER_SET_CLIENT */;
/*!40101 SET @OLD_CHARACTER_SET_RESULTS=@@CHARACTER_SET_RESULTS */;
/*!40101 SET @OLD_COLLATION_CONNECTION=@@COLLATION_CONNECTION */;
/*!40101 SET NAMES utf8mb4 */;

--
-- Base de datos: `supermarket_sales`
--

-- --------------------------------------------------------

--
-- Estructura de tabla para la tabla `dim_branch`
--

CREATE TABLE `dim_branch` (
  `branch_id` int(10) UNSIGNED NOT NULL,
  `branch` char(1) NOT NULL,
  `city` varchar(128) NOT NULL
) ENGINE=InnoDB DEFAULT CHARSET=utf8mb4 COLLATE=utf8mb4_general_ci;

--
-- Volcado de datos para la tabla `dim_branch`
--

INSERT INTO `dim_branch` (`branch_id`, `branch`, `city`) VALUES
(1, 'A', 'Yagon'),
(2, 'A', 'Naypytiaw'),
(3, 'A', 'Mandalay'),
(4, 'B', 'Yagon'),
(5, 'B', 'Naypytiaw'),
(6, 'B', 'Mandalay'),
(7, 'C', 'Yagon'),
(8, 'C', 'Naypytiaw'),
(9, 'C', 'Mandalay');

-- --------------------------------------------------------

--
-- Estructura de tabla para la tabla `dim_customer`
--

CREATE TABLE `dim_customer` (
  `customer_id` int(10) UNSIGNED NOT NULL,
  `gender` varchar(32) NOT NULL,
  `type` varchar(32) NOT NULL,
  `payment_method` varchar(32) NOT NULL
) ENGINE=InnoDB DEFAULT CHARSET=utf8mb4 COLLATE=utf8mb4_general_ci;

--
-- Volcado de datos para la tabla `dim_customer`
--

INSERT INTO `dim_customer` (`customer_id`, `gender`, `type`, `payment_method`) VALUES
(1, 'Female', 'Normal', 'Cash'),
(2, 'Female', 'Member', 'Cash'),
(3, 'Female', 'Normal', 'Creditcard'),
(4, 'Female', 'Member', 'Creditcard'),
(5, 'Female', 'Normal', 'Ewallet'),
(6, 'Female', 'Member', 'Ewallet'),
(7, 'Male', 'Normal', 'Cash'),
(8, 'Male', 'Member', 'Cash'),
(9, 'Male', 'Normal', 'Creditcard'),
(10, 'Male', 'Member', 'Creditcard'),
(11, 'Male', 'Normal', 'Ewallet'),
(12, 'Male', 'Member', 'Ewallet');

-- --------------------------------------------------------

--
-- Estructura de tabla para la tabla `dim_datetime`
--

CREATE TABLE `dim_datetime` (
  `datetime_id` int(10) UNSIGNED NOT NULL,
  `year` tinyint(4) UNSIGNED NOT NULL,
  `month` tinyint(3) UNSIGNED NOT NULL,
  `day` tinyint(3) UNSIGNED NOT NULL,
  `hour` tinyint(3) UNSIGNED NOT NULL,
  `minute` tinyint(3) UNSIGNED NOT NULL,
  `datetime` datetime NOT NULL
) ENGINE=InnoDB DEFAULT CHARSET=utf8mb4 COLLATE=utf8mb4_general_ci;

--
-- Volcado de datos para la tabla `dim_datetime`
--

INSERT INTO `dim_datetime` (`datetime_id`, `year`, `month`, `day`, `hour`, `minute`, `datetime`) VALUES
(1, 255, 1, 5, 13, 8, '0000-00-00 00:00:00'),
(2, 255, 3, 8, 10, 29, '0000-00-00 00:00:00'),
(3, 255, 3, 3, 13, 23, '0000-00-00 00:00:00'),
(4, 255, 1, 27, 20, 33, '0000-00-00 00:00:00'),
(5, 255, 2, 8, 10, 37, '0000-00-00 00:00:00'),
(6, 255, 3, 25, 18, 30, '0000-00-00 00:00:00'),
(7, 255, 2, 25, 14, 36, '0000-00-00 00:00:00'),
(8, 255, 2, 24, 11, 38, '0000-00-00 00:00:00'),
(9, 255, 1, 10, 17, 15, '0000-00-00 00:00:00'),
(10, 255, 2, 20, 13, 27, '0000-00-00 00:00:00'),
(11, 255, 2, 6, 18, 7, '0000-00-00 00:00:00'),
(12, 255, 3, 9, 17, 3, '0000-00-00 00:00:00'),
(13, 255, 2, 12, 10, 25, '0000-00-00 00:00:00'),
(14, 255, 2, 7, 16, 48, '0000-00-00 00:00:00'),
(15, 255, 3, 29, 19, 21, '0000-00-00 00:00:00'),
(16, 255, 1, 15, 16, 19, '0000-00-00 00:00:00'),
(17, 255, 3, 11, 11, 3, '0000-00-00 00:00:00'),
(18, 255, 1, 1, 10, 39, '0000-00-00 00:00:00'),
(19, 255, 1, 21, 18, 0, '0000-00-00 00:00:00'),
(20, 255, 3, 11, 15, 30, '0000-00-00 00:00:00'),
(21, 255, 2, 25, 11, 24, '0000-00-00 00:00:00'),
(22, 255, 3, 5, 10, 40, '0000-00-00 00:00:00'),
(23, 255, 3, 15, 12, 20, '0000-00-00 00:00:00'),
(24, 255, 2, 17, 11, 15, '0000-00-00 00:00:00'),
(25, 255, 3, 2, 17, 36, '0000-00-00 00:00:00'),
(26, 255, 3, 22, 19, 20, '0000-00-00 00:00:00'),
(27, 255, 2, 8, 15, 31, '0000-00-00 00:00:00'),
(28, 255, 3, 10, 12, 17, '0000-00-00 00:00:00'),
(29, 255, 1, 25, 19, 48, '0000-00-00 00:00:00'),
(30, 255, 3, 15, 15, 36, '0000-00-00 00:00:00'),
(31, 255, 2, 25, 19, 39, '0000-00-00 00:00:00'),
(32, 255, 1, 28, 12, 43, '0000-00-00 00:00:00'),
(33, 255, 1, 10, 14, 49, '0000-00-00 00:00:00'),
(34, 255, 3, 15, 10, 12, '0000-00-00 00:00:00'),
(35, 255, 2, 6, 10, 42, '0000-00-00 00:00:00'),
(36, 255, 1, 7, 12, 28, '0000-00-00 00:00:00'),
(37, 255, 3, 10, 19, 15, '0000-00-00 00:00:00'),
(38, 255, 1, 15, 17, 17, '0000-00-00 00:00:00'),
(39, 255, 3, 23, 13, 24, '0000-00-00 00:00:00'),
(40, 255, 3, 3, 13, 1, '0000-00-00 00:00:00'),
(41, 255, 1, 17, 18, 45, '0000-00-00 00:00:00'),
(42, 255, 2, 2, 10, 11, '0000-00-00 00:00:00'),
(43, 255, 2, 8, 13, 3, '0000-00-00 00:00:00'),
(44, 255, 3, 4, 20, 39, '0000-00-00 00:00:00'),
(45, 255, 3, 16, 19, 47, '0000-00-00 00:00:00'),
(46, 255, 3, 9, 18, 0, '0000-00-00 00:00:00'),
(47, 255, 2, 27, 17, 24, '0000-00-00 00:00:00'),
(48, 255, 2, 6, 15, 47, '0000-00-00 00:00:00'),
(49, 255, 2, 10, 12, 45, '0000-00-00 00:00:00'),
(50, 255, 3, 19, 17, 8, '0000-00-00 00:00:00'),
(51, 255, 2, 3, 10, 19, '0000-00-00 00:00:00'),
(52, 255, 2, 10, 15, 10, '0000-00-00 00:00:00'),
(53, 255, 3, 22, 14, 42, '0000-00-00 00:00:00'),
(54, 255, 1, 25, 15, 46, '0000-00-00 00:00:00'),
(55, 255, 3, 7, 11, 49, '0000-00-00 00:00:00'),
(56, 255, 2, 28, 19, 1, '0000-00-00 00:00:00'),
(57, 255, 3, 27, 11, 26, '0000-00-00 00:00:00'),
(58, 255, 2, 7, 11, 28, '0000-00-00 00:00:00'),
(59, 255, 1, 20, 15, 55, '0000-00-00 00:00:00'),
(60, 255, 3, 12, 20, 36, '0000-00-00 00:00:00'),
(61, 255, 2, 15, 17, 47, '0000-00-00 00:00:00'),
(62, 255, 2, 24, 10, 55, '0000-00-00 00:00:00'),
(63, 255, 2, 3, 13, 40, '0000-00-00 00:00:00'),
(64, 255, 3, 6, 12, 27, '0000-00-00 00:00:00'),
(65, 255, 2, 14, 14, 35, '0000-00-00 00:00:00'),
(66, 255, 3, 13, 16, 40, '0000-00-00 00:00:00'),
(67, 255, 2, 10, 15, 43, '0000-00-00 00:00:00'),
(68, 255, 1, 7, 15, 1, '0000-00-00 00:00:00'),
(69, 255, 1, 24, 10, 4, '0000-00-00 00:00:00'),
(70, 255, 2, 2, 18, 50, '0000-00-00 00:00:00'),
(71, 255, 1, 6, 12, 46, '0000-00-00 00:00:00'),
(72, 255, 2, 11, 16, 19, '0000-00-00 00:00:00'),
(73, 255, 3, 5, 18, 17, '0000-00-00 00:00:00'),
(74, 255, 3, 9, 18, 21, '0000-00-00 00:00:00'),
(75, 255, 1, 22, 10, 55, '0000-00-00 00:00:00'),
(76, 255, 1, 13, 17, 4, '0000-00-00 00:00:00'),
(77, 255, 1, 9, 14, 20, '0000-00-00 00:00:00'),
(78, 255, 1, 12, 15, 48, '0000-00-00 00:00:00'),
(79, 255, 3, 5, 16, 24, '0000-00-00 00:00:00'),
(80, 255, 1, 22, 18, 56, '0000-00-00 00:00:00'),
(81, 255, 1, 21, 14, 42, '0000-00-00 00:00:00'),
(82, 255, 1, 26, 19, 56, '0000-00-00 00:00:00'),
(83, 255, 1, 23, 18, 37, '0000-00-00 00:00:00'),
(84, 255, 2, 23, 18, 45, '0000-00-00 00:00:00'),
(85, 255, 3, 9, 10, 17, '0000-00-00 00:00:00'),
(86, 255, 3, 5, 14, 31, '0000-00-00 00:00:00'),
(87, 255, 3, 25, 10, 23, '0000-00-00 00:00:00'),
(88, 255, 3, 27, 20, 35, '0000-00-00 00:00:00'),
(89, 255, 1, 2, 16, 57, '0000-00-00 00:00:00'),
(90, 255, 2, 27, 17, 55, '0000-00-00 00:00:00'),
(91, 255, 1, 23, 10, 25, '0000-00-00 00:00:00'),
(92, 255, 1, 26, 19, 54, '0000-00-00 00:00:00'),
(93, 255, 1, 10, 16, 42, '0000-00-00 00:00:00'),
(94, 255, 3, 12, 12, 9, '0000-00-00 00:00:00'),
(95, 255, 2, 6, 20, 5, '0000-00-00 00:00:00'),
(96, 255, 3, 8, 20, 38, '0000-00-00 00:00:00'),
(97, 255, 3, 29, 10, 25, '0000-00-00 00:00:00'),
(98, 255, 2, 9, 13, 11, '0000-00-00 00:00:00'),
(99, 255, 3, 23, 10, 16, '0000-00-00 00:00:00'),
(100, 255, 3, 5, 18, 14, '0000-00-00 00:00:00'),
(101, 255, 3, 26, 19, 20, '0000-00-00 00:00:00'),
(102, 255, 3, 1, 13, 22, '0000-00-00 00:00:00'),
(103, 255, 2, 1, 11, 27, '0000-00-00 00:00:00'),
(104, 255, 3, 28, 16, 44, '0000-00-00 00:00:00'),
(105, 255, 3, 19, 18, 19, '0000-00-00 00:00:00'),
(106, 255, 1, 12, 14, 50, '0000-00-00 00:00:00'),
(107, 255, 1, 5, 20, 54, '0000-00-00 00:00:00'),
(108, 255, 3, 22, 20, 19, '0000-00-00 00:00:00'),
(109, 255, 3, 24, 10, 43, '0000-00-00 00:00:00'),
(110, 255, 3, 3, 14, 30, '0000-00-00 00:00:00'),
(111, 255, 2, 5, 11, 32, '0000-00-00 00:00:00'),
(112, 255, 2, 5, 10, 41, '0000-00-00 00:00:00'),
(113, 255, 2, 15, 12, 44, '0000-00-00 00:00:00'),
(114, 255, 1, 19, 20, 7, '0000-00-00 00:00:00'),
(115, 255, 2, 1, 20, 31, '0000-00-00 00:00:00'),
(116, 255, 3, 2, 13, 1, '0000-00-00 00:00:00'),
(117, 255, 3, 5, 12, 29, '0000-00-00 00:00:00'),
(118, 255, 1, 16, 15, 26, '0000-00-00 00:00:00'),
(119, 255, 2, 2, 20, 48, '0000-00-00 00:00:00'),
(120, 255, 1, 20, 20, 38, '0000-00-00 00:00:00'),
(121, 255, 2, 14, 17, 3, '0000-00-00 00:00:00'),
(122, 255, 1, 12, 12, 2, '0000-00-00 00:00:00'),
(123, 255, 3, 9, 17, 26, '0000-00-00 00:00:00'),
(124, 255, 3, 13, 19, 52, '0000-00-00 00:00:00'),
(125, 255, 3, 9, 14, 57, '0000-00-00 00:00:00'),
(126, 255, 3, 10, 18, 44, '0000-00-00 00:00:00'),
(127, 255, 1, 27, 13, 26, '0000-00-00 00:00:00'),
(128, 255, 1, 8, 16, 17, '0000-00-00 00:00:00'),
(129, 255, 1, 8, 15, 57, '0000-00-00 00:00:00'),
(130, 255, 2, 8, 11, 15, '0000-00-00 00:00:00'),
(131, 255, 1, 25, 13, 18, '0000-00-00 00:00:00'),
(132, 255, 3, 6, 20, 34, '0000-00-00 00:00:00'),
(133, 255, 2, 10, 18, 36, '0000-00-00 00:00:00'),
(134, 255, 2, 17, 14, 40, '0000-00-00 00:00:00'),
(135, 255, 3, 8, 16, 43, '0000-00-00 00:00:00'),
(136, 255, 2, 18, 19, 39, '0000-00-00 00:00:00'),
(137, 255, 1, 18, 20, 59, '0000-00-00 00:00:00'),
(138, 255, 2, 18, 15, 39, '0000-00-00 00:00:00'),
(139, 255, 2, 16, 12, 21, '0000-00-00 00:00:00'),
(140, 255, 3, 16, 19, 25, '0000-00-00 00:00:00'),
(141, 255, 1, 23, 13, 0, '0000-00-00 00:00:00'),
(142, 255, 1, 25, 13, 48, '0000-00-00 00:00:00'),
(143, 255, 2, 5, 19, 57, '0000-00-00 00:00:00'),
(144, 255, 2, 22, 10, 36, '0000-00-00 00:00:00'),
(145, 255, 1, 21, 16, 37, '0000-00-00 00:00:00'),
(146, 255, 3, 8, 17, 11, '0000-00-00 00:00:00'),
(147, 255, 2, 10, 12, 28, '0000-00-00 00:00:00'),
(148, 255, 3, 19, 12, 46, '0000-00-00 00:00:00'),
(149, 255, 3, 6, 15, 7, '0000-00-00 00:00:00'),
(150, 255, 3, 27, 13, 48, '0000-00-00 00:00:00'),
(151, 255, 3, 23, 19, 20, '0000-00-00 00:00:00'),
(152, 255, 3, 11, 16, 7, '0000-00-00 00:00:00'),
(153, 255, 1, 29, 11, 56, '0000-00-00 00:00:00'),
(154, 255, 2, 7, 18, 23, '0000-00-00 00:00:00'),
(155, 255, 1, 28, 13, 5, '0000-00-00 00:00:00'),
(156, 255, 2, 20, 15, 55, '0000-00-00 00:00:00'),
(157, 255, 1, 4, 19, 40, '0000-00-00 00:00:00'),
(158, 255, 3, 7, 13, 58, '0000-00-00 00:00:00'),
(159, 255, 3, 30, 14, 43, '0000-00-00 00:00:00'),
(160, 255, 3, 27, 19, 18, '0000-00-00 00:00:00'),
(161, 255, 1, 19, 19, 39, '0000-00-00 00:00:00'),
(162, 255, 2, 25, 16, 21, '0000-00-00 00:00:00'),
(163, 255, 3, 13, 19, 44, '0000-00-00 00:00:00'),
(164, 255, 1, 30, 19, 42, '0000-00-00 00:00:00'),
(165, 255, 2, 20, 15, 24, '0000-00-00 00:00:00'),
(166, 255, 2, 25, 14, 12, '0000-00-00 00:00:00'),
(167, 255, 1, 16, 13, 32, '0000-00-00 00:00:00'),
(168, 255, 2, 8, 16, 20, '0000-00-00 00:00:00'),
(169, 255, 1, 19, 16, 31, '0000-00-00 00:00:00'),
(170, 255, 2, 1, 15, 10, '0000-00-00 00:00:00'),
(171, 255, 1, 3, 11, 36, '0000-00-00 00:00:00'),
(172, 255, 1, 26, 12, 45, '0000-00-00 00:00:00'),
(173, 255, 3, 3, 19, 17, '0000-00-00 00:00:00'),
(174, 255, 1, 19, 17, 34, '0000-00-00 00:00:00'),
(175, 255, 1, 18, 12, 4, '0000-00-00 00:00:00'),
(176, 255, 3, 21, 16, 21, '0000-00-00 00:00:00'),
(177, 255, 3, 3, 17, 1, '0000-00-00 00:00:00'),
(178, 255, 2, 13, 10, 50, '0000-00-00 00:00:00'),
(179, 255, 3, 23, 19, 16, '0000-00-00 00:00:00'),
(180, 255, 1, 28, 16, 47, '0000-00-00 00:00:00'),
(181, 255, 2, 9, 10, 0, '0000-00-00 00:00:00'),
(182, 255, 1, 23, 11, 51, '0000-00-00 00:00:00'),
(183, 255, 3, 23, 10, 55, '0000-00-00 00:00:00'),
(184, 255, 1, 25, 15, 0, '0000-00-00 00:00:00'),
(185, 255, 3, 4, 11, 19, '0000-00-00 00:00:00'),
(186, 255, 3, 5, 19, 46, '0000-00-00 00:00:00'),
(187, 255, 3, 3, 19, 0, '0000-00-00 00:00:00'),
(188, 255, 2, 8, 10, 53, '0000-00-00 00:00:00'),
(189, 255, 2, 10, 12, 50, '0000-00-00 00:00:00'),
(190, 255, 1, 28, 20, 50, '0000-00-00 00:00:00'),
(191, 255, 2, 11, 10, 39, '0000-00-00 00:00:00'),
(192, 255, 1, 15, 13, 41, '0000-00-00 00:00:00'),
(193, 255, 3, 16, 19, 8, '0000-00-00 00:00:00'),
(194, 255, 1, 26, 20, 23, '0000-00-00 00:00:00'),
(195, 255, 3, 19, 11, 30, '0000-00-00 00:00:00'),
(196, 255, 1, 13, 19, 30, '0000-00-00 00:00:00'),
(197, 255, 3, 26, 18, 3, '0000-00-00 00:00:00'),
(198, 255, 3, 23, 10, 13, '0000-00-00 00:00:00'),
(199, 255, 3, 12, 19, 58, '0000-00-00 00:00:00'),
(200, 255, 2, 17, 19, 57, '0000-00-00 00:00:00'),
(201, 255, 1, 29, 10, 1, '0000-00-00 00:00:00'),
(202, 255, 3, 15, 11, 57, '0000-00-00 00:00:00'),
(203, 255, 1, 14, 10, 2, '0000-00-00 00:00:00'),
(204, 255, 2, 6, 14, 51, '0000-00-00 00:00:00'),
(205, 255, 2, 15, 12, 42, '0000-00-00 00:00:00'),
(206, 255, 1, 3, 12, 2, '0000-00-00 00:00:00'),
(207, 255, 1, 4, 18, 19, '0000-00-00 00:00:00'),
(208, 255, 3, 18, 17, 38, '0000-00-00 00:00:00'),
(209, 255, 3, 28, 13, 41, '0000-00-00 00:00:00'),
(210, 255, 3, 2, 19, 42, '0000-00-00 00:00:00'),
(211, 255, 1, 25, 20, 24, '0000-00-00 00:00:00'),
(212, 255, 1, 16, 18, 8, '0000-00-00 00:00:00'),
(213, 255, 3, 20, 19, 17, '0000-00-00 00:00:00'),
(214, 255, 1, 4, 13, 24, '0000-00-00 00:00:00'),
(215, 255, 3, 11, 15, 53, '0000-00-00 00:00:00'),
(216, 255, 3, 22, 15, 5, '0000-00-00 00:00:00'),
(217, 255, 3, 24, 18, 27, '0000-00-00 00:00:00'),
(218, 255, 2, 21, 16, 55, '0000-00-00 00:00:00'),
(219, 255, 2, 12, 12, 58, '0000-00-00 00:00:00'),
(220, 255, 3, 10, 18, 59, '0000-00-00 00:00:00'),
(221, 255, 1, 31, 13, 44, '0000-00-00 00:00:00'),
(222, 255, 3, 6, 13, 46, '0000-00-00 00:00:00'),
(223, 255, 2, 17, 18, 6, '0000-00-00 00:00:00'),
(224, 255, 2, 21, 12, 38, '0000-00-00 00:00:00'),
(225, 255, 3, 20, 15, 56, '0000-00-00 00:00:00'),
(226, 255, 1, 11, 14, 29, '0000-00-00 00:00:00'),
(227, 255, 1, 26, 19, 14, '0000-00-00 00:00:00'),
(228, 255, 1, 31, 16, 24, '0000-00-00 00:00:00'),
(229, 255, 2, 26, 10, 52, '0000-00-00 00:00:00'),
(230, 255, 3, 11, 12, 55, '0000-00-00 00:00:00'),
(231, 255, 1, 26, 19, 28, '0000-00-00 00:00:00'),
(232, 255, 3, 12, 13, 52, '0000-00-00 00:00:00'),
(233, 255, 2, 11, 10, 54, '0000-00-00 00:00:00'),
(234, 255, 2, 21, 18, 31, '0000-00-00 00:00:00'),
(235, 255, 3, 9, 18, 24, '0000-00-00 00:00:00'),
(236, 255, 1, 20, 18, 9, '0000-00-00 00:00:00'),
(237, 255, 1, 28, 15, 16, '0000-00-00 00:00:00'),
(238, 255, 3, 5, 17, 7, '0000-00-00 00:00:00'),
(239, 255, 3, 2, 19, 26, '0000-00-00 00:00:00'),
(240, 255, 1, 11, 11, 20, '0000-00-00 00:00:00'),
(241, 255, 1, 11, 16, 49, '0000-00-00 00:00:00'),
(242, 255, 3, 11, 12, 1, '0000-00-00 00:00:00'),
(243, 255, 2, 28, 18, 37, '0000-00-00 00:00:00'),
(244, 255, 1, 5, 11, 25, '0000-00-00 00:00:00'),
(245, 255, 2, 2, 18, 42, '0000-00-00 00:00:00'),
(246, 255, 1, 1, 14, 47, '0000-00-00 00:00:00'),
(247, 255, 2, 9, 19, 43, '0000-00-00 00:00:00'),
(248, 255, 1, 23, 14, 4, '0000-00-00 00:00:00'),
(249, 255, 1, 7, 16, 11, '0000-00-00 00:00:00'),
(250, 255, 1, 14, 19, 6, '0000-00-00 00:00:00'),
(251, 255, 2, 2, 15, 34, '0000-00-00 00:00:00'),
(252, 255, 3, 17, 19, 6, '0000-00-00 00:00:00'),
(253, 255, 3, 2, 19, 44, '0000-00-00 00:00:00'),
(254, 255, 3, 16, 11, 22, '0000-00-00 00:00:00'),
(255, 255, 1, 6, 11, 23, '0000-00-00 00:00:00'),
(256, 255, 1, 29, 14, 12, '0000-00-00 00:00:00'),
(257, 255, 1, 31, 10, 46, '0000-00-00 00:00:00'),
(258, 255, 2, 5, 10, 16, '0000-00-00 00:00:00'),
(259, 255, 2, 13, 12, 38, '0000-00-00 00:00:00'),
(260, 255, 2, 7, 13, 5, '0000-00-00 00:00:00'),
(261, 255, 3, 19, 13, 25, '0000-00-00 00:00:00'),
(262, 255, 3, 7, 14, 53, '0000-00-00 00:00:00'),
(263, 255, 3, 13, 19, 22, '0000-00-00 00:00:00'),
(264, 255, 2, 9, 11, 0, '0000-00-00 00:00:00'),
(265, 255, 2, 26, 19, 24, '0000-00-00 00:00:00'),
(266, 255, 3, 12, 12, 43, '0000-00-00 00:00:00'),
(267, 255, 3, 14, 17, 22, '0000-00-00 00:00:00'),
(268, 255, 1, 8, 20, 55, '0000-00-00 00:00:00'),
(269, 255, 1, 5, 16, 5, '0000-00-00 00:00:00'),
(270, 255, 1, 4, 13, 34, '0000-00-00 00:00:00'),
(271, 255, 3, 6, 18, 13, '0000-00-00 00:00:00'),
(272, 255, 1, 3, 19, 17, '0000-00-00 00:00:00'),
(273, 255, 1, 7, 11, 44, '0000-00-00 00:00:00'),
(274, 255, 1, 27, 15, 51, '0000-00-00 00:00:00'),
(275, 255, 2, 26, 16, 52, '0000-00-00 00:00:00'),
(276, 255, 1, 7, 20, 52, '0000-00-00 00:00:00'),
(277, 255, 1, 7, 17, 36, '0000-00-00 00:00:00'),
(278, 255, 2, 2, 13, 23, '0000-00-00 00:00:00'),
(279, 255, 3, 20, 16, 28, '0000-00-00 00:00:00'),
(280, 255, 3, 20, 19, 57, '0000-00-00 00:00:00'),
(281, 255, 2, 15, 17, 1, '0000-00-00 00:00:00'),
(282, 255, 3, 6, 13, 29, '0000-00-00 00:00:00'),
(283, 255, 1, 6, 11, 9, '0000-00-00 00:00:00'),
(284, 255, 3, 4, 15, 2, '0000-00-00 00:00:00'),
(285, 255, 3, 12, 14, 21, '0000-00-00 00:00:00'),
(286, 255, 2, 20, 18, 1, '0000-00-00 00:00:00'),
(287, 255, 3, 24, 14, 49, '0000-00-00 00:00:00'),
(288, 255, 1, 31, 12, 2, '0000-00-00 00:00:00'),
(289, 255, 1, 25, 13, 30, '0000-00-00 00:00:00'),
(290, 255, 2, 3, 14, 38, '0000-00-00 00:00:00'),
(291, 255, 1, 24, 17, 37, '0000-00-00 00:00:00'),
(292, 255, 3, 14, 17, 20, '0000-00-00 00:00:00'),
(293, 255, 2, 18, 20, 29, '0000-00-00 00:00:00'),
(294, 255, 1, 21, 10, 0, '0000-00-00 00:00:00'),
(295, 255, 3, 13, 11, 46, '0000-00-00 00:00:00'),
(296, 255, 3, 3, 13, 42, '0000-00-00 00:00:00'),
(297, 255, 3, 29, 14, 44, '0000-00-00 00:00:00'),
(298, 255, 1, 10, 14, 16, '0000-00-00 00:00:00'),
(299, 255, 1, 25, 15, 54, '0000-00-00 00:00:00'),
(300, 255, 1, 19, 10, 21, '0000-00-00 00:00:00'),
(301, 255, 1, 2, 18, 9, '0000-00-00 00:00:00'),
(302, 255, 3, 12, 16, 46, '0000-00-00 00:00:00'),
(303, 255, 2, 25, 15, 31, '0000-00-00 00:00:00'),
(304, 255, 3, 18, 17, 15, '0000-00-00 00:00:00'),
(305, 255, 2, 23, 12, 29, '0000-00-00 00:00:00'),
(306, 255, 3, 26, 20, 14, '0000-00-00 00:00:00'),
(307, 255, 3, 30, 13, 22, '0000-00-00 00:00:00'),
(308, 255, 2, 17, 17, 9, '0000-00-00 00:00:00'),
(309, 255, 3, 21, 10, 40, '0000-00-00 00:00:00'),
(310, 255, 3, 5, 17, 43, '0000-00-00 00:00:00'),
(311, 255, 1, 31, 14, 4, '0000-00-00 00:00:00'),
(312, 255, 2, 5, 19, 5, '0000-00-00 00:00:00'),
(313, 255, 2, 1, 10, 8, '0000-00-00 00:00:00'),
(314, 255, 3, 7, 13, 12, '0000-00-00 00:00:00'),
(315, 255, 2, 10, 20, 51, '0000-00-00 00:00:00'),
(316, 255, 2, 14, 17, 29, '0000-00-00 00:00:00'),
(317, 255, 2, 9, 10, 25, '0000-00-00 00:00:00'),
(318, 255, 1, 10, 11, 34, '0000-00-00 00:00:00'),
(319, 255, 3, 11, 18, 58, '0000-00-00 00:00:00'),
(320, 255, 2, 18, 16, 28, '0000-00-00 00:00:00'),
(321, 255, 2, 26, 20, 26, '0000-00-00 00:00:00'),
(322, 255, 1, 18, 15, 8, '0000-00-00 00:00:00'),
(323, 255, 2, 15, 18, 3, '0000-00-00 00:00:00'),
(324, 255, 3, 8, 13, 21, '0000-00-00 00:00:00'),
(325, 255, 1, 17, 12, 48, '0000-00-00 00:00:00'),
(326, 255, 3, 12, 19, 53, '0000-00-00 00:00:00'),
(327, 255, 3, 9, 19, 9, '0000-00-00 00:00:00'),
(328, 255, 3, 12, 16, 30, '0000-00-00 00:00:00'),
(329, 255, 1, 25, 10, 11, '0000-00-00 00:00:00'),
(330, 255, 3, 25, 13, 7, '0000-00-00 00:00:00'),
(331, 255, 2, 7, 18, 48, '0000-00-00 00:00:00'),
(332, 255, 2, 17, 17, 27, '0000-00-00 00:00:00'),
(333, 255, 2, 3, 15, 59, '0000-00-00 00:00:00'),
(334, 255, 3, 14, 11, 21, '0000-00-00 00:00:00'),
(335, 255, 3, 24, 13, 48, '0000-00-00 00:00:00'),
(336, 255, 3, 21, 10, 17, '0000-00-00 00:00:00'),
(337, 255, 3, 19, 15, 49, '0000-00-00 00:00:00'),
(338, 255, 2, 24, 13, 2, '0000-00-00 00:00:00'),
(339, 255, 3, 28, 12, 58, '0000-00-00 00:00:00'),
(340, 255, 2, 5, 15, 26, '0000-00-00 00:00:00'),
(341, 255, 2, 10, 18, 23, '0000-00-00 00:00:00'),
(342, 255, 3, 5, 19, 6, '0000-00-00 00:00:00'),
(343, 255, 2, 15, 20, 21, '0000-00-00 00:00:00'),
(344, 255, 1, 30, 16, 24, '0000-00-00 00:00:00'),
(345, 255, 2, 14, 15, 4, '0000-00-00 00:00:00'),
(346, 255, 2, 27, 16, 10, '0000-00-00 00:00:00'),
(347, 255, 2, 4, 12, 14, '0000-00-00 00:00:00'),
(348, 255, 1, 20, 10, 13, '0000-00-00 00:00:00'),
(349, 255, 3, 28, 17, 38, '0000-00-00 00:00:00'),
(350, 255, 2, 27, 11, 6, '0000-00-00 00:00:00'),
(351, 255, 2, 15, 14, 53, '0000-00-00 00:00:00'),
(352, 255, 1, 26, 18, 22, '0000-00-00 00:00:00'),
(353, 255, 3, 14, 19, 2, '0000-00-00 00:00:00'),
(354, 255, 3, 2, 14, 16, '0000-00-00 00:00:00'),
(355, 255, 3, 4, 15, 44, '0000-00-00 00:00:00'),
(356, 255, 1, 7, 12, 20, '0000-00-00 00:00:00'),
(357, 255, 3, 8, 20, 1, '0000-00-00 00:00:00'),
(358, 255, 1, 9, 13, 45, '0000-00-00 00:00:00'),
(359, 255, 3, 1, 15, 40, '0000-00-00 00:00:00'),
(360, 255, 3, 16, 16, 58, '0000-00-00 00:00:00'),
(361, 255, 2, 17, 11, 12, '0000-00-00 00:00:00'),
(362, 255, 2, 27, 15, 12, '0000-00-00 00:00:00'),
(363, 255, 3, 7, 20, 37, '0000-00-00 00:00:00'),
(364, 255, 1, 21, 17, 44, '0000-00-00 00:00:00'),
(365, 255, 2, 19, 16, 23, '0000-00-00 00:00:00'),
(366, 255, 1, 6, 12, 12, '0000-00-00 00:00:00'),
(367, 255, 3, 14, 19, 33, '0000-00-00 00:00:00'),
(368, 255, 3, 24, 10, 29, '0000-00-00 00:00:00'),
(369, 255, 1, 27, 14, 28, '0000-00-00 00:00:00'),
(370, 255, 3, 6, 12, 46, '0000-00-00 00:00:00'),
(371, 255, 2, 2, 19, 40, '0000-00-00 00:00:00'),
(372, 255, 1, 25, 19, 39, '0000-00-00 00:00:00'),
(373, 255, 3, 14, 17, 54, '0000-00-00 00:00:00'),
(374, 255, 1, 29, 12, 25, '0000-00-00 00:00:00'),
(375, 255, 1, 3, 16, 47, '0000-00-00 00:00:00'),
(376, 255, 1, 14, 12, 52, '0000-00-00 00:00:00'),
(377, 255, 1, 5, 19, 50, '0000-00-00 00:00:00'),
(378, 255, 2, 22, 18, 17, '0000-00-00 00:00:00'),
(379, 255, 2, 6, 17, 20, '0000-00-00 00:00:00'),
(380, 255, 1, 30, 13, 32, '0000-00-00 00:00:00'),
(381, 255, 1, 11, 10, 37, '0000-00-00 00:00:00'),
(382, 255, 3, 19, 14, 35, '0000-00-00 00:00:00'),
(383, 255, 1, 14, 12, 9, '0000-00-00 00:00:00'),
(384, 255, 3, 1, 15, 32, '0000-00-00 00:00:00'),
(385, 255, 1, 6, 13, 58, '0000-00-00 00:00:00'),
(386, 255, 1, 31, 13, 19, '0000-00-00 00:00:00'),
(387, 255, 3, 11, 13, 37, '0000-00-00 00:00:00'),
(388, 255, 2, 20, 16, 49, '0000-00-00 00:00:00'),
(389, 255, 1, 27, 14, 55, '0000-00-00 00:00:00'),
(390, 255, 3, 10, 14, 4, '0000-00-00 00:00:00'),
(391, 255, 2, 15, 12, 31, '0000-00-00 00:00:00'),
(392, 255, 1, 26, 14, 51, '0000-00-00 00:00:00'),
(393, 255, 2, 13, 18, 27, '0000-00-00 00:00:00'),
(394, 255, 3, 9, 12, 45, '0000-00-00 00:00:00'),
(395, 255, 3, 6, 10, 36, '0000-00-00 00:00:00'),
(396, 255, 1, 24, 20, 36, '0000-00-00 00:00:00'),
(397, 255, 3, 13, 14, 16, '0000-00-00 00:00:00'),
(398, 255, 3, 15, 10, 26, '0000-00-00 00:00:00'),
(399, 255, 3, 5, 13, 30, '0000-00-00 00:00:00'),
(400, 255, 3, 4, 16, 28, '0000-00-00 00:00:00'),
(401, 255, 3, 25, 20, 18, '0000-00-00 00:00:00'),
(402, 255, 3, 12, 20, 4, '0000-00-00 00:00:00'),
(403, 255, 2, 4, 13, 38, '0000-00-00 00:00:00'),
(404, 255, 2, 22, 10, 43, '0000-00-00 00:00:00'),
(405, 255, 2, 16, 17, 30, '0000-00-00 00:00:00'),
(406, 255, 1, 19, 15, 28, '0000-00-00 00:00:00'),
(407, 255, 1, 11, 19, 7, '0000-00-00 00:00:00'),
(408, 255, 1, 4, 19, 1, '0000-00-00 00:00:00'),
(409, 255, 3, 4, 19, 48, '0000-00-00 00:00:00'),
(410, 255, 1, 28, 19, 24, '0000-00-00 00:00:00'),
(411, 255, 1, 2, 13, 0, '0000-00-00 00:00:00'),
(412, 255, 1, 25, 14, 29, '0000-00-00 00:00:00'),
(413, 255, 1, 4, 13, 21, '0000-00-00 00:00:00'),
(414, 255, 3, 10, 18, 55, '0000-00-00 00:00:00'),
(415, 255, 3, 22, 19, 36, '0000-00-00 00:00:00'),
(416, 255, 1, 25, 16, 28, '0000-00-00 00:00:00'),
(417, 255, 1, 8, 13, 48, '0000-00-00 00:00:00'),
(418, 255, 1, 22, 10, 57, '0000-00-00 00:00:00'),
(419, 255, 1, 12, 17, 13, '0000-00-00 00:00:00'),
(420, 255, 2, 4, 10, 23, '0000-00-00 00:00:00'),
(421, 255, 3, 28, 13, 57, '0000-00-00 00:00:00'),
(422, 255, 1, 23, 13, 29, '0000-00-00 00:00:00'),
(423, 255, 2, 8, 13, 0, '0000-00-00 00:00:00'),
(424, 255, 3, 19, 19, 42, '0000-00-00 00:00:00'),
(425, 255, 3, 9, 15, 36, '0000-00-00 00:00:00'),
(426, 255, 1, 2, 13, 40, '0000-00-00 00:00:00'),
(427, 255, 1, 21, 18, 1, '0000-00-00 00:00:00'),
(428, 255, 3, 20, 13, 53, '0000-00-00 00:00:00'),
(429, 255, 2, 27, 17, 27, '0000-00-00 00:00:00'),
(430, 255, 3, 8, 10, 53, '0000-00-00 00:00:00'),
(431, 255, 1, 31, 19, 48, '0000-00-00 00:00:00'),
(432, 255, 3, 8, 16, 53, '0000-00-00 00:00:00'),
(433, 255, 1, 13, 19, 14, '0000-00-00 00:00:00'),
(434, 255, 3, 9, 14, 36, '0000-00-00 00:00:00'),
(435, 255, 2, 22, 18, 19, '0000-00-00 00:00:00'),
(436, 255, 3, 19, 19, 9, '0000-00-00 00:00:00'),
(437, 255, 1, 20, 16, 51, '0000-00-00 00:00:00'),
(438, 255, 3, 8, 15, 37, '0000-00-00 00:00:00'),
(439, 255, 3, 8, 20, 15, '0000-00-00 00:00:00'),
(440, 255, 2, 7, 14, 38, '0000-00-00 00:00:00'),
(441, 255, 1, 15, 19, 25, '0000-00-00 00:00:00'),
(442, 255, 3, 22, 19, 35, '0000-00-00 00:00:00'),
(443, 255, 1, 15, 15, 42, '0000-00-00 00:00:00'),
(444, 255, 1, 8, 14, 11, '0000-00-00 00:00:00'),
(445, 255, 1, 15, 10, 43, '0000-00-00 00:00:00'),
(446, 255, 1, 28, 17, 58, '0000-00-00 00:00:00'),
(447, 255, 2, 14, 11, 26, '0000-00-00 00:00:00'),
(448, 255, 3, 10, 17, 38, '0000-00-00 00:00:00'),
(449, 255, 1, 12, 20, 7, '0000-00-00 00:00:00'),
(450, 255, 3, 26, 11, 2, '0000-00-00 00:00:00'),
(451, 255, 1, 1, 19, 7, '0000-00-00 00:00:00'),
(452, 255, 1, 2, 18, 50, '0000-00-00 00:00:00'),
(453, 255, 3, 16, 12, 43, '0000-00-00 00:00:00'),
(454, 255, 3, 3, 15, 9, '0000-00-00 00:00:00'),
(455, 255, 1, 31, 13, 47, '0000-00-00 00:00:00'),
(456, 255, 2, 13, 16, 59, '0000-00-00 00:00:00'),
(457, 255, 2, 15, 14, 15, '0000-00-00 00:00:00'),
(458, 255, 2, 7, 20, 24, '0000-00-00 00:00:00'),
(459, 255, 1, 27, 13, 58, '0000-00-00 00:00:00'),
(460, 255, 2, 23, 16, 52, '0000-00-00 00:00:00'),
(461, 255, 2, 3, 15, 19, '0000-00-00 00:00:00'),
(462, 255, 3, 3, 12, 25, '0000-00-00 00:00:00'),
(463, 255, 2, 3, 10, 2, '0000-00-00 00:00:00'),
(464, 255, 3, 17, 18, 58, '0000-00-00 00:00:00'),
(465, 255, 3, 28, 15, 31, '0000-00-00 00:00:00'),
(466, 255, 3, 2, 11, 22, '0000-00-00 00:00:00'),
(467, 255, 2, 8, 13, 12, '0000-00-00 00:00:00'),
(468, 255, 3, 22, 18, 33, '0000-00-00 00:00:00'),
(469, 255, 2, 9, 10, 2, '0000-00-00 00:00:00'),
(470, 255, 2, 15, 11, 21, '0000-00-00 00:00:00'),
(471, 255, 1, 23, 12, 10, '0000-00-00 00:00:00'),
(472, 255, 1, 25, 11, 40, '0000-00-00 00:00:00'),
(473, 255, 2, 2, 18, 31, '0000-00-00 00:00:00'),
(474, 255, 3, 30, 17, 58, '0000-00-00 00:00:00'),
(475, 255, 3, 30, 17, 4, '0000-00-00 00:00:00'),
(476, 255, 2, 25, 20, 35, '0000-00-00 00:00:00'),
(477, 255, 3, 18, 16, 10, '0000-00-00 00:00:00'),
(478, 255, 3, 7, 16, 54, '0000-00-00 00:00:00'),
(479, 255, 3, 16, 10, 11, '0000-00-00 00:00:00'),
(480, 255, 1, 29, 11, 26, '0000-00-00 00:00:00'),
(481, 255, 2, 2, 20, 29, '0000-00-00 00:00:00'),
(482, 255, 2, 15, 12, 12, '0000-00-00 00:00:00'),
(483, 255, 1, 8, 13, 5, '0000-00-00 00:00:00'),
(484, 255, 2, 12, 16, 19, '0000-00-00 00:00:00'),
(485, 255, 1, 1, 19, 48, '0000-00-00 00:00:00'),
(486, 255, 3, 21, 15, 25, '0000-00-00 00:00:00'),
(487, 255, 2, 28, 14, 42, '0000-00-00 00:00:00'),
(488, 255, 3, 23, 18, 59, '0000-00-00 00:00:00'),
(489, 255, 1, 30, 20, 47, '0000-00-00 00:00:00'),
(490, 255, 2, 4, 13, 21, '0000-00-00 00:00:00'),
(491, 255, 3, 13, 19, 48, '0000-00-00 00:00:00'),
(492, 255, 3, 15, 18, 20, '0000-00-00 00:00:00'),
(493, 255, 3, 5, 20, 24, '0000-00-00 00:00:00'),
(494, 255, 3, 5, 13, 44, '0000-00-00 00:00:00'),
(495, 255, 2, 26, 11, 48, '0000-00-00 00:00:00'),
(496, 255, 3, 20, 14, 14, '0000-00-00 00:00:00'),
(497, 255, 1, 1, 15, 51, '0000-00-00 00:00:00'),
(498, 255, 1, 27, 11, 17, '0000-00-00 00:00:00'),
(499, 255, 1, 21, 17, 36, '0000-00-00 00:00:00'),
(500, 255, 2, 2, 15, 47, '0000-00-00 00:00:00'),
(501, 255, 2, 3, 15, 53, '0000-00-00 00:00:00'),
(502, 255, 1, 5, 12, 40, '0000-00-00 00:00:00'),
(503, 255, 1, 27, 19, 48, '0000-00-00 00:00:00'),
(504, 255, 3, 25, 17, 53, '0000-00-00 00:00:00'),
(505, 255, 2, 25, 16, 36, '0000-00-00 00:00:00'),
(506, 255, 1, 28, 20, 54, '0000-00-00 00:00:00'),
(507, 255, 1, 8, 12, 50, '0000-00-00 00:00:00'),
(508, 255, 1, 29, 10, 48, '0000-00-00 00:00:00'),
(509, 255, 3, 29, 14, 28, '0000-00-00 00:00:00'),
(510, 255, 2, 9, 17, 15, '0000-00-00 00:00:00'),
(511, 255, 1, 16, 18, 3, '0000-00-00 00:00:00'),
(512, 255, 1, 5, 17, 29, '0000-00-00 00:00:00'),
(513, 255, 1, 27, 18, 5, '0000-00-00 00:00:00'),
(514, 255, 3, 14, 12, 7, '0000-00-00 00:00:00'),
(515, 255, 2, 23, 19, 49, '0000-00-00 00:00:00'),
(516, 255, 3, 18, 15, 52, '0000-00-00 00:00:00'),
(517, 255, 3, 29, 16, 48, '0000-00-00 00:00:00'),
(518, 255, 1, 22, 20, 46, '0000-00-00 00:00:00'),
(519, 255, 3, 1, 18, 14, '0000-00-00 00:00:00'),
(520, 255, 1, 17, 15, 5, '0000-00-00 00:00:00'),
(521, 255, 3, 26, 10, 34, '0000-00-00 00:00:00'),
(522, 255, 3, 20, 11, 23, '0000-00-00 00:00:00'),
(523, 255, 2, 6, 13, 55, '0000-00-00 00:00:00'),
(524, 255, 1, 1, 11, 43, '0000-00-00 00:00:00'),
(525, 255, 1, 27, 14, 36, '0000-00-00 00:00:00'),
(526, 255, 2, 25, 16, 3, '0000-00-00 00:00:00'),
(527, 255, 1, 16, 20, 3, '0000-00-00 00:00:00'),
(528, 255, 1, 13, 14, 55, '0000-00-00 00:00:00'),
(529, 255, 2, 7, 11, 28, '0000-00-00 00:00:00'),
(530, 255, 2, 17, 19, 41, '0000-00-00 00:00:00'),
(531, 255, 2, 12, 19, 1, '0000-00-00 00:00:00'),
(532, 255, 1, 24, 18, 4, '0000-00-00 00:00:00'),
(533, 255, 2, 6, 19, 20, '0000-00-00 00:00:00'),
(534, 255, 3, 26, 10, 31, '0000-00-00 00:00:00'),
(535, 255, 3, 11, 13, 28, '0000-00-00 00:00:00'),
(536, 255, 2, 7, 11, 36, '0000-00-00 00:00:00'),
(537, 255, 1, 5, 11, 32, '0000-00-00 00:00:00'),
(538, 255, 3, 7, 11, 44, '0000-00-00 00:00:00'),
(539, 255, 2, 25, 17, 16, '0000-00-00 00:00:00'),
(540, 255, 2, 1, 18, 43, '0000-00-00 00:00:00'),
(541, 255, 1, 22, 11, 0, '0000-00-00 00:00:00'),
(542, 255, 1, 3, 10, 30, '0000-00-00 00:00:00'),
(543, 255, 2, 13, 12, 14, '0000-00-00 00:00:00'),
(544, 255, 1, 28, 16, 43, '0000-00-00 00:00:00'),
(545, 255, 1, 5, 20, 40, '0000-00-00 00:00:00'),
(546, 255, 3, 19, 13, 40, '0000-00-00 00:00:00'),
(547, 255, 1, 12, 16, 23, '0000-00-00 00:00:00'),
(548, 255, 1, 7, 12, 8, '0000-00-00 00:00:00'),
(549, 255, 1, 26, 17, 45, '0000-00-00 00:00:00'),
(550, 255, 1, 23, 10, 28, '0000-00-00 00:00:00'),
(551, 255, 2, 9, 20, 31, '0000-00-00 00:00:00'),
(552, 255, 2, 22, 10, 49, '0000-00-00 00:00:00'),
(553, 255, 2, 5, 12, 34, '0000-00-00 00:00:00'),
(554, 255, 3, 7, 10, 23, '0000-00-00 00:00:00'),
(555, 255, 3, 25, 18, 51, '0000-00-00 00:00:00'),
(556, 255, 1, 20, 13, 45, '0000-00-00 00:00:00'),
(557, 255, 2, 4, 19, 38, '0000-00-00 00:00:00'),
(558, 255, 1, 30, 20, 23, '0000-00-00 00:00:00'),
(559, 255, 1, 2, 15, 24, '0000-00-00 00:00:00'),
(560, 255, 3, 29, 16, 54, '0000-00-00 00:00:00'),
(561, 255, 3, 14, 12, 32, '0000-00-00 00:00:00'),
(562, 255, 2, 11, 15, 42, '0000-00-00 00:00:00'),
(563, 255, 1, 30, 13, 58, '0000-00-00 00:00:00'),
(564, 255, 3, 20, 15, 8, '0000-00-00 00:00:00'),
(565, 255, 3, 20, 13, 2, '0000-00-00 00:00:00'),
(566, 255, 1, 17, 13, 1, '0000-00-00 00:00:00'),
(567, 255, 2, 3, 16, 40, '0000-00-00 00:00:00'),
(568, 255, 1, 1, 13, 55, '0000-00-00 00:00:00'),
(569, 255, 1, 10, 10, 33, '0000-00-00 00:00:00'),
(570, 255, 3, 2, 16, 42, '0000-00-00 00:00:00'),
(571, 255, 2, 25, 17, 16, '0000-00-00 00:00:00'),
(572, 255, 1, 29, 11, 48, '0000-00-00 00:00:00'),
(573, 255, 3, 10, 19, 35, '0000-00-00 00:00:00'),
(574, 255, 1, 13, 19, 55, '0000-00-00 00:00:00'),
(575, 255, 3, 22, 14, 33, '0000-00-00 00:00:00'),
(576, 255, 3, 1, 19, 49, '0000-00-00 00:00:00'),
(577, 255, 2, 20, 18, 43, '0000-00-00 00:00:00'),
(578, 255, 1, 14, 14, 43, '0000-00-00 00:00:00'),
(579, 255, 3, 26, 13, 54, '0000-00-00 00:00:00'),
(580, 255, 3, 1, 12, 15, '0000-00-00 00:00:00'),
(581, 255, 1, 7, 12, 37, '0000-00-00 00:00:00'),
(582, 255, 2, 1, 19, 54, '0000-00-00 00:00:00'),
(583, 255, 2, 13, 15, 6, '0000-00-00 00:00:00'),
(584, 255, 1, 14, 18, 3, '0000-00-00 00:00:00'),
(585, 255, 1, 19, 15, 58, '0000-00-00 00:00:00'),
(586, 255, 3, 9, 13, 53, '0000-00-00 00:00:00'),
(587, 255, 3, 27, 14, 3, '0000-00-00 00:00:00'),
(588, 255, 2, 4, 16, 38, '0000-00-00 00:00:00'),
(589, 255, 3, 14, 11, 7, '0000-00-00 00:00:00'),
(590, 255, 3, 4, 12, 23, '0000-00-00 00:00:00'),
(591, 255, 3, 3, 10, 54, '0000-00-00 00:00:00'),
(592, 255, 1, 27, 17, 38, '0000-00-00 00:00:00'),
(593, 255, 2, 7, 14, 13, '0000-00-00 00:00:00'),
(594, 255, 2, 5, 11, 51, '0000-00-00 00:00:00'),
(595, 255, 3, 15, 13, 5, '0000-00-00 00:00:00'),
(596, 255, 3, 1, 11, 30, '0000-00-00 00:00:00'),
(597, 255, 2, 15, 13, 30, '0000-00-00 00:00:00'),
(598, 255, 2, 17, 19, 11, '0000-00-00 00:00:00'),
(599, 255, 1, 26, 18, 53, '0000-00-00 00:00:00'),
(600, 255, 3, 24, 14, 22, '0000-00-00 00:00:00'),
(601, 255, 1, 23, 17, 16, '0000-00-00 00:00:00'),
(602, 255, 1, 26, 10, 6, '0000-00-00 00:00:00'),
(603, 255, 3, 14, 20, 35, '0000-00-00 00:00:00'),
(604, 255, 3, 17, 13, 54, '0000-00-00 00:00:00'),
(605, 255, 1, 8, 20, 8, '0000-00-00 00:00:00'),
(606, 255, 2, 8, 15, 26, '0000-00-00 00:00:00'),
(607, 255, 2, 10, 12, 56, '0000-00-00 00:00:00'),
(608, 255, 3, 28, 19, 16, '0000-00-00 00:00:00'),
(609, 255, 1, 23, 12, 20, '0000-00-00 00:00:00'),
(610, 255, 1, 17, 10, 37, '0000-00-00 00:00:00'),
(611, 255, 2, 7, 10, 18, '0000-00-00 00:00:00'),
(612, 255, 3, 9, 11, 23, '0000-00-00 00:00:00'),
(613, 255, 1, 24, 11, 45, '0000-00-00 00:00:00'),
(614, 255, 1, 19, 16, 8, '0000-00-00 00:00:00'),
(615, 255, 2, 3, 11, 25, '0000-00-00 00:00:00'),
(616, 255, 3, 20, 12, 24, '0000-00-00 00:00:00'),
(617, 255, 1, 13, 19, 51, '0000-00-00 00:00:00'),
(618, 255, 3, 14, 18, 10, '0000-00-00 00:00:00'),
(619, 255, 1, 23, 11, 22, '0000-00-00 00:00:00'),
(620, 255, 2, 7, 17, 55, '0000-00-00 00:00:00'),
(621, 255, 3, 28, 15, 30, '0000-00-00 00:00:00'),
(622, 255, 3, 20, 19, 44, '0000-00-00 00:00:00'),
(623, 255, 1, 17, 15, 27, '0000-00-00 00:00:00'),
(624, 255, 1, 12, 11, 25, '0000-00-00 00:00:00'),
(625, 255, 2, 16, 15, 42, '0000-00-00 00:00:00'),
(626, 255, 1, 26, 16, 4, '0000-00-00 00:00:00'),
(627, 255, 3, 9, 12, 37, '0000-00-00 00:00:00'),
(628, 255, 3, 14, 14, 41, '0000-00-00 00:00:00'),
(629, 255, 1, 25, 14, 19, '0000-00-00 00:00:00'),
(630, 255, 1, 26, 18, 19, '0000-00-00 00:00:00'),
(631, 255, 1, 19, 14, 8, '0000-00-00 00:00:00'),
(632, 255, 3, 5, 16, 38, '0000-00-00 00:00:00'),
(633, 255, 1, 15, 10, 54, '0000-00-00 00:00:00'),
(634, 255, 3, 18, 11, 29, '0000-00-00 00:00:00'),
(635, 255, 3, 20, 19, 28, '0000-00-00 00:00:00'),
(636, 255, 1, 15, 15, 1, '0000-00-00 00:00:00'),
(637, 255, 3, 3, 20, 31, '0000-00-00 00:00:00'),
(638, 255, 3, 19, 12, 16, '0000-00-00 00:00:00'),
(639, 255, 3, 8, 15, 27, '0000-00-00 00:00:00'),
(640, 255, 2, 27, 17, 36, '0000-00-00 00:00:00'),
(641, 255, 2, 23, 20, 0, '0000-00-00 00:00:00'),
(642, 255, 3, 19, 15, 29, '0000-00-00 00:00:00'),
(643, 255, 3, 27, 15, 8, '0000-00-00 00:00:00'),
(644, 255, 3, 30, 19, 26, '0000-00-00 00:00:00'),
(645, 255, 2, 16, 15, 53, '0000-00-00 00:00:00'),
(646, 255, 1, 18, 18, 43, '0000-00-00 00:00:00'),
(647, 255, 3, 30, 14, 58, '0000-00-00 00:00:00'),
(648, 255, 3, 20, 19, 55, '0000-00-00 00:00:00'),
(649, 255, 1, 16, 15, 10, '0000-00-00 00:00:00'),
(650, 255, 2, 24, 16, 44, '0000-00-00 00:00:00'),
(651, 255, 1, 15, 18, 22, '0000-00-00 00:00:00'),
(652, 255, 1, 22, 11, 52, '0000-00-00 00:00:00'),
(653, 255, 2, 3, 17, 24, '0000-00-00 00:00:00'),
(654, 255, 3, 6, 15, 31, '0000-00-00 00:00:00'),
(655, 255, 2, 16, 18, 4, '0000-00-00 00:00:00'),
(656, 255, 3, 14, 14, 13, '0000-00-00 00:00:00'),
(657, 255, 2, 27, 10, 23, '0000-00-00 00:00:00'),
(658, 255, 1, 18, 10, 11, '0000-00-00 00:00:00'),
(659, 255, 1, 29, 15, 48, '0000-00-00 00:00:00'),
(660, 255, 2, 26, 17, 46, '0000-00-00 00:00:00'),
(661, 255, 2, 3, 11, 46, '0000-00-00 00:00:00'),
(662, 255, 1, 16, 12, 7, '0000-00-00 00:00:00'),
(663, 255, 3, 24, 18, 14, '0000-00-00 00:00:00'),
(664, 255, 2, 12, 14, 45, '0000-00-00 00:00:00'),
(665, 255, 2, 21, 11, 39, '0000-00-00 00:00:00'),
(666, 255, 2, 4, 15, 44, '0000-00-00 00:00:00'),
(667, 255, 2, 20, 13, 6, '0000-00-00 00:00:00'),
(668, 255, 2, 23, 20, 43, '0000-00-00 00:00:00'),
(669, 255, 2, 16, 14, 19, '0000-00-00 00:00:00'),
(670, 255, 1, 17, 10, 1, '0000-00-00 00:00:00'),
(671, 255, 1, 14, 19, 30, '0000-00-00 00:00:00'),
(672, 255, 3, 30, 16, 34, '0000-00-00 00:00:00'),
(673, 255, 3, 2, 13, 10, '0000-00-00 00:00:00'),
(674, 255, 2, 15, 17, 10, '0000-00-00 00:00:00'),
(675, 255, 3, 1, 10, 22, '0000-00-00 00:00:00'),
(676, 255, 2, 24, 19, 57, '0000-00-00 00:00:00'),
(677, 255, 2, 19, 19, 29, '0000-00-00 00:00:00'),
(678, 255, 2, 23, 18, 30, '0000-00-00 00:00:00'),
(679, 255, 2, 7, 14, 27, '0000-00-00 00:00:00'),
(680, 255, 1, 11, 13, 57, '0000-00-00 00:00:00'),
(681, 255, 2, 12, 19, 43, '0000-00-00 00:00:00'),
(682, 255, 1, 14, 10, 11, '0000-00-00 00:00:00'),
(683, 255, 1, 9, 13, 46, '0000-00-00 00:00:00'),
(684, 255, 2, 27, 12, 22, '0000-00-00 00:00:00'),
(685, 255, 1, 24, 19, 20, '0000-00-00 00:00:00'),
(686, 255, 1, 8, 12, 58, '0000-00-00 00:00:00'),
(687, 255, 1, 8, 11, 59, '0000-00-00 00:00:00'),
(688, 255, 1, 16, 17, 59, '0000-00-00 00:00:00'),
(689, 255, 3, 13, 12, 51, '0000-00-00 00:00:00'),
(690, 255, 2, 15, 10, 36, '0000-00-00 00:00:00'),
(691, 255, 1, 25, 13, 38, '0000-00-00 00:00:00'),
(692, 255, 3, 12, 19, 39, '0000-00-00 00:00:00'),
(693, 255, 3, 4, 12, 44, '0000-00-00 00:00:00'),
(694, 255, 2, 10, 13, 56, '0000-00-00 00:00:00'),
(695, 255, 1, 16, 14, 42, '0000-00-00 00:00:00'),
(696, 255, 1, 29, 19, 45, '0000-00-00 00:00:00'),
(697, 255, 1, 1, 20, 26, '0000-00-00 00:00:00'),
(698, 255, 1, 6, 19, 46, '0000-00-00 00:00:00'),
(699, 255, 2, 19, 19, 38, '0000-00-00 00:00:00'),
(700, 255, 1, 12, 16, 18, '0000-00-00 00:00:00'),
(701, 255, 2, 7, 12, 23, '0000-00-00 00:00:00'),
(702, 255, 3, 27, 19, 11, '0000-00-00 00:00:00'),
(703, 255, 2, 27, 18, 57, '0000-00-00 00:00:00'),
(704, 255, 1, 6, 11, 18, '0000-00-00 00:00:00'),
(705, 255, 3, 2, 12, 40, '0000-00-00 00:00:00'),
(706, 255, 3, 29, 14, 6, '0000-00-00 00:00:00'),
(707, 255, 1, 31, 20, 48, '0000-00-00 00:00:00'),
(708, 255, 1, 21, 20, 13, '0000-00-00 00:00:00'),
(709, 255, 1, 20, 20, 37, '0000-00-00 00:00:00'),
(710, 255, 1, 17, 17, 59, '0000-00-00 00:00:00'),
(711, 255, 2, 28, 20, 18, '0000-00-00 00:00:00'),
(712, 255, 3, 19, 15, 52, '0000-00-00 00:00:00'),
(713, 255, 2, 19, 15, 14, '0000-00-00 00:00:00'),
(714, 255, 2, 4, 12, 50, '0000-00-00 00:00:00'),
(715, 255, 1, 31, 10, 36, '0000-00-00 00:00:00'),
(716, 255, 2, 6, 18, 33, '0000-00-00 00:00:00'),
(717, 255, 3, 28, 16, 6, '0000-00-00 00:00:00'),
(718, 255, 1, 19, 12, 47, '0000-00-00 00:00:00'),
(719, 255, 2, 17, 13, 34, '0000-00-00 00:00:00'),
(720, 255, 1, 18, 15, 4, '0000-00-00 00:00:00'),
(721, 255, 2, 2, 20, 42, '0000-00-00 00:00:00'),
(722, 255, 1, 18, 15, 28, '0000-00-00 00:00:00'),
(723, 255, 3, 18, 13, 45, '0000-00-00 00:00:00'),
(724, 255, 1, 11, 20, 10, '0000-00-00 00:00:00'),
(725, 255, 2, 4, 18, 53, '0000-00-00 00:00:00'),
(726, 255, 2, 6, 14, 24, '0000-00-00 00:00:00'),
(727, 255, 1, 8, 11, 42, '0000-00-00 00:00:00'),
(728, 255, 3, 5, 17, 49, '0000-00-00 00:00:00'),
(729, 255, 3, 16, 15, 33, '0000-00-00 00:00:00'),
(730, 255, 3, 9, 10, 54, '0000-00-00 00:00:00'),
(731, 255, 3, 1, 16, 23, '0000-00-00 00:00:00'),
(732, 255, 2, 28, 19, 33, '0000-00-00 00:00:00'),
(733, 255, 2, 8, 11, 39, '0000-00-00 00:00:00'),
(734, 255, 1, 24, 10, 38, '0000-00-00 00:00:00'),
(735, 255, 3, 1, 20, 3, '0000-00-00 00:00:00'),
(736, 255, 3, 10, 12, 39, '0000-00-00 00:00:00'),
(737, 255, 3, 23, 15, 59, '0000-00-00 00:00:00'),
(738, 255, 1, 29, 14, 26, '0000-00-00 00:00:00'),
(739, 255, 1, 12, 18, 22, '0000-00-00 00:00:00'),
(740, 255, 3, 20, 11, 32, '0000-00-00 00:00:00'),
(741, 255, 3, 23, 12, 41, '0000-00-00 00:00:00'),
(742, 255, 1, 14, 15, 20, '0000-00-00 00:00:00'),
(743, 255, 2, 12, 14, 33, '0000-00-00 00:00:00'),
(744, 255, 2, 20, 15, 29, '0000-00-00 00:00:00'),
(745, 255, 1, 2, 16, 19, '0000-00-00 00:00:00'),
(746, 255, 2, 2, 16, 33, '0000-00-00 00:00:00'),
(747, 255, 1, 8, 19, 7, '0000-00-00 00:00:00'),
(748, 255, 1, 30, 14, 43, '0000-00-00 00:00:00'),
(749, 255, 3, 26, 19, 28, '0000-00-00 00:00:00'),
(750, 255, 1, 15, 20, 44, '0000-00-00 00:00:00'),
(751, 255, 3, 14, 11, 16, '0000-00-00 00:00:00'),
(752, 255, 2, 3, 10, 31, '0000-00-00 00:00:00'),
(753, 255, 2, 22, 12, 30, '0000-00-00 00:00:00'),
(754, 255, 1, 24, 15, 5, '0000-00-00 00:00:00'),
(755, 255, 1, 25, 18, 30, '0000-00-00 00:00:00'),
(756, 255, 3, 9, 13, 18, '0000-00-00 00:00:00'),
(757, 255, 2, 17, 15, 28, '0000-00-00 00:00:00'),
(758, 255, 1, 11, 11, 52, '0000-00-00 00:00:00'),
(759, 255, 2, 27, 18, 24, '0000-00-00 00:00:00'),
(760, 255, 3, 25, 15, 19, '0000-00-00 00:00:00'),
(761, 255, 2, 11, 10, 38, '0000-00-00 00:00:00'),
(762, 255, 1, 31, 15, 12, '0000-00-00 00:00:00'),
(763, 255, 1, 20, 17, 48, '0000-00-00 00:00:00'),
(764, 255, 3, 26, 11, 7, '0000-00-00 00:00:00'),
(765, 255, 1, 20, 15, 48, '0000-00-00 00:00:00'),
(766, 255, 3, 5, 19, 40, '0000-00-00 00:00:00'),
(767, 255, 1, 5, 20, 30, '0000-00-00 00:00:00'),
(768, 255, 2, 13, 13, 59, '0000-00-00 00:00:00'),
(769, 255, 3, 16, 18, 51, '0000-00-00 00:00:00'),
(770, 255, 1, 15, 17, 24, '0000-00-00 00:00:00'),
(771, 255, 2, 26, 11, 58, '0000-00-00 00:00:00'),
(772, 255, 2, 27, 19, 1, '0000-00-00 00:00:00'),
(773, 255, 2, 17, 16, 50, '0000-00-00 00:00:00'),
(774, 255, 2, 6, 10, 22, '0000-00-00 00:00:00'),
(775, 255, 1, 17, 16, 46, '0000-00-00 00:00:00'),
(776, 255, 1, 22, 18, 8, '0000-00-00 00:00:00'),
(777, 255, 3, 5, 18, 2, '0000-00-00 00:00:00'),
(778, 255, 1, 3, 13, 7, '0000-00-00 00:00:00'),
(779, 255, 3, 20, 17, 52, '0000-00-00 00:00:00'),
(780, 255, 1, 31, 20, 32, '0000-00-00 00:00:00'),
(781, 255, 2, 19, 19, 24, '0000-00-00 00:00:00'),
(782, 255, 2, 11, 16, 6, '0000-00-00 00:00:00'),
(783, 255, 2, 5, 14, 14, '0000-00-00 00:00:00'),
(784, 255, 3, 3, 17, 36, '0000-00-00 00:00:00'),
(785, 255, 2, 24, 13, 8, '0000-00-00 00:00:00'),
(786, 255, 2, 4, 16, 9, '0000-00-00 00:00:00'),
(787, 255, 2, 19, 11, 33, '0000-00-00 00:00:00'),
(788, 255, 1, 23, 10, 18, '0000-00-00 00:00:00'),
(789, 255, 1, 14, 10, 55, '0000-00-00 00:00:00'),
(790, 255, 1, 17, 15, 15, '0000-00-00 00:00:00'),
(791, 255, 3, 3, 20, 6, '0000-00-00 00:00:00'),
(792, 255, 2, 15, 20, 21, '0000-00-00 00:00:00'),
(793, 255, 1, 15, 13, 48, '0000-00-00 00:00:00'),
(794, 255, 2, 27, 12, 52, '0000-00-00 00:00:00'),
(795, 255, 2, 26, 12, 28, '0000-00-00 00:00:00'),
(796, 255, 3, 15, 16, 26, '0000-00-00 00:00:00'),
(797, 255, 1, 24, 13, 24, '0000-00-00 00:00:00'),
(798, 255, 2, 22, 15, 15, '0000-00-00 00:00:00'),
(799, 255, 3, 15, 10, 50, '0000-00-00 00:00:00'),
(800, 255, 2, 11, 18, 38, '0000-00-00 00:00:00'),
(801, 255, 1, 12, 16, 45, '0000-00-00 00:00:00'),
(802, 255, 3, 3, 19, 30, '0000-00-00 00:00:00'),
(803, 255, 3, 23, 13, 23, '0000-00-00 00:00:00'),
(804, 255, 3, 4, 11, 27, '0000-00-00 00:00:00'),
(805, 255, 2, 23, 11, 12, '0000-00-00 00:00:00'),
(806, 255, 3, 17, 16, 36, '0000-00-00 00:00:00'),
(807, 255, 1, 16, 18, 41, '0000-00-00 00:00:00'),
(808, 255, 1, 8, 17, 12, '0000-00-00 00:00:00'),
(809, 255, 1, 14, 10, 38, '0000-00-00 00:00:00'),
(810, 255, 1, 31, 10, 33, '0000-00-00 00:00:00'),
(811, 255, 3, 15, 14, 38, '0000-00-00 00:00:00'),
(812, 255, 2, 24, 18, 6, '0000-00-00 00:00:00'),
(813, 255, 2, 8, 12, 52, '0000-00-00 00:00:00'),
(814, 255, 3, 22, 14, 0, '0000-00-00 00:00:00'),
(815, 255, 1, 24, 10, 57, '0000-00-00 00:00:00'),
(816, 255, 3, 14, 16, 45, '0000-00-00 00:00:00'),
(817, 255, 1, 23, 11, 15, '0000-00-00 00:00:00'),
(818, 255, 1, 19, 20, 29, '0000-00-00 00:00:00'),
(819, 255, 1, 27, 20, 3, '0000-00-00 00:00:00'),
(820, 255, 2, 3, 14, 35, '0000-00-00 00:00:00'),
(821, 255, 3, 25, 16, 32, '0000-00-00 00:00:00'),
(822, 255, 2, 24, 10, 10, '0000-00-00 00:00:00'),
(823, 255, 2, 7, 14, 15, '0000-00-00 00:00:00'),
(824, 255, 3, 4, 10, 5, '0000-00-00 00:00:00'),
(825, 255, 2, 14, 11, 36, '0000-00-00 00:00:00'),
(826, 255, 1, 29, 18, 15, '0000-00-00 00:00:00'),
(827, 255, 1, 28, 13, 53, '0000-00-00 00:00:00'),
(828, 255, 3, 26, 18, 37, '0000-00-00 00:00:00'),
(829, 255, 3, 24, 18, 27, '0000-00-00 00:00:00'),
(830, 255, 1, 1, 14, 42, '0000-00-00 00:00:00'),
(831, 255, 1, 24, 17, 43, '0000-00-00 00:00:00'),
(832, 255, 2, 25, 18, 37, '0000-00-00 00:00:00'),
(833, 255, 1, 9, 16, 34, '0000-00-00 00:00:00'),
(834, 255, 2, 14, 14, 42, '0000-00-00 00:00:00'),
(835, 255, 3, 12, 11, 1, '0000-00-00 00:00:00'),
(836, 255, 3, 26, 19, 44, '0000-00-00 00:00:00'),
(837, 255, 1, 9, 13, 34, '0000-00-00 00:00:00'),
(838, 255, 1, 2, 20, 8, '0000-00-00 00:00:00'),
(839, 255, 1, 15, 15, 1, '0000-00-00 00:00:00'),
(840, 255, 1, 1, 11, 40, '0000-00-00 00:00:00'),
(841, 255, 2, 15, 15, 21, '0000-00-00 00:00:00'),
(842, 255, 2, 28, 17, 38, '0000-00-00 00:00:00'),
(843, 255, 3, 2, 16, 16, '0000-00-00 00:00:00'),
(844, 255, 2, 13, 18, 15, '0000-00-00 00:00:00'),
(845, 255, 1, 26, 12, 43, '0000-00-00 00:00:00'),
(846, 255, 1, 30, 11, 32, '0000-00-00 00:00:00'),
(847, 255, 1, 27, 18, 8, '0000-00-00 00:00:00'),
(848, 255, 1, 30, 17, 8, '0000-00-00 00:00:00'),
(849, 255, 1, 8, 19, 38, '0000-00-00 00:00:00'),
(850, 255, 1, 19, 13, 11, '0000-00-00 00:00:00'),
(851, 255, 1, 25, 11, 5, '0000-00-00 00:00:00'),
(852, 255, 2, 19, 10, 12, '0000-00-00 00:00:00'),
(853, 255, 1, 14, 15, 42, '0000-00-00 00:00:00'),
(854, 255, 2, 25, 11, 58, '0000-00-00 00:00:00'),
(855, 255, 1, 23, 14, 21, '0000-00-00 00:00:00'),
(856, 255, 2, 16, 10, 52, '0000-00-00 00:00:00'),
(857, 255, 1, 1, 19, 31, '0000-00-00 00:00:00'),
(858, 255, 3, 7, 18, 35, '0000-00-00 00:00:00'),
(859, 255, 2, 15, 13, 51, '0000-00-00 00:00:00'),
(860, 255, 1, 23, 12, 35, '0000-00-00 00:00:00'),
(861, 255, 2, 20, 13, 24, '0000-00-00 00:00:00'),
(862, 255, 1, 8, 18, 6, '0000-00-00 00:00:00'),
(863, 255, 3, 17, 11, 55, '0000-00-00 00:00:00'),
(864, 255, 1, 12, 11, 42, '0000-00-00 00:00:00'),
(865, 255, 1, 8, 14, 30, '0000-00-00 00:00:00'),
(866, 255, 1, 26, 15, 11, '0000-00-00 00:00:00'),
(867, 255, 3, 15, 14, 48, '0000-00-00 00:00:00'),
(868, 255, 1, 17, 12, 36, '0000-00-00 00:00:00'),
(869, 255, 1, 8, 19, 9, '0000-00-00 00:00:00'),
(870, 255, 1, 6, 13, 35, '0000-00-00 00:00:00'),
(871, 255, 2, 16, 10, 33, '0000-00-00 00:00:00'),
(872, 255, 3, 13, 15, 45, '0000-00-00 00:00:00'),
(873, 255, 1, 28, 11, 51, '0000-00-00 00:00:00'),
(874, 255, 1, 18, 17, 26, '0000-00-00 00:00:00'),
(875, 255, 3, 19, 11, 52, '0000-00-00 00:00:00'),
(876, 255, 3, 15, 14, 4, '0000-00-00 00:00:00'),
(877, 255, 2, 12, 17, 49, '0000-00-00 00:00:00'),
(878, 255, 2, 25, 20, 19, '0000-00-00 00:00:00'),
(879, 255, 3, 21, 16, 8, '0000-00-00 00:00:00'),
(880, 255, 1, 19, 10, 17, '0000-00-00 00:00:00'),
(881, 255, 1, 8, 14, 25, '0000-00-00 00:00:00'),
(882, 255, 3, 30, 12, 51, '0000-00-00 00:00:00'),
(883, 255, 2, 20, 15, 18, '0000-00-00 00:00:00'),
(884, 255, 3, 30, 12, 45, '0000-00-00 00:00:00'),
(885, 255, 3, 19, 13, 37, '0000-00-00 00:00:00'),
(886, 255, 1, 13, 10, 3, '0000-00-00 00:00:00'),
(887, 255, 2, 5, 19, 42, '0000-00-00 00:00:00'),
(888, 255, 3, 23, 13, 14, '0000-00-00 00:00:00'),
(889, 255, 3, 13, 12, 47, '0000-00-00 00:00:00'),
(890, 255, 3, 17, 19, 53, '0000-00-00 00:00:00'),
(891, 255, 2, 21, 10, 26, '0000-00-00 00:00:00'),
(892, 255, 2, 7, 15, 6, '0000-00-00 00:00:00'),
(893, 255, 3, 2, 16, 35, '0000-00-00 00:00:00'),
(894, 255, 3, 6, 20, 57, '0000-00-00 00:00:00'),
(895, 255, 2, 6, 15, 16, '0000-00-00 00:00:00'),
(896, 255, 1, 28, 17, 47, '0000-00-00 00:00:00'),
(897, 255, 1, 18, 16, 23, '0000-00-00 00:00:00'),
(898, 255, 2, 5, 10, 17, '0000-00-00 00:00:00'),
(899, 255, 3, 2, 13, 50, '0000-00-00 00:00:00'),
(900, 255, 2, 9, 19, 17, '0000-00-00 00:00:00'),
(901, 255, 1, 14, 14, 0, '0000-00-00 00:00:00'),
(902, 255, 2, 9, 12, 2, '0000-00-00 00:00:00'),
(903, 255, 3, 26, 20, 21, '0000-00-00 00:00:00'),
(904, 255, 1, 28, 17, 35, '0000-00-00 00:00:00'),
(905, 255, 2, 14, 12, 42, '0000-00-00 00:00:00'),
(906, 255, 3, 24, 17, 56, '0000-00-00 00:00:00'),
(907, 255, 2, 9, 18, 58, '0000-00-00 00:00:00'),
(908, 255, 3, 24, 14, 8, '0000-00-00 00:00:00'),
(909, 255, 3, 27, 16, 30, '0000-00-00 00:00:00'),
(910, 255, 1, 27, 10, 44, '0000-00-00 00:00:00'),
(911, 255, 3, 27, 20, 29, '0000-00-00 00:00:00'),
(912, 255, 1, 19, 11, 43, '0000-00-00 00:00:00'),
(913, 255, 2, 7, 10, 9, '0000-00-00 00:00:00'),
(914, 255, 1, 31, 10, 0, '0000-00-00 00:00:00'),
(915, 255, 2, 25, 18, 45, '0000-00-00 00:00:00'),
(916, 255, 2, 2, 12, 40, '0000-00-00 00:00:00'),
(917, 255, 3, 14, 15, 36, '0000-00-00 00:00:00'),
(918, 255, 3, 11, 12, 4, '0000-00-00 00:00:00'),
(919, 255, 2, 22, 11, 26, '0000-00-00 00:00:00'),
(920, 255, 3, 2, 12, 36, '0000-00-00 00:00:00'),
(921, 255, 3, 10, 15, 6, '0000-00-00 00:00:00'),
(922, 255, 2, 8, 10, 58, '0000-00-00 00:00:00'),
(923, 255, 2, 22, 12, 10, '0000-00-00 00:00:00'),
(924, 255, 1, 10, 10, 31, '0000-00-00 00:00:00'),
(925, 255, 3, 14, 13, 49, '0000-00-00 00:00:00'),
(926, 255, 1, 10, 11, 10, '0000-00-00 00:00:00'),
(927, 255, 2, 15, 17, 38, '0000-00-00 00:00:00'),
(928, 255, 1, 13, 17, 54, '0000-00-00 00:00:00'),
(929, 255, 2, 15, 20, 51, '0000-00-00 00:00:00'),
(930, 255, 3, 2, 19, 26, '0000-00-00 00:00:00'),
(931, 255, 3, 24, 13, 33, '0000-00-00 00:00:00'),
(932, 255, 2, 2, 14, 5, '0000-00-00 00:00:00'),
(933, 255, 2, 27, 11, 40, '0000-00-00 00:00:00'),
(934, 255, 1, 20, 12, 27, '0000-00-00 00:00:00'),
(935, 255, 1, 3, 20, 24, '0000-00-00 00:00:00'),
(936, 255, 1, 24, 20, 59, '0000-00-00 00:00:00'),
(937, 255, 1, 5, 19, 48, '0000-00-00 00:00:00'),
(938, 255, 3, 30, 10, 18, '0000-00-00 00:00:00'),
(939, 255, 2, 17, 16, 27, '0000-00-00 00:00:00'),
(940, 255, 3, 21, 17, 4, '0000-00-00 00:00:00'),
(941, 255, 3, 2, 18, 14, '0000-00-00 00:00:00'),
(942, 255, 3, 27, 10, 43, '0000-00-00 00:00:00'),
(943, 255, 1, 19, 19, 30, '0000-00-00 00:00:00'),
(944, 255, 2, 19, 14, 53, '0000-00-00 00:00:00'),
(945, 255, 3, 28, 20, 14, '0000-00-00 00:00:00'),
(946, 255, 1, 5, 11, 51, '0000-00-00 00:00:00'),
(947, 255, 3, 26, 14, 13, '0000-00-00 00:00:00'),
(948, 255, 2, 3, 20, 13, '0000-00-00 00:00:00'),
(949, 255, 2, 6, 18, 44, '0000-00-00 00:00:00'),
(950, 255, 2, 24, 14, 26, '0000-00-00 00:00:00'),
(951, 255, 2, 21, 12, 40, '0000-00-00 00:00:00'),
(952, 255, 1, 9, 18, 43, '0000-00-00 00:00:00'),
(953, 255, 2, 25, 13, 22, '0000-00-00 00:00:00'),
(954, 255, 1, 13, 13, 58, '0000-00-00 00:00:00'),
(955, 255, 2, 9, 11, 45, '0000-00-00 00:00:00'),
(956, 255, 1, 6, 11, 51, '0000-00-00 00:00:00'),
(957, 255, 1, 10, 17, 16, '0000-00-00 00:00:00'),
(958, 255, 2, 7, 15, 55, '0000-00-00 00:00:00'),
(959, 255, 1, 9, 12, 7, '0000-00-00 00:00:00'),
(960, 255, 2, 19, 15, 7, '0000-00-00 00:00:00'),
(961, 255, 3, 18, 15, 29, '0000-00-00 00:00:00'),
(962, 255, 2, 5, 18, 45, '0000-00-00 00:00:00'),
(963, 255, 3, 19, 15, 23, '0000-00-00 00:00:00'),
(964, 255, 3, 30, 20, 37, '0000-00-00 00:00:00'),
(965, 255, 1, 26, 14, 41, '0000-00-00 00:00:00'),
(966, 255, 3, 2, 18, 18, '0000-00-00 00:00:00'),
(967, 255, 3, 4, 15, 27, '0000-00-00 00:00:00'),
(968, 255, 1, 13, 12, 55, '0000-00-00 00:00:00'),
(969, 255, 3, 25, 18, 2, '0000-00-00 00:00:00'),
(970, 255, 3, 11, 19, 44, '0000-00-00 00:00:00'),
(971, 255, 1, 1, 11, 36, '0000-00-00 00:00:00'),
(972, 255, 2, 10, 13, 51, '0000-00-00 00:00:00'),
(973, 255, 1, 26, 15, 17, '0000-00-00 00:00:00'),
(974, 255, 2, 11, 15, 29, '0000-00-00 00:00:00'),
(975, 255, 2, 7, 17, 59, '0000-00-00 00:00:00'),
(976, 255, 3, 6, 11, 55, '0000-00-00 00:00:00'),
(977, 255, 3, 4, 10, 39, '0000-00-00 00:00:00'),
(978, 255, 2, 26, 15, 10, '0000-00-00 00:00:00'),
(979, 255, 3, 10, 18, 10, '0000-00-00 00:00:00'),
(980, 255, 2, 4, 20, 43, '0000-00-00 00:00:00'),
(981, 255, 1, 19, 12, 46, '0000-00-00 00:00:00'),
(982, 255, 1, 23, 17, 44, '0000-00-00 00:00:00'),
(983, 255, 3, 14, 14, 19, '0000-00-00 00:00:00'),
(984, 255, 1, 23, 10, 33, '0000-00-00 00:00:00'),
(985, 255, 1, 9, 11, 40, '0000-00-00 00:00:00'),
(986, 255, 2, 7, 19, 30, '0000-00-00 00:00:00'),
(987, 255, 2, 18, 14, 42, '0000-00-00 00:00:00'),
(988, 255, 1, 3, 19, 8, '0000-00-00 00:00:00'),
(989, 255, 3, 29, 19, 12, '0000-00-00 00:00:00'),
(990, 255, 1, 28, 15, 46, '0000-00-00 00:00:00'),
(991, 255, 3, 22, 19, 6, '0000-00-00 00:00:00'),
(992, 255, 1, 24, 18, 10, '0000-00-00 00:00:00'),
(993, 255, 3, 10, 20, 46, '0000-00-00 00:00:00'),
(994, 255, 2, 22, 18, 35, '0000-00-00 00:00:00'),
(995, 255, 2, 18, 11, 40, '0000-00-00 00:00:00'),
(996, 255, 1, 29, 13, 46, '0000-00-00 00:00:00'),
(997, 255, 3, 2, 17, 16, '0000-00-00 00:00:00'),
(998, 255, 2, 9, 13, 22, '0000-00-00 00:00:00'),
(999, 255, 2, 22, 15, 33, '0000-00-00 00:00:00'),
(1000, 255, 2, 18, 13, 28, '0000-00-00 00:00:00');

-- --------------------------------------------------------

--
-- Estructura de tabla para la tabla `dim_product`
--

CREATE TABLE `dim_product` (
  `product_id` int(10) UNSIGNED NOT NULL,
  `line` varchar(128) NOT NULL
) ENGINE=InnoDB DEFAULT CHARSET=utf8mb4 COLLATE=utf8mb4_general_ci;

--
-- Volcado de datos para la tabla `dim_product`
--

INSERT INTO `dim_product` (`product_id`, `line`) VALUES
(1, 'Electronic accessories'),
(2, 'Fashion accessories'),
(3, 'Food and beverages'),
(4, 'Health and beauty'),
(5, 'Home and lifestyle'),
(6, 'Sports and travel');

-- --------------------------------------------------------

--
-- Estructura de tabla para la tabla `fact_sale`
--

CREATE TABLE `fact_sale` (
  `sale_id` int(10) UNSIGNED NOT NULL,
  `branch_id` int(10) UNSIGNED NOT NULL,
  `customer_id` int(10) UNSIGNED NOT NULL,
  `product_id` int(10) UNSIGNED NOT NULL,
  `datetime_id` int(10) UNSIGNED NOT NULL,
  `unit_price` decimal(6,2) NOT NULL,
  `quantity` int(10) UNSIGNED NOT NULL,
  `five_percent_tax` decimal(8,4) NOT NULL,
  `total` decimal(10,2) NOT NULL,
  `cogs` decimal(6,2) NOT NULL,
  `gross_margin_percentage` decimal(12,10) NOT NULL,
  `gross_income` decimal(8,4) NOT NULL,
  `rating` float(4,1) NOT NULL
) ENGINE=InnoDB DEFAULT CHARSET=utf8mb4 COLLATE=utf8mb4_general_ci;

--
-- Volcado de datos para la tabla `fact_sale`
--

INSERT INTO `fact_sale` (`sale_id`, `branch_id`, `customer_id`, `product_id`, `datetime_id`, `unit_price`, `quantity`, `five_percent_tax`, `total`, `cogs`, `gross_margin_percentage`, `gross_income`, `rating`) VALUES
(500, 1, 6, 4, 1, 74.69, 7, 261.4150, 5.49, 522.83, 4.7610000000, 261.4150, 9.1),
(501, 8, 1, 2, 2, 15.28, 5, 3.8200, 80.22, 76.40, 4.7610000000, 3.8200, 9.6),
(502, 1, 9, 5, 3, 46.33, 7, 162.1550, 3.41, 324.31, 4.7610000000, 162.1550, 7.4),
(503, 1, 12, 4, 4, 58.22, 8, 23.2880, 489.05, 465.76, 4.7610000000, 23.2880, 8.4),
(504, 1, 11, 6, 5, 86.31, 7, 302.0850, 6.34, 604.17, 4.7610000000, 302.0850, 5.3),
(505, 8, 11, 2, 6, 85.39, 7, 298.8650, 6.28, 597.73, 4.7610000000, 298.8650, 4.1),
(506, 1, 6, 2, 7, 68.84, 6, 20.6520, 433.69, 413.04, 4.7610000000, 20.6520, 5.8),
(507, 8, 5, 5, 8, 73.56, 10, 36.7800, 772.38, 735.60, 4.7610000000, 36.7800, 8.0),
(508, 1, 4, 4, 9, 36.26, 2, 3.6260, 76.15, 72.52, 4.7610000000, 3.6260, 7.2),
(509, 6, 4, 3, 10, 54.84, 3, 8.2260, 172.75, 164.52, 4.7610000000, 8.2260, 5.9),
(510, 6, 6, 1, 11, 14.48, 4, 2.8960, 60.82, 57.92, 4.7610000000, 2.8960, 4.5),
(511, 6, 8, 2, 12, 25.51, 4, 5.1020, 107.14, 102.04, 4.7610000000, 5.1020, 6.8),
(512, 1, 5, 2, 13, 46.95, 5, 117.3750, 2.46, 234.75, 4.7610000000, 117.3750, 7.1),
(513, 1, 11, 3, 14, 43.19, 10, 21.5950, 453.50, 431.90, 4.7610000000, 21.5950, 8.2),
(514, 1, 1, 4, 15, 71.38, 10, 35.6900, 749.49, 713.80, 4.7610000000, 35.6900, 5.7),
(515, 6, 2, 6, 16, 93.72, 6, 28.1160, 590.44, 562.32, 4.7610000000, 28.1160, 4.5),
(516, 1, 4, 4, 17, 68.93, 7, 241.2550, 5.07, 482.51, 4.7610000000, 241.2550, 4.6),
(517, 1, 9, 6, 18, 72.61, 6, 21.7830, 457.44, 435.66, 4.7610000000, 21.7830, 6.9),
(518, 1, 9, 3, 19, 54.67, 3, 82.0050, 1.72, 164.01, 4.7610000000, 82.0050, 8.6),
(519, 6, 5, 5, 20, 40.30, 2, 4.0300, 84.63, 80.60, 4.7610000000, 4.0300, 4.4),
(520, 8, 12, 2, 21, 86.04, 5, 21.5100, 451.71, 430.20, 4.7610000000, 21.5100, 4.8),
(521, 6, 11, 4, 22, 87.98, 3, 13.1970, 277.14, 263.94, 4.7610000000, 13.1970, 5.1),
(522, 6, 9, 5, 23, 33.20, 2, 3.3200, 69.72, 66.40, 4.7610000000, 3.3200, 4.4),
(523, 1, 11, 2, 24, 34.56, 5, 8.6400, 181.44, 172.80, 4.7610000000, 8.6400, 9.9),
(524, 1, 12, 6, 25, 88.63, 3, 132.9450, 2.79, 265.89, 4.7610000000, 132.9450, 6.0),
(525, 1, 4, 5, 26, 52.59, 8, 21.0360, 441.76, 420.72, 4.7610000000, 21.0360, 8.5),
(526, 6, 7, 1, 27, 33.52, 1, 1.6760, 35.20, 33.52, 4.7610000000, 1.6760, 6.7),
(527, 1, 3, 1, 28, 87.67, 2, 8.7670, 184.11, 175.34, 4.7610000000, 8.7670, 7.7),
(528, 6, 1, 3, 29, 88.36, 5, 22.0900, 463.89, 441.80, 4.7610000000, 22.0900, 9.6),
(529, 1, 7, 4, 30, 24.89, 9, 112.0050, 2.35, 224.01, 4.7610000000, 112.0050, 7.4),
(530, 6, 9, 1, 31, 94.13, 5, 235.3250, 4.94, 470.65, 4.7610000000, 235.3250, 4.8),
(531, 6, 8, 6, 32, 78.07, 9, 351.3150, 7.38, 702.63, 4.7610000000, 351.3150, 4.5),
(532, 6, 7, 6, 33, 83.78, 8, 33.5120, 703.75, 670.24, 4.7610000000, 33.5120, 5.1),
(533, 1, 9, 4, 34, 96.58, 2, 9.6580, 202.82, 193.16, 4.7610000000, 9.6580, 5.1),
(534, 8, 6, 3, 35, 99.42, 4, 19.8840, 417.56, 397.68, 4.7610000000, 19.8840, 7.5),
(535, 8, 6, 6, 36, 68.12, 1, 3.4060, 71.53, 68.12, 4.7610000000, 3.4060, 6.8),
(536, 1, 12, 6, 37, 62.62, 5, 15.6550, 328.76, 313.10, 4.7610000000, 15.6550, 7.0),
(537, 1, 5, 2, 38, 60.88, 9, 27.3960, 575.32, 547.92, 4.7610000000, 27.3960, 4.7),
(538, 8, 5, 4, 39, 54.92, 8, 21.9680, 461.33, 439.36, 4.7610000000, 21.9680, 7.6),
(539, 6, 8, 5, 40, 30.12, 8, 12.0480, 253.01, 240.96, 4.7610000000, 12.0480, 7.7),
(540, 6, 6, 5, 41, 86.72, 1, 4.3360, 91.06, 86.72, 4.7610000000, 4.3360, 7.9),
(541, 8, 8, 5, 42, 56.11, 2, 5.6110, 117.83, 112.22, 4.7610000000, 5.6110, 6.3),
(542, 6, 2, 6, 43, 69.12, 6, 20.7360, 435.46, 414.72, 4.7610000000, 20.7360, 5.6),
(543, 8, 2, 3, 44, 98.70, 8, 39.4800, 829.08, 789.60, 4.7610000000, 39.4800, 7.6),
(544, 8, 8, 4, 45, 15.37, 2, 1.5370, 32.28, 30.74, 4.7610000000, 1.5370, 7.2),
(545, 6, 2, 2, 46, 93.96, 4, 18.7920, 394.63, 375.84, 4.7610000000, 18.7920, 9.5),
(546, 6, 10, 4, 47, 56.69, 9, 255.1050, 5.36, 510.21, 4.7610000000, 255.1050, 8.4),
(547, 6, 6, 3, 48, 20.01, 9, 90.0450, 1.89, 180.09, 4.7610000000, 90.0450, 4.1),
(548, 6, 10, 2, 49, 18.93, 6, 5.6790, 119.26, 113.58, 4.7610000000, 5.6790, 8.1),
(549, 8, 6, 1, 50, 82.63, 10, 41.3150, 867.62, 826.30, 4.7610000000, 41.3150, 7.9),
(550, 8, 8, 3, 51, 91.40, 7, 31.9900, 671.79, 639.80, 4.7610000000, 31.9900, 9.5),
(551, 1, 2, 3, 52, 44.59, 5, 111.4750, 2.34, 222.95, 4.7610000000, 111.4750, 8.5),
(552, 6, 6, 1, 53, 17.87, 4, 3.5740, 75.05, 71.48, 4.7610000000, 3.5740, 6.5),
(553, 8, 10, 1, 54, 15.43, 1, 0.7715, 162.02, 15.43, 4.7610000000, 0.7715, 6.1),
(554, 6, 11, 5, 55, 16.16, 2, 1.6160, 33.94, 32.32, 4.7610000000, 1.6160, 6.5),
(555, 8, 1, 2, 56, 85.98, 8, 34.3920, 722.23, 687.84, 4.7610000000, 34.3920, 8.2),
(556, 1, 8, 5, 57, 44.34, 2, 4.4340, 93.11, 88.68, 4.7610000000, 4.4340, 5.8),
(557, 1, 11, 4, 58, 89.60, 8, 35.8400, 752.64, 716.80, 4.7610000000, 35.8400, 6.6),
(558, 1, 2, 5, 59, 72.35, 10, 36.1750, 759.68, 723.50, 4.7610000000, 36.1750, 5.4),
(559, 8, 7, 2, 60, 30.61, 6, 9.1830, 192.84, 183.66, 4.7610000000, 9.1830, 9.3),
(560, 8, 4, 6, 61, 24.74, 3, 3.7110, 77.93, 74.22, 4.7610000000, 3.7110, 10.0),
(561, 8, 11, 5, 62, 55.73, 6, 16.7190, 351.10, 334.38, 4.7610000000, 16.7190, 7.0),
(562, 6, 6, 6, 63, 55.07, 9, 247.8150, 5.20, 495.63, 4.7610000000, 247.8150, 10.0),
(563, 1, 10, 6, 64, 15.81, 10, 7.9050, 166.01, 158.10, 4.7610000000, 7.9050, 8.6),
(564, 6, 8, 4, 65, 75.74, 4, 15.1480, 318.11, 302.96, 4.7610000000, 15.1480, 7.6),
(565, 1, 8, 4, 66, 15.87, 10, 7.9350, 166.64, 158.70, 4.7610000000, 7.9350, 5.8),
(566, 8, 5, 4, 67, 33.47, 2, 3.3470, 70.29, 66.94, 4.7610000000, 3.3470, 6.7),
(567, 6, 6, 1, 68, 97.61, 6, 29.2830, 614.94, 585.66, 4.7610000000, 29.2830, 9.9),
(568, 1, 7, 6, 69, 78.77, 10, 39.3850, 827.09, 787.70, 4.7610000000, 39.3850, 6.4),
(569, 1, 2, 4, 70, 18.33, 1, 0.9165, 192.47, 18.33, 4.7610000000, 0.9165, 4.3),
(570, 8, 9, 3, 71, 89.48, 10, 44.7400, 939.54, 894.80, 4.7610000000, 44.7400, 9.6),
(571, 8, 7, 1, 72, 62.12, 10, 31.0600, 652.26, 621.20, 4.7610000000, 31.0600, 5.9),
(572, 6, 6, 3, 73, 48.52, 3, 7.2780, 152.84, 145.56, 4.7610000000, 7.2780, 4.0),
(573, 8, 1, 2, 74, 75.91, 6, 22.7730, 478.23, 455.46, 4.7610000000, 22.7730, 8.7),
(574, 1, 11, 5, 75, 74.67, 9, 336.0150, 7.06, 672.03, 4.7610000000, 336.0150, 9.4),
(575, 8, 3, 2, 76, 41.65, 10, 20.8250, 437.33, 416.50, 4.7610000000, 20.8250, 5.4),
(576, 8, 10, 1, 77, 49.04, 9, 22.0680, 463.43, 441.36, 4.7610000000, 22.0680, 8.6),
(577, 1, 4, 1, 78, 20.01, 9, 90.0450, 1.89, 180.09, 4.7610000000, 90.0450, 5.7),
(578, 8, 6, 3, 79, 78.31, 10, 39.1550, 822.26, 783.10, 4.7610000000, 39.1550, 6.6),
(579, 8, 1, 4, 80, 20.38, 5, 5.0950, 107.00, 101.90, 4.7610000000, 5.0950, 6.0),
(580, 8, 3, 4, 81, 99.19, 6, 29.7570, 624.90, 595.14, 4.7610000000, 29.7570, 5.5),
(581, 6, 5, 3, 82, 96.68, 3, 14.5020, 304.54, 290.04, 4.7610000000, 14.5020, 6.4),
(582, 8, 11, 3, 83, 19.25, 8, 7.7000, 161.70, 154.00, 4.7610000000, 7.7000, 6.6),
(583, 8, 4, 3, 84, 80.36, 4, 16.0720, 337.51, 321.44, 4.7610000000, 16.0720, 8.3),
(584, 8, 8, 6, 85, 48.91, 5, 122.2750, 2.57, 244.55, 4.7610000000, 122.2750, 6.6),
(585, 8, 5, 6, 86, 83.06, 7, 29.0710, 610.49, 581.42, 4.7610000000, 29.0710, 4.0),
(586, 8, 7, 1, 87, 76.52, 5, 19.1300, 401.73, 382.60, 4.7610000000, 19.1300, 9.9),
(587, 1, 10, 3, 88, 49.38, 7, 17.2830, 362.94, 345.66, 4.7610000000, 17.2830, 7.3),
(588, 1, 7, 6, 89, 42.47, 1, 21.2350, 445.94, 42.47, 4.7610000000, 21.2350, 5.7),
(589, 6, 1, 4, 90, 76.99, 6, 23.0970, 485.04, 461.94, 4.7610000000, 23.0970, 6.1),
(590, 8, 2, 5, 91, 47.38, 4, 9.4760, 199.00, 189.52, 4.7610000000, 9.4760, 7.1),
(591, 8, 5, 6, 92, 44.86, 10, 22.4300, 471.03, 448.60, 4.7610000000, 22.4300, 8.2),
(592, 1, 6, 6, 93, 21.98, 7, 7.6930, 161.55, 153.86, 4.7610000000, 7.6930, 5.1),
(593, 6, 10, 4, 94, 64.36, 9, 28.9620, 608.20, 579.24, 4.7610000000, 28.9620, 8.6),
(594, 8, 9, 4, 95, 89.75, 1, 44.8750, 942.38, 89.75, 4.7610000000, 44.8750, 6.6),
(595, 1, 11, 2, 96, 97.16, 1, 4.8580, 102.02, 97.16, 4.7610000000, 4.8580, 7.2),
(596, 6, 11, 4, 97, 87.87, 10, 43.9350, 922.64, 878.70, 4.7610000000, 43.9350, 5.1),
(597, 8, 1, 2, 98, 12.45, 6, 3.7350, 78.44, 74.70, 4.7610000000, 3.7350, 4.1),
(598, 1, 11, 3, 99, 52.75, 3, 79.1250, 1.66, 158.25, 4.7610000000, 79.1250, 9.3),
(599, 6, 7, 5, 100, 82.70, 6, 24.8100, 521.01, 496.20, 4.7610000000, 24.8100, 7.4),
(600, 8, 8, 1, 101, 48.71, 1, 24.3550, 511.46, 48.71, 4.7610000000, 24.3550, 4.1),
(601, 8, 7, 1, 102, 78.55, 9, 353.4750, 7.42, 706.95, 4.7610000000, 353.4750, 7.2),
(602, 8, 1, 2, 103, 23.07, 9, 103.8150, 2.18, 207.63, 4.7610000000, 103.8150, 4.9),
(603, 1, 7, 3, 104, 58.26, 6, 17.4780, 367.04, 349.56, 4.7610000000, 17.4780, 9.9),
(604, 6, 7, 4, 105, 30.35, 7, 106.2250, 2.23, 212.45, 4.7610000000, 106.2250, 8.0),
(605, 1, 12, 2, 106, 88.67, 10, 44.3350, 931.04, 886.70, 4.7610000000, 44.3350, 7.3),
(606, 8, 9, 1, 107, 27.38, 6, 8.2140, 172.49, 164.28, 4.7610000000, 8.2140, 7.9),
(607, 1, 7, 6, 108, 62.13, 6, 18.6390, 391.42, 372.78, 4.7610000000, 18.6390, 7.4),
(608, 8, 1, 3, 109, 33.98, 9, 15.2910, 321.11, 305.82, 4.7610000000, 15.2910, 4.2),
(609, 8, 8, 2, 110, 81.97, 10, 40.9850, 860.69, 819.70, 4.7610000000, 40.9850, 9.2),
(610, 6, 6, 6, 111, 16.49, 2, 1.6490, 34.63, 32.98, 4.7610000000, 1.6490, 4.6),
(611, 8, 4, 4, 112, 98.21, 3, 147.3150, 3.09, 294.63, 4.7610000000, 147.3150, 7.8),
(612, 6, 1, 1, 113, 72.84, 7, 25.4940, 535.37, 509.88, 4.7610000000, 25.4940, 8.4),
(613, 1, 12, 5, 114, 58.07, 9, 261.3150, 5.49, 522.63, 4.7610000000, 261.3150, 4.3),
(614, 8, 4, 5, 115, 80.79, 9, 363.5550, 7.63, 727.11, 4.7610000000, 363.5550, 9.5),
(615, 8, 3, 1, 116, 27.02, 3, 4.0530, 85.11, 81.06, 4.7610000000, 4.0530, 7.1),
(616, 6, 12, 1, 117, 21.94, 5, 5.4850, 115.19, 109.70, 4.7610000000, 5.4850, 5.3),
(617, 6, 12, 1, 118, 51.36, 1, 2.5680, 53.93, 51.36, 4.7610000000, 2.5680, 5.2),
(618, 1, 5, 3, 119, 10.96, 10, 5.4800, 115.08, 109.60, 4.7610000000, 5.4800, 6.0),
(619, 6, 11, 5, 120, 53.44, 2, 5.3440, 112.22, 106.88, 4.7610000000, 5.3440, 4.1),
(620, 1, 3, 2, 121, 99.56, 8, 39.8240, 836.30, 796.48, 4.7610000000, 39.8240, 5.2),
(621, 8, 10, 6, 122, 57.12, 7, 19.9920, 419.83, 399.84, 4.7610000000, 19.9920, 6.5),
(622, 6, 10, 6, 123, 99.96, 9, 44.9820, 944.62, 899.64, 4.7610000000, 44.9820, 4.2),
(623, 8, 10, 5, 124, 63.91, 8, 25.5640, 536.84, 511.28, 4.7610000000, 25.5640, 4.6),
(624, 6, 6, 1, 125, 56.47, 8, 22.5880, 474.35, 451.76, 4.7610000000, 22.5880, 7.3),
(625, 1, 3, 5, 126, 93.69, 7, 327.9150, 6.89, 655.83, 4.7610000000, 327.9150, 4.5),
(626, 1, 1, 6, 127, 32.25, 5, 80.6250, 1.69, 161.25, 4.7610000000, 80.6250, 9.0),
(627, 8, 3, 1, 128, 31.73, 9, 142.7850, 3.00, 285.57, 4.7610000000, 142.7850, 5.9),
(628, 8, 6, 3, 129, 68.54, 8, 27.4160, 575.74, 548.32, 4.7610000000, 27.4160, 8.5),
(629, 6, 5, 6, 130, 90.28, 9, 40.6260, 853.15, 812.52, 4.7610000000, 40.6260, 7.2),
(630, 6, 1, 1, 131, 39.62, 7, 13.8670, 291.21, 277.34, 4.7610000000, 13.8670, 7.5),
(631, 1, 2, 6, 132, 92.13, 6, 27.6390, 580.42, 552.78, 4.7610000000, 27.6390, 8.3),
(632, 6, 1, 6, 133, 34.84, 4, 6.9680, 146.33, 139.36, 4.7610000000, 6.9680, 7.4),
(633, 6, 10, 2, 134, 87.45, 6, 26.2350, 550.94, 524.70, 4.7610000000, 26.2350, 8.8),
(634, 8, 5, 4, 135, 81.30, 6, 24.3900, 512.19, 487.80, 4.7610000000, 24.3900, 5.3),
(635, 8, 7, 1, 136, 90.22, 3, 13.5330, 284.19, 270.66, 4.7610000000, 13.5330, 6.2),
(636, 1, 3, 2, 137, 26.31, 5, 65.7750, 1.38, 131.55, 4.7610000000, 65.7750, 8.8),
(637, 1, 2, 5, 138, 34.42, 6, 10.3260, 216.85, 206.52, 4.7610000000, 10.3260, 9.8),
(638, 6, 7, 6, 139, 51.91, 10, 25.9550, 545.06, 519.10, 4.7610000000, 25.9550, 8.2),
(639, 1, 11, 6, 140, 72.50, 8, 29.0000, 609.00, 580.00, 4.7610000000, 29.0000, 9.2),
(640, 8, 4, 6, 141, 89.80, 10, 44.9000, 942.90, 898.00, 4.7610000000, 44.9000, 5.4),
(641, 8, 8, 4, 142, 90.50, 10, 45.2500, 950.25, 905.00, 4.7610000000, 45.2500, 8.1),
(642, 8, 2, 4, 143, 68.60, 10, 34.3000, 720.30, 686.00, 4.7610000000, 34.3000, 9.1),
(643, 8, 4, 3, 144, 30.41, 1, 15.2050, 319.31, 30.41, 4.7610000000, 15.2050, 8.4),
(644, 1, 5, 5, 145, 77.95, 6, 23.3850, 491.09, 467.70, 4.7610000000, 23.3850, 8.0),
(645, 8, 3, 4, 146, 46.26, 6, 13.8780, 291.44, 277.56, 4.7610000000, 13.8780, 9.5),
(646, 1, 6, 1, 147, 30.14, 10, 15.0700, 316.47, 301.40, 4.7610000000, 15.0700, 9.2),
(647, 8, 9, 4, 148, 66.14, 4, 13.2280, 277.79, 264.56, 4.7610000000, 13.2280, 5.6),
(648, 6, 10, 5, 149, 71.86, 8, 28.7440, 603.62, 574.88, 4.7610000000, 28.7440, 6.2),
(649, 1, 9, 4, 150, 32.46, 8, 12.9840, 272.66, 259.68, 4.7610000000, 12.9840, 4.9),
(650, 6, 4, 1, 151, 91.54, 4, 18.3080, 384.47, 366.16, 4.7610000000, 18.3080, 4.8),
(651, 8, 10, 6, 152, 34.56, 7, 12.0960, 254.02, 241.92, 4.7610000000, 12.0960, 7.3),
(652, 1, 9, 1, 153, 83.24, 9, 37.4580, 786.62, 749.16, 4.7610000000, 37.4580, 7.4),
(653, 8, 5, 3, 154, 16.48, 6, 4.9440, 103.82, 98.88, 4.7610000000, 4.9440, 9.9),
(654, 8, 1, 6, 155, 80.97, 8, 32.3880, 680.15, 647.76, 4.7610000000, 32.3880, 9.3),
(655, 1, 10, 3, 156, 92.29, 5, 230.7250, 4.85, 461.45, 4.7610000000, 230.7250, 9.0),
(656, 6, 8, 2, 157, 72.17, 1, 36.0850, 757.79, 72.17, 4.7610000000, 36.0850, 6.1),
(657, 6, 11, 5, 158, 50.28, 5, 12.5700, 263.97, 251.40, 4.7610000000, 12.5700, 9.7),
(658, 6, 12, 4, 159, 97.22, 9, 43.7490, 918.73, 874.98, 4.7610000000, 43.7490, 6.0),
(659, 6, 11, 6, 160, 93.39, 6, 28.0170, 588.36, 560.34, 4.7610000000, 28.0170, 10.0),
(660, 8, 3, 3, 161, 43.18, 8, 17.2720, 362.71, 345.44, 4.7610000000, 17.2720, 8.3),
(661, 1, 7, 6, 162, 63.69, 1, 31.8450, 668.75, 63.69, 4.7610000000, 31.8450, 6.0),
(662, 1, 9, 3, 163, 45.79, 7, 160.2650, 3.37, 320.53, 4.7610000000, 160.2650, 7.0),
(663, 8, 11, 6, 164, 76.40, 2, 7.6400, 160.44, 152.80, 4.7610000000, 7.6400, 6.5),
(664, 6, 9, 3, 165, 39.90, 10, 19.9500, 418.95, 399.00, 4.7610000000, 19.9500, 5.9),
(665, 6, 12, 4, 166, 42.57, 8, 17.0280, 357.59, 340.56, 4.7610000000, 17.0280, 5.6),
(666, 8, 7, 5, 167, 95.58, 10, 47.7900, 1003.59, 955.80, 4.7610000000, 47.7900, 4.8),
(667, 1, 9, 1, 168, 98.98, 10, 49.4900, 1039.29, 989.80, 4.7610000000, 49.4900, 8.7),
(668, 1, 7, 3, 169, 51.28, 6, 15.3840, 323.06, 307.68, 4.7610000000, 15.3840, 6.5),
(669, 1, 10, 6, 170, 69.52, 7, 24.3320, 510.97, 486.64, 4.7610000000, 24.3320, 8.5),
(670, 1, 11, 4, 171, 70.01, 5, 175.0250, 3.68, 350.05, 4.7610000000, 175.0250, 5.5),
(671, 6, 10, 3, 172, 80.05, 5, 200.1250, 4.20, 400.25, 4.7610000000, 200.1250, 9.4),
(672, 8, 7, 2, 173, 20.85, 8, 8.3400, 175.14, 166.80, 4.7610000000, 8.3400, 6.3),
(673, 6, 10, 2, 174, 52.89, 6, 15.8670, 333.21, 317.34, 4.7610000000, 15.8670, 9.8),
(674, 6, 11, 3, 175, 19.79, 8, 7.9160, 166.24, 158.32, 4.7610000000, 7.9160, 8.7),
(675, 1, 12, 5, 176, 33.84, 9, 15.2280, 319.79, 304.56, 4.7610000000, 15.2280, 8.8),
(676, 1, 10, 3, 177, 22.17, 8, 8.8680, 186.23, 177.36, 4.7610000000, 8.8680, 9.6),
(677, 8, 3, 1, 178, 22.51, 7, 78.7850, 1.65, 157.57, 4.7610000000, 78.7850, 4.8),
(678, 1, 11, 3, 179, 73.88, 6, 22.1640, 465.44, 443.28, 4.7610000000, 22.1640, 4.4),
(679, 8, 12, 4, 180, 86.80, 3, 13.0200, 273.42, 260.40, 4.7610000000, 13.0200, 9.9),
(680, 8, 7, 1, 181, 64.26, 7, 22.4910, 472.31, 449.82, 4.7610000000, 22.4910, 5.7),
(681, 8, 8, 3, 182, 38.47, 8, 15.3880, 323.15, 307.76, 4.7610000000, 15.3880, 7.7),
(682, 1, 12, 6, 183, 15.50, 10, 7.7500, 162.75, 155.00, 4.7610000000, 7.7500, 8.0),
(683, 8, 11, 4, 184, 34.31, 8, 13.7240, 288.20, 274.48, 4.7610000000, 13.7240, 5.7),
(684, 1, 3, 6, 185, 12.34, 7, 4.3190, 90.70, 86.38, 4.7610000000, 4.3190, 6.7),
(685, 6, 12, 3, 186, 18.08, 3, 2.7120, 56.95, 54.24, 4.7610000000, 2.7120, 8.0),
(686, 6, 6, 5, 187, 94.49, 8, 37.7960, 793.72, 755.92, 4.7610000000, 37.7960, 7.5),
(687, 6, 8, 5, 188, 46.47, 4, 9.2940, 195.17, 185.88, 4.7610000000, 9.2940, 7.0),
(688, 1, 11, 5, 189, 74.07, 1, 37.0350, 777.74, 74.07, 4.7610000000, 37.0350, 9.9),
(689, 8, 3, 5, 190, 69.81, 4, 13.9620, 293.20, 279.24, 4.7610000000, 13.9620, 5.9),
(690, 6, 3, 5, 191, 77.04, 3, 11.5560, 242.68, 231.12, 4.7610000000, 11.5560, 7.2),
(691, 6, 5, 1, 192, 73.52, 2, 7.3520, 154.39, 147.04, 4.7610000000, 7.3520, 4.6),
(692, 8, 1, 3, 193, 87.80, 9, 39.5100, 829.71, 790.20, 4.7610000000, 39.5100, 9.2),
(693, 6, 11, 5, 194, 25.55, 4, 5.1100, 107.31, 102.20, 4.7610000000, 5.1100, 5.7),
(694, 1, 9, 2, 195, 32.71, 5, 81.7750, 1.72, 163.55, 4.7610000000, 81.7750, 9.9),
(695, 8, 2, 1, 196, 74.29, 1, 37.1450, 780.05, 74.29, 4.7610000000, 37.1450, 5.0),
(696, 8, 8, 4, 197, 43.70, 2, 4.3700, 91.77, 87.40, 4.7610000000, 4.3700, 4.9),
(697, 1, 5, 5, 198, 25.29, 1, 12.6450, 265.55, 25.29, 4.7610000000, 12.6450, 6.1),
(698, 8, 9, 4, 199, 41.50, 4, 8.3000, 174.30, 166.00, 4.7610000000, 8.3000, 8.2),
(699, 8, 4, 3, 200, 71.39, 5, 178.4750, 3.75, 356.95, 4.7610000000, 178.4750, 5.5),
(700, 8, 4, 6, 201, 19.15, 6, 5.7450, 120.65, 114.90, 4.7610000000, 5.7450, 6.8),
(701, 6, 2, 2, 202, 57.49, 4, 11.4980, 241.46, 229.96, 4.7610000000, 11.4980, 6.6),
(702, 8, 7, 2, 203, 61.41, 7, 214.9350, 4.51, 429.87, 4.7610000000, 214.9350, 9.8),
(703, 6, 12, 4, 204, 25.90, 10, 12.9500, 271.95, 259.00, 4.7610000000, 12.9500, 8.7),
(704, 6, 10, 5, 205, 17.77, 5, 44.4250, 932.93, 88.85, 4.7610000000, 44.4250, 5.4),
(705, 1, 5, 4, 206, 23.03, 9, 103.6350, 2.18, 207.27, 4.7610000000, 103.6350, 7.9),
(706, 8, 4, 2, 207, 66.65, 9, 299.9250, 6.30, 599.85, 4.7610000000, 299.9250, 9.7),
(707, 8, 6, 5, 208, 28.53, 10, 14.2650, 299.57, 285.30, 4.7610000000, 14.2650, 7.8),
(708, 6, 5, 1, 209, 30.37, 3, 45.5550, 956.66, 91.11, 4.7610000000, 45.5550, 5.1),
(709, 6, 3, 2, 210, 99.73, 9, 448.7850, 9.42, 897.57, 4.7610000000, 448.7850, 6.5),
(710, 1, 11, 2, 211, 26.23, 9, 118.0350, 2.48, 236.07, 4.7610000000, 118.0350, 5.9),
(711, 8, 1, 3, 212, 93.26, 9, 41.9670, 881.31, 839.34, 4.7610000000, 41.9670, 8.8),
(712, 6, 11, 5, 213, 92.36, 5, 23.0900, 484.89, 461.80, 4.7610000000, 23.0900, 4.9),
(713, 6, 9, 6, 214, 46.42, 3, 6.9630, 146.22, 139.26, 4.7610000000, 6.9630, 4.4),
(714, 6, 2, 6, 215, 29.61, 7, 103.6350, 2.18, 207.27, 4.7610000000, 103.6350, 6.5),
(715, 1, 9, 5, 216, 18.28, 1, 0.9140, 19.19, 18.28, 4.7610000000, 0.9140, 8.3),
(716, 6, 1, 6, 217, 24.77, 5, 61.9250, 1.30, 123.85, 4.7610000000, 61.9250, 8.5),
(717, 1, 2, 2, 218, 94.64, 3, 14.1960, 298.12, 283.92, 4.7610000000, 14.1960, 5.5),
(718, 6, 11, 1, 219, 94.87, 8, 37.9480, 796.91, 758.96, 4.7610000000, 37.9480, 8.7),
(719, 6, 3, 3, 220, 57.34, 3, 8.6010, 180.62, 172.02, 4.7610000000, 8.6010, 7.9),
(720, 6, 11, 2, 221, 45.35, 6, 13.6050, 285.71, 272.10, 4.7610000000, 13.6050, 6.1),
(721, 6, 11, 3, 222, 62.08, 7, 21.7280, 456.29, 434.56, 4.7610000000, 21.7280, 5.4),
(722, 8, 7, 2, 223, 11.81, 5, 29.5250, 620.03, 59.05, 4.7610000000, 29.5250, 9.4),
(723, 8, 2, 1, 224, 12.54, 1, 0.6270, 13.17, 12.54, 4.7610000000, 0.6270, 8.2),
(724, 1, 7, 3, 225, 43.25, 2, 4.3250, 90.83, 86.50, 4.7610000000, 4.3250, 6.2),
(725, 8, 4, 6, 226, 87.16, 2, 8.7160, 183.04, 174.32, 4.7610000000, 8.7160, 9.7),
(726, 6, 12, 4, 227, 69.37, 9, 312.1650, 6.56, 624.33, 4.7610000000, 312.1650, 4.0),
(727, 8, 12, 2, 228, 37.06, 4, 7.4120, 155.65, 148.24, 4.7610000000, 7.4120, 9.7),
(728, 6, 2, 2, 229, 90.70, 6, 27.2100, 571.41, 544.20, 4.7610000000, 27.2100, 5.3),
(729, 1, 5, 5, 230, 63.42, 8, 25.3680, 532.73, 507.36, 4.7610000000, 25.3680, 7.4),
(730, 6, 1, 1, 231, 81.37, 2, 8.1370, 170.88, 162.74, 4.7610000000, 8.1370, 6.5),
(731, 6, 4, 2, 232, 10.59, 3, 15.8850, 333.59, 31.77, 4.7610000000, 15.8850, 8.7),
(732, 6, 1, 4, 233, 84.09, 9, 378.4050, 7.95, 756.81, 4.7610000000, 378.4050, 8.0),
(733, 6, 8, 1, 234, 73.82, 4, 14.7640, 310.04, 295.28, 4.7610000000, 14.7640, 6.7),
(734, 1, 12, 4, 235, 51.94, 10, 25.9700, 545.37, 519.40, 4.7610000000, 25.9700, 6.5),
(735, 1, 5, 6, 236, 93.14, 2, 9.3140, 195.59, 186.28, 4.7610000000, 9.3140, 4.1),
(736, 8, 9, 4, 237, 17.41, 5, 43.5250, 914.03, 87.05, 4.7610000000, 43.5250, 4.9),
(737, 8, 4, 1, 238, 44.22, 5, 11.0550, 232.16, 221.10, 4.7610000000, 11.0550, 8.6),
(738, 6, 2, 2, 239, 13.22, 5, 3.3050, 69.41, 66.10, 4.7610000000, 3.3050, 4.3),
(739, 1, 11, 1, 240, 89.69, 1, 44.8450, 941.75, 89.69, 4.7610000000, 44.8450, 4.9),
(740, 1, 9, 3, 241, 24.94, 9, 11.2230, 235.68, 224.46, 4.7610000000, 11.2230, 5.6),
(741, 1, 9, 4, 242, 59.77, 2, 5.9770, 125.52, 119.54, 4.7610000000, 5.9770, 5.8),
(742, 8, 10, 1, 243, 93.20, 2, 9.3200, 195.72, 186.40, 4.7610000000, 9.3200, 6.0),
(743, 1, 8, 5, 244, 62.65, 4, 12.5300, 263.13, 250.60, 4.7610000000, 12.5300, 4.2),
(744, 6, 9, 5, 245, 93.87, 8, 37.5480, 788.51, 750.96, 4.7610000000, 37.5480, 8.3),
(745, 1, 8, 5, 246, 47.59, 8, 19.0360, 399.76, 380.72, 4.7610000000, 19.0360, 5.7),
(746, 6, 2, 2, 247, 81.40, 3, 12.2100, 256.41, 244.20, 4.7610000000, 12.2100, 4.8),
(747, 1, 12, 1, 248, 17.94, 5, 4.4850, 94.19, 89.70, 4.7610000000, 4.4850, 6.8),
(748, 1, 10, 2, 249, 77.72, 4, 15.5440, 326.42, 310.88, 4.7610000000, 15.5440, 8.8),
(749, 6, 9, 3, 250, 73.06, 7, 25.5710, 536.99, 511.42, 4.7610000000, 25.5710, 4.2),
(750, 6, 12, 3, 251, 46.55, 9, 209.4750, 4.40, 418.95, 4.7610000000, 209.4750, 6.4),
(751, 8, 10, 1, 252, 35.19, 10, 17.5950, 369.50, 351.90, 4.7610000000, 17.5950, 8.4),
(752, 8, 3, 6, 253, 14.39, 2, 1.4390, 30.22, 28.78, 4.7610000000, 1.4390, 7.2),
(753, 1, 7, 5, 254, 23.75, 4, 4.7500, 99.75, 95.00, 4.7610000000, 4.7500, 5.2),
(754, 1, 8, 5, 255, 58.90, 8, 23.5600, 494.76, 471.20, 4.7610000000, 23.5600, 8.9),
(755, 6, 8, 1, 256, 32.62, 4, 6.5240, 137.00, 130.48, 4.7610000000, 6.5240, 9.0),
(756, 1, 10, 2, 257, 66.35, 1, 33.1750, 696.68, 66.35, 4.7610000000, 33.1750, 9.7),
(757, 1, 12, 5, 258, 25.91, 6, 7.7730, 163.23, 155.46, 4.7610000000, 7.7730, 8.7),
(758, 1, 12, 2, 259, 32.25, 4, 6.4500, 135.45, 129.00, 4.7610000000, 6.4500, 6.5),
(759, 8, 10, 2, 260, 65.94, 4, 13.1880, 276.95, 263.76, 4.7610000000, 13.1880, 6.9),
(760, 1, 5, 2, 261, 75.06, 9, 33.7770, 709.32, 675.54, 4.7610000000, 33.7770, 6.2),
(761, 8, 5, 1, 262, 16.45, 4, 3.2900, 69.09, 65.80, 4.7610000000, 3.2900, 5.6),
(762, 6, 2, 1, 263, 38.30, 4, 7.6600, 160.86, 153.20, 4.7610000000, 7.6600, 5.7),
(763, 1, 2, 6, 264, 22.24, 10, 11.1200, 233.52, 222.40, 4.7610000000, 11.1200, 4.2),
(764, 6, 11, 6, 265, 54.45, 1, 27.2250, 571.73, 54.45, 4.7610000000, 27.2250, 7.9),
(765, 1, 4, 6, 266, 98.40, 7, 34.4400, 723.24, 688.80, 4.7610000000, 34.4400, 8.7),
(766, 8, 9, 5, 267, 35.47, 4, 7.0940, 148.97, 141.88, 4.7610000000, 7.0940, 6.9),
(767, 6, 2, 3, 268, 74.60, 10, 37.3000, 783.30, 746.00, 4.7610000000, 37.3000, 9.5),
(768, 1, 10, 5, 269, 70.74, 4, 14.1480, 297.11, 282.96, 4.7610000000, 14.1480, 4.4),
(769, 1, 6, 5, 270, 35.54, 10, 17.7700, 373.17, 355.40, 4.7610000000, 17.7700, 7.0),
(770, 6, 5, 6, 271, 67.43, 5, 168.5750, 3.54, 337.15, 4.7610000000, 168.5750, 6.3),
(771, 8, 2, 4, 272, 21.12, 2, 2.1120, 44.35, 42.24, 4.7610000000, 2.1120, 9.7),
(772, 1, 4, 5, 273, 21.54, 9, 9.6930, 203.55, 193.86, 4.7610000000, 9.6930, 8.8),
(773, 1, 1, 5, 274, 12.03, 2, 1.2030, 25.26, 24.06, 4.7610000000, 1.2030, 5.1),
(774, 6, 5, 4, 275, 99.71, 6, 29.9130, 628.17, 598.26, 4.7610000000, 29.9130, 7.9),
(775, 6, 7, 1, 276, 47.97, 7, 167.8950, 3.53, 335.79, 4.7610000000, 167.8950, 6.2),
(776, 8, 2, 5, 277, 21.82, 10, 10.9100, 229.11, 218.20, 4.7610000000, 10.9100, 7.1),
(777, 8, 5, 1, 278, 95.42, 4, 19.0840, 400.76, 381.68, 4.7610000000, 19.0840, 6.4),
(778, 8, 8, 1, 279, 70.99, 10, 35.4950, 745.40, 709.90, 4.7610000000, 35.4950, 5.7),
(779, 1, 10, 6, 280, 44.02, 10, 22.0100, 462.21, 440.20, 4.7610000000, 22.0100, 9.6),
(780, 1, 3, 5, 281, 69.96, 8, 27.9840, 587.66, 559.68, 4.7610000000, 27.9840, 6.4),
(781, 8, 9, 5, 282, 37.00, 1, 1.8500, 38.85, 37.00, 4.7610000000, 1.8500, 7.9),
(782, 1, 1, 6, 283, 15.34, 1, 0.7670, 16.11, 15.34, 4.7610000000, 0.7670, 6.5),
(783, 1, 12, 4, 284, 99.83, 6, 29.9490, 628.93, 598.98, 4.7610000000, 29.9490, 8.5),
(784, 1, 2, 4, 285, 47.67, 4, 9.5340, 200.21, 190.68, 4.7610000000, 9.5340, 9.1),
(785, 6, 7, 4, 286, 66.68, 5, 16.6700, 350.07, 333.40, 4.7610000000, 16.6700, 7.6),
(786, 8, 8, 5, 287, 74.86, 1, 3.7430, 78.60, 74.86, 4.7610000000, 3.7430, 6.9),
(787, 8, 1, 6, 288, 23.75, 9, 106.8750, 2.24, 213.75, 4.7610000000, 106.8750, 9.5),
(788, 6, 3, 3, 289, 48.51, 7, 169.7850, 3.57, 339.57, 4.7610000000, 169.7850, 5.2),
(789, 1, 2, 5, 290, 94.88, 7, 33.2080, 697.37, 664.16, 4.7610000000, 33.2080, 4.2),
(790, 6, 10, 2, 291, 40.30, 10, 20.1500, 423.15, 403.00, 4.7610000000, 20.1500, 7.0),
(791, 8, 11, 2, 292, 27.85, 7, 97.4750, 2.05, 194.95, 4.7610000000, 97.4750, 6.0),
(792, 1, 2, 2, 293, 62.48, 1, 3.1240, 65.60, 62.48, 4.7610000000, 3.1240, 4.7),
(793, 1, 2, 3, 294, 36.36, 2, 3.6360, 76.36, 72.72, 4.7610000000, 3.6360, 7.1),
(794, 6, 11, 4, 295, 18.11, 10, 9.0550, 190.16, 181.10, 4.7610000000, 9.0550, 5.9),
(795, 8, 2, 2, 296, 51.92, 5, 12.9800, 272.58, 259.60, 4.7610000000, 12.9800, 7.5),
(796, 8, 7, 2, 297, 28.84, 4, 5.7680, 121.13, 115.36, 4.7610000000, 5.7680, 6.4),
(797, 1, 12, 5, 298, 78.38, 6, 23.5140, 493.79, 470.28, 4.7610000000, 23.5140, 5.8),
(798, 1, 8, 5, 299, 60.01, 4, 12.0020, 252.04, 240.04, 4.7610000000, 12.0020, 4.5),
(799, 8, 2, 5, 300, 88.61, 1, 44.3050, 930.41, 88.61, 4.7610000000, 44.3050, 7.7),
(800, 8, 9, 1, 301, 99.82, 2, 9.9820, 209.62, 199.64, 4.7610000000, 9.9820, 6.7),
(801, 6, 10, 4, 302, 39.01, 1, 19.5050, 409.61, 39.01, 4.7610000000, 19.5050, 4.7),
(802, 8, 7, 3, 303, 48.61, 1, 24.3050, 510.41, 48.61, 4.7610000000, 24.3050, 4.4),
(803, 1, 3, 2, 304, 51.19, 4, 10.2380, 215.00, 204.76, 4.7610000000, 10.2380, 4.7),
(804, 6, 1, 2, 305, 14.96, 8, 5.9840, 125.66, 119.68, 4.7610000000, 5.9840, 8.6),
(805, 1, 12, 2, 306, 72.20, 7, 25.2700, 530.67, 505.40, 4.7610000000, 25.2700, 4.3),
(806, 1, 1, 6, 307, 40.23, 7, 140.8050, 2.96, 281.61, 4.7610000000, 140.8050, 9.6),
(807, 1, 2, 5, 308, 88.79, 8, 35.5160, 745.84, 710.32, 4.7610000000, 35.5160, 4.1),
(808, 1, 6, 2, 309, 26.48, 3, 3.9720, 83.41, 79.44, 4.7610000000, 3.9720, 4.7),
(809, 1, 1, 1, 310, 81.91, 2, 8.1910, 172.01, 163.82, 4.7610000000, 8.1910, 7.8),
(810, 6, 8, 6, 311, 79.93, 6, 23.9790, 503.56, 479.58, 4.7610000000, 23.9790, 5.5),
(811, 8, 12, 1, 312, 69.33, 2, 6.9330, 145.59, 138.66, 4.7610000000, 6.9330, 9.7),
(812, 1, 4, 3, 313, 14.23, 5, 35.5750, 747.08, 71.15, 4.7610000000, 35.5750, 4.4),
(813, 1, 2, 4, 314, 15.55, 9, 69.9750, 1.47, 139.95, 4.7610000000, 69.9750, 5.0),
(814, 8, 2, 2, 315, 78.13, 10, 39.0650, 820.37, 781.30, 4.7610000000, 39.0650, 4.4),
(815, 8, 8, 3, 316, 99.37, 2, 9.9370, 208.68, 198.74, 4.7610000000, 9.9370, 5.2),
(816, 8, 2, 3, 317, 21.08, 3, 3.1620, 66.40, 63.24, 4.7610000000, 3.1620, 7.3),
(817, 8, 8, 2, 318, 74.79, 5, 186.9750, 3.93, 373.95, 4.7610000000, 186.9750, 4.9),
(818, 8, 4, 4, 319, 29.67, 7, 103.8450, 2.18, 207.69, 4.7610000000, 103.8450, 8.1),
(819, 8, 12, 4, 320, 44.07, 4, 8.8140, 185.09, 176.28, 4.7610000000, 8.8140, 8.4),
(820, 8, 1, 3, 321, 22.93, 9, 103.1850, 2.17, 206.37, 4.7610000000, 103.1850, 5.5),
(821, 8, 1, 4, 322, 39.42, 1, 1.9710, 41.39, 39.42, 4.7610000000, 1.9710, 8.4),
(822, 1, 11, 4, 323, 15.26, 6, 4.5780, 96.14, 91.56, 4.7610000000, 4.5780, 9.8),
(823, 1, 1, 1, 324, 61.77, 5, 154.4250, 3.24, 308.85, 4.7610000000, 154.4250, 6.7),
(824, 1, 9, 5, 325, 21.52, 6, 6.4560, 135.58, 129.12, 4.7610000000, 6.4560, 9.4),
(825, 6, 11, 6, 326, 97.74, 4, 19.5480, 410.51, 390.96, 4.7610000000, 19.5480, 6.4),
(826, 1, 8, 3, 327, 99.78, 5, 24.9450, 523.85, 498.90, 4.7610000000, 24.9450, 5.4),
(827, 8, 8, 3, 328, 94.26, 4, 18.8520, 395.89, 377.04, 4.7610000000, 18.8520, 8.6),
(828, 6, 10, 4, 329, 51.13, 4, 10.2260, 214.75, 204.52, 4.7610000000, 10.2260, 4.0),
(829, 1, 8, 2, 330, 36.36, 4, 7.2720, 152.71, 145.44, 4.7610000000, 7.2720, 7.6),
(830, 6, 7, 5, 331, 22.02, 9, 9.9090, 208.09, 198.18, 4.7610000000, 9.9090, 6.8),
(831, 1, 9, 3, 332, 32.90, 3, 4.9350, 103.64, 98.70, 4.7610000000, 4.9350, 9.1),
(832, 1, 7, 1, 333, 77.02, 5, 19.2550, 404.36, 385.10, 4.7610000000, 19.2550, 5.5),
(833, 1, 10, 3, 334, 23.48, 2, 2.3480, 49.31, 46.96, 4.7610000000, 2.3480, 7.9),
(834, 8, 12, 6, 335, 14.70, 5, 3.6750, 77.18, 73.50, 4.7610000000, 3.6750, 8.5),
(835, 1, 4, 2, 336, 28.45, 5, 71.1250, 1.49, 142.25, 4.7610000000, 71.1250, 9.1),
(836, 1, 11, 1, 337, 76.40, 9, 34.3800, 721.98, 687.60, 4.7610000000, 34.3800, 7.5),
(837, 6, 1, 6, 338, 57.95, 6, 17.3850, 365.09, 347.70, 4.7610000000, 17.3850, 5.2),
(838, 8, 3, 2, 339, 47.65, 3, 71.4750, 1.50, 142.95, 4.7610000000, 71.4750, 9.5),
(839, 6, 4, 3, 340, 42.82, 9, 19.2690, 404.65, 385.38, 4.7610000000, 19.2690, 8.9),
(840, 6, 10, 2, 341, 48.09, 3, 72.1350, 1.51, 144.27, 4.7610000000, 72.1350, 7.8),
(841, 6, 6, 4, 342, 55.97, 7, 195.8950, 4.11, 391.79, 4.7610000000, 195.8950, 8.9),
(842, 6, 2, 4, 343, 76.90, 7, 26.9150, 565.22, 538.30, 4.7610000000, 26.9150, 7.7),
(843, 8, 5, 3, 344, 97.03, 5, 242.5750, 5.09, 485.15, 4.7610000000, 242.5750, 9.3),
(844, 1, 7, 6, 345, 44.65, 3, 66.9750, 1.41, 133.95, 4.7610000000, 66.9750, 6.2),
(845, 1, 5, 1, 346, 77.93, 9, 350.6850, 7.36, 701.37, 4.7610000000, 350.6850, 7.6),
(846, 1, 8, 2, 347, 71.95, 1, 35.9750, 755.48, 71.95, 4.7610000000, 35.9750, 7.3),
(847, 8, 2, 5, 348, 89.25, 8, 35.7000, 749.70, 714.00, 4.7610000000, 35.7000, 4.7),
(848, 1, 7, 2, 349, 26.02, 7, 9.1070, 191.25, 182.14, 4.7610000000, 9.1070, 5.1),
(849, 6, 3, 4, 350, 13.50, 10, 6.7500, 141.75, 135.00, 4.7610000000, 6.7500, 4.8),
(850, 8, 4, 1, 351, 99.30, 10, 49.6500, 1042.65, 993.00, 4.7610000000, 49.6500, 6.6),
(851, 1, 7, 2, 352, 51.69, 7, 180.9150, 3.80, 361.83, 4.7610000000, 180.9150, 5.5),
(852, 6, 4, 1, 353, 54.73, 7, 191.5550, 4.02, 383.11, 4.7610000000, 191.5550, 8.5),
(853, 6, 8, 5, 354, 27.00, 9, 12.1500, 255.15, 243.00, 4.7610000000, 12.1500, 4.8),
(854, 8, 1, 2, 355, 30.24, 1, 1.5120, 31.75, 30.24, 4.7610000000, 1.5120, 8.4),
(855, 6, 4, 3, 356, 89.14, 4, 17.8280, 374.39, 356.56, 4.7610000000, 17.8280, 7.8),
(856, 8, 3, 1, 357, 37.55, 10, 18.7750, 394.28, 375.50, 4.7610000000, 18.7750, 9.3),
(857, 8, 1, 6, 358, 95.44, 10, 47.7200, 1002.12, 954.40, 4.7610000000, 47.7200, 5.2),
(858, 6, 11, 2, 359, 27.50, 3, 4.1250, 86.63, 82.50, 4.7610000000, 4.1250, 6.5),
(859, 6, 7, 6, 360, 74.97, 1, 37.4850, 787.19, 74.97, 4.7610000000, 37.4850, 5.6),
(860, 1, 10, 3, 361, 80.96, 8, 32.3840, 680.06, 647.68, 4.7610000000, 32.3840, 7.4),
(861, 8, 1, 3, 362, 94.47, 8, 37.7880, 793.55, 755.76, 4.7610000000, 37.7880, 9.1),
(862, 8, 11, 3, 363, 99.79, 2, 9.9790, 209.56, 199.58, 4.7610000000, 9.9790, 8.0),
(863, 1, 7, 5, 364, 73.22, 6, 21.9660, 461.29, 439.32, 4.7610000000, 21.9660, 7.2),
(864, 8, 1, 3, 365, 41.24, 4, 8.2480, 173.21, 164.96, 4.7610000000, 8.2480, 7.1),
(865, 8, 1, 1, 366, 81.68, 4, 16.3360, 343.06, 326.72, 4.7610000000, 16.3360, 9.1),
(866, 8, 1, 2, 367, 51.32, 9, 23.0940, 484.97, 461.88, 4.7610000000, 23.0940, 5.6),
(867, 1, 8, 5, 368, 65.94, 4, 13.1880, 276.95, 263.76, 4.7610000000, 13.1880, 6.0),
(868, 8, 1, 6, 369, 14.36, 10, 7.1800, 150.78, 143.60, 4.7610000000, 7.1800, 5.4),
(869, 1, 10, 2, 370, 21.50, 9, 9.6750, 203.18, 193.50, 4.7610000000, 9.6750, 7.8),
(870, 6, 2, 2, 371, 26.26, 7, 9.1910, 193.01, 183.82, 4.7610000000, 9.1910, 9.9),
(871, 6, 3, 1, 372, 60.96, 2, 6.0960, 128.02, 121.92, 4.7610000000, 6.0960, 4.9),
(872, 8, 5, 5, 373, 70.11, 6, 21.0330, 441.69, 420.66, 4.7610000000, 21.0330, 5.2),
(873, 8, 7, 1, 374, 42.08, 6, 12.6240, 265.10, 252.48, 4.7610000000, 12.6240, 8.9),
(874, 1, 3, 5, 375, 67.09, 5, 167.7250, 3.52, 335.45, 4.7610000000, 167.7250, 9.1),
(875, 1, 6, 1, 376, 96.70, 5, 24.1750, 507.68, 483.50, 4.7610000000, 24.1750, 7.0),
(876, 6, 4, 5, 377, 35.38, 9, 15.9210, 334.34, 318.42, 4.7610000000, 15.9210, 9.6),
(877, 8, 11, 6, 378, 95.49, 7, 334.2150, 7.02, 668.43, 4.7610000000, 334.2150, 8.7),
(878, 8, 12, 1, 379, 96.98, 4, 19.3960, 407.32, 387.92, 4.7610000000, 19.3960, 9.4),
(879, 6, 3, 2, 380, 23.65, 4, 4.7300, 99.33, 94.60, 4.7610000000, 4.7300, 4.0),
(880, 1, 10, 6, 381, 82.33, 4, 16.4660, 345.79, 329.32, 4.7610000000, 16.4660, 7.5),
(881, 8, 1, 2, 382, 26.61, 2, 2.6610, 55.88, 53.22, 4.7610000000, 2.6610, 4.2),
(882, 6, 1, 3, 383, 99.69, 5, 249.2250, 5.23, 498.45, 4.7610000000, 249.2250, 9.9),
(883, 8, 6, 3, 384, 74.89, 4, 14.9780, 314.54, 299.56, 4.7610000000, 14.9780, 4.2),
(884, 1, 5, 3, 385, 40.94, 5, 10.2350, 214.94, 204.70, 4.7610000000, 10.2350, 9.9),
(885, 6, 8, 6, 386, 75.82, 1, 3.7910, 79.61, 75.82, 4.7610000000, 3.7910, 5.8),
(886, 8, 7, 3, 387, 46.77, 6, 14.0310, 294.65, 280.62, 4.7610000000, 14.0310, 6.0),
(887, 1, 3, 4, 388, 32.32, 10, 16.1600, 339.36, 323.20, 4.7610000000, 16.1600, 10.0),
(888, 8, 6, 1, 389, 54.07, 9, 243.3150, 5.11, 486.63, 4.7610000000, 243.3150, 9.5),
(889, 6, 9, 3, 390, 18.22, 7, 6.3770, 133.92, 127.54, 4.7610000000, 6.3770, 6.6),
(890, 8, 2, 1, 391, 80.48, 3, 12.0720, 253.51, 241.44, 4.7610000000, 12.0720, 8.1),
(891, 6, 1, 1, 392, 37.95, 10, 18.9750, 398.48, 379.50, 4.7610000000, 18.9750, 9.7),
(892, 1, 12, 2, 393, 76.82, 1, 3.8410, 80.66, 76.82, 4.7610000000, 3.8410, 7.2),
(893, 1, 4, 6, 394, 52.26, 10, 26.1300, 548.73, 522.60, 4.7610000000, 26.1300, 6.2),
(894, 1, 5, 4, 395, 79.74, 1, 3.9870, 83.73, 79.74, 4.7610000000, 3.9870, 7.3),
(895, 1, 5, 4, 396, 77.50, 5, 19.3750, 406.88, 387.50, 4.7610000000, 19.3750, 4.3),
(896, 1, 5, 3, 397, 54.27, 5, 135.6750, 2.85, 271.35, 4.7610000000, 135.6750, 4.6),
(897, 6, 7, 5, 398, 13.59, 9, 61.1550, 1.28, 122.31, 4.7610000000, 61.1550, 5.8),
(898, 6, 4, 4, 399, 41.06, 6, 12.3180, 258.68, 246.36, 4.7610000000, 12.3180, 8.3),
(899, 6, 8, 2, 400, 19.24, 9, 8.6580, 181.82, 173.16, 4.7610000000, 8.6580, 8.0),
(900, 8, 3, 3, 401, 39.43, 6, 11.8290, 248.41, 236.58, 4.7610000000, 11.8290, 9.4),
(901, 8, 9, 5, 402, 46.22, 4, 9.2440, 194.12, 184.88, 4.7610000000, 9.2440, 6.2),
(902, 8, 12, 5, 403, 13.98, 1, 0.6990, 14.68, 13.98, 4.7610000000, 0.6990, 9.8),
(903, 6, 5, 1, 404, 39.75, 5, 99.3750, 2.09, 198.75, 4.7610000000, 99.3750, 9.6),
(904, 8, 6, 1, 405, 97.79, 7, 342.2650, 7.19, 684.53, 4.7610000000, 342.2650, 4.9),
(905, 1, 10, 6, 406, 67.26, 4, 13.4520, 282.49, 269.04, 4.7610000000, 13.4520, 8.0),
(906, 1, 9, 3, 407, 13.79, 5, 34.4750, 723.98, 68.95, 4.7610000000, 34.4750, 7.8),
(907, 6, 2, 1, 408, 68.71, 4, 13.7420, 288.58, 274.84, 4.7610000000, 13.7420, 4.1),
(908, 1, 5, 5, 409, 56.53, 4, 11.3060, 237.43, 226.12, 4.7610000000, 11.3060, 5.5),
(909, 8, 5, 1, 410, 23.82, 5, 5.9550, 125.06, 119.10, 4.7610000000, 5.9550, 5.4),
(910, 6, 1, 4, 411, 34.21, 10, 17.1050, 359.21, 342.10, 4.7610000000, 17.1050, 5.1),
(911, 6, 11, 6, 412, 21.87, 2, 2.1870, 45.93, 43.74, 4.7610000000, 2.1870, 6.9),
(912, 1, 8, 4, 413, 20.97, 5, 52.4250, 1.10, 104.85, 4.7610000000, 52.4250, 7.8),
(913, 1, 11, 6, 414, 25.84, 3, 3.8760, 81.40, 77.52, 4.7610000000, 3.8760, 6.6),
(914, 1, 11, 5, 415, 50.93, 8, 20.3720, 427.81, 407.44, 4.7610000000, 20.3720, 9.2),
(915, 6, 11, 4, 416, 96.11, 1, 48.0550, 1.01, 96.11, 4.7610000000, 48.0550, 7.8),
(916, 8, 3, 5, 417, 45.38, 4, 9.0760, 190.60, 181.52, 4.7610000000, 9.0760, 8.7),
(917, 8, 6, 4, 418, 81.51, 1, 40.7550, 855.86, 81.51, 4.7610000000, 40.7550, 9.2),
(918, 6, 5, 4, 419, 57.22, 2, 5.7220, 120.16, 114.44, 4.7610000000, 5.7220, 8.3),
(919, 1, 2, 2, 420, 25.22, 7, 8.8270, 185.37, 176.54, 4.7610000000, 8.8270, 8.2),
(920, 8, 6, 3, 421, 38.60, 3, 5.7900, 121.59, 115.80, 4.7610000000, 5.7900, 7.5),
(921, 8, 1, 2, 422, 84.05, 3, 126.0750, 2.65, 252.15, 4.7610000000, 126.0750, 9.8),
(922, 8, 4, 1, 423, 97.21, 10, 48.6050, 1.02, 972.10, 4.7610000000, 48.6050, 8.7),
(923, 6, 10, 1, 424, 25.42, 8, 10.1680, 213.53, 203.36, 4.7610000000, 10.1680, 6.7),
(924, 8, 7, 1, 425, 16.28, 1, 0.8140, 17.09, 16.28, 4.7610000000, 0.8140, 5.0),
(925, 6, 8, 1, 426, 40.61, 9, 182.7450, 3.84, 365.49, 4.7610000000, 182.7450, 7.0),
(926, 1, 8, 4, 427, 53.17, 7, 186.0950, 3.91, 372.19, 4.7610000000, 186.0950, 8.9),
(927, 6, 4, 3, 428, 20.87, 3, 31.3050, 657.41, 62.61, 4.7610000000, 31.3050, 8.0),
(928, 6, 7, 6, 429, 67.27, 5, 168.1750, 3.53, 336.35, 4.7610000000, 168.1750, 6.9),
(929, 1, 6, 5, 430, 90.65, 10, 45.3250, 951.83, 906.50, 4.7610000000, 45.3250, 7.3),
(930, 6, 9, 1, 431, 69.08, 2, 6.9080, 145.07, 138.16, 4.7610000000, 6.9080, 6.9),
(931, 8, 11, 3, 432, 43.27, 2, 4.3270, 90.87, 86.54, 4.7610000000, 4.3270, 5.7),
(932, 1, 5, 2, 433, 23.46, 6, 7.0380, 147.80, 140.76, 4.7610000000, 7.0380, 6.4),
(933, 6, 9, 1, 434, 95.54, 7, 33.4390, 702.22, 668.78, 4.7610000000, 33.4390, 9.6),
(934, 6, 3, 1, 435, 47.44, 1, 2.3720, 49.81, 47.44, 4.7610000000, 2.3720, 6.8),
(935, 8, 11, 6, 436, 99.24, 9, 44.6580, 937.82, 893.16, 4.7610000000, 44.6580, 9.0),
(936, 8, 12, 6, 437, 82.93, 4, 16.5860, 348.31, 331.72, 4.7610000000, 16.5860, 9.6),
(937, 1, 9, 5, 438, 33.99, 6, 10.1970, 214.14, 203.94, 4.7610000000, 10.1970, 7.7),
(938, 8, 12, 3, 439, 17.04, 4, 3.4080, 71.57, 68.16, 4.7610000000, 3.4080, 7.0),
(939, 8, 3, 2, 440, 40.86, 8, 16.3440, 343.22, 326.88, 4.7610000000, 16.3440, 6.5),
(940, 8, 8, 3, 441, 17.44, 5, 4.3600, 91.56, 87.20, 4.7610000000, 4.3600, 8.1),
(941, 6, 4, 6, 442, 88.43, 8, 35.3720, 742.81, 707.44, 4.7610000000, 35.3720, 4.3),
(942, 1, 4, 5, 443, 89.21, 9, 401.4450, 8.43, 802.89, 4.7610000000, 401.4450, 6.5),
(943, 8, 11, 1, 444, 12.78, 1, 0.6390, 13.42, 12.78, 4.7610000000, 0.6390, 9.5),
(944, 1, 1, 6, 445, 19.10, 7, 6.6850, 140.39, 133.70, 4.7610000000, 6.6850, 9.7),
(945, 6, 4, 4, 446, 19.15, 1, 0.9575, 201.08, 19.15, 4.7610000000, 0.9575, 9.5),
(946, 8, 10, 3, 447, 27.66, 10, 13.8300, 290.43, 276.60, 4.7610000000, 13.8300, 8.9),
(947, 8, 9, 1, 448, 45.74, 3, 6.8610, 144.08, 137.22, 4.7610000000, 6.8610, 6.5),
(948, 6, 4, 4, 449, 27.07, 1, 13.5350, 284.24, 27.07, 4.7610000000, 13.5350, 5.3),
(949, 6, 4, 6, 450, 39.12, 1, 1.9560, 41.08, 39.12, 4.7610000000, 1.9560, 9.6),
(950, 6, 1, 2, 451, 74.71, 6, 22.4130, 470.67, 448.26, 4.7610000000, 22.4130, 6.7),
(951, 6, 7, 2, 452, 22.01, 6, 6.6030, 138.66, 132.06, 4.7610000000, 6.6030, 7.6),
(952, 1, 5, 3, 453, 63.61, 5, 159.0250, 3.34, 318.05, 4.7610000000, 159.0250, 4.8),
(953, 1, 11, 4, 454, 25.00, 1, 1.2500, 26.25, 25.00, 4.7610000000, 1.2500, 5.5),
(954, 1, 8, 2, 455, 20.77, 4, 4.1540, 87.23, 83.08, 4.7610000000, 4.1540, 4.7),
(955, 6, 2, 1, 456, 29.56, 5, 7.3900, 155.19, 147.80, 4.7610000000, 7.3900, 6.9),
(956, 6, 4, 3, 457, 77.40, 9, 34.8300, 731.43, 696.60, 4.7610000000, 34.8300, 4.5),
(957, 6, 7, 2, 458, 79.39, 10, 39.6950, 833.60, 793.90, 4.7610000000, 39.6950, 6.2),
(958, 8, 2, 2, 459, 46.57, 10, 23.2850, 488.99, 465.70, 4.7610000000, 23.2850, 7.6),
(959, 8, 9, 3, 460, 35.89, 1, 17.9450, 376.85, 35.89, 4.7610000000, 17.9450, 7.9),
(960, 8, 7, 3, 461, 40.52, 5, 10.1300, 212.73, 202.60, 4.7610000000, 10.1300, 4.5),
(961, 6, 4, 3, 462, 73.05, 10, 36.5250, 767.03, 730.50, 4.7610000000, 36.5250, 8.7),
(962, 8, 1, 6, 463, 73.95, 4, 14.7900, 310.59, 295.80, 4.7610000000, 14.7900, 6.1),
(963, 8, 2, 3, 464, 22.62, 1, 1.1310, 23.75, 22.62, 4.7610000000, 1.1310, 6.4),
(964, 1, 10, 3, 465, 51.34, 5, 12.8350, 269.54, 256.70, 4.7610000000, 12.8350, 9.1),
(965, 8, 4, 6, 466, 54.55, 10, 27.2750, 572.78, 545.50, 4.7610000000, 27.2750, 7.1),
(966, 8, 4, 4, 467, 37.15, 7, 130.0250, 2.73, 260.05, 4.7610000000, 130.0250, 7.7),
(967, 6, 7, 6, 468, 37.02, 6, 11.1060, 233.23, 222.12, 4.7610000000, 11.1060, 4.5),
(968, 8, 11, 3, 469, 21.58, 1, 1.0790, 22.66, 21.58, 4.7610000000, 1.0790, 7.2),
(969, 8, 2, 2, 470, 98.84, 1, 4.9420, 103.78, 98.84, 4.7610000000, 4.9420, 8.4),
(970, 8, 6, 5, 471, 83.77, 6, 25.1310, 527.75, 502.62, 4.7610000000, 25.1310, 5.4),
(971, 1, 2, 6, 472, 40.05, 4, 8.0100, 168.21, 160.20, 4.7610000000, 8.0100, 9.7),
(972, 1, 10, 1, 473, 43.13, 10, 21.5650, 452.87, 431.30, 4.7610000000, 21.5650, 5.5),
(973, 6, 8, 4, 474, 72.57, 8, 29.0280, 609.59, 580.56, 4.7610000000, 29.0280, 4.6),
(974, 1, 2, 2, 475, 64.44, 5, 16.1100, 338.31, 322.20, 4.7610000000, 16.1100, 6.6),
(975, 1, 9, 4, 476, 65.18, 3, 9.7770, 205.32, 195.54, 4.7610000000, 9.7770, 6.3),
(976, 1, 3, 6, 477, 33.26, 5, 8.3150, 174.62, 166.30, 4.7610000000, 8.3150, 4.2),
(977, 8, 11, 2, 478, 84.07, 4, 16.8140, 353.09, 336.28, 4.7610000000, 16.8140, 4.4),
(978, 6, 11, 6, 479, 34.37, 10, 17.1850, 360.89, 343.70, 4.7610000000, 17.1850, 6.7),
(979, 1, 11, 2, 480, 38.60, 1, 1.9300, 40.53, 38.60, 4.7610000000, 1.9300, 6.7),
(980, 8, 7, 3, 481, 65.97, 8, 26.3880, 554.15, 527.76, 4.7610000000, 26.3880, 8.4),
(981, 8, 1, 2, 482, 32.80, 10, 16.4000, 344.40, 328.00, 4.7610000000, 16.4000, 6.2),
(982, 1, 11, 6, 483, 37.14, 5, 9.2850, 194.99, 185.70, 4.7610000000, 9.2850, 5.0),
(983, 6, 8, 5, 484, 60.38, 10, 30.1900, 633.99, 603.80, 4.7610000000, 30.1900, 6.0),
(984, 8, 4, 6, 485, 36.98, 10, 18.4900, 388.29, 369.80, 4.7610000000, 18.4900, 7.0),
(985, 6, 6, 6, 486, 49.49, 4, 9.8980, 207.86, 197.96, 4.7610000000, 9.8980, 6.6),
(986, 6, 1, 1, 487, 41.09, 10, 20.5450, 431.45, 410.90, 4.7610000000, 20.5450, 7.3),
(987, 1, 11, 1, 488, 37.15, 4, 7.4300, 156.03, 148.60, 4.7610000000, 7.4300, 8.3),
(988, 8, 7, 5, 489, 22.96, 1, 1.1480, 24.11, 22.96, 4.7610000000, 1.1480, 4.3),
(989, 6, 6, 5, 490, 77.68, 9, 34.9560, 734.08, 699.12, 4.7610000000, 34.9560, 9.8),
(990, 6, 5, 1, 491, 34.70, 2, 3.4700, 72.87, 69.40, 4.7610000000, 3.4700, 8.2),
(991, 1, 4, 1, 492, 19.66, 10, 9.8300, 206.43, 196.60, 4.7610000000, 9.8300, 7.2),
(992, 6, 6, 4, 493, 25.32, 8, 10.1280, 212.69, 202.56, 4.7610000000, 10.1280, 8.7),
(993, 8, 4, 5, 494, 12.12, 10, 6.0600, 127.26, 121.20, 4.7610000000, 6.0600, 8.4),
(994, 6, 11, 1, 495, 99.89, 2, 9.9890, 209.77, 199.78, 4.7610000000, 9.9890, 7.1),
(995, 6, 7, 6, 496, 75.92, 8, 30.3680, 637.73, 607.36, 4.7610000000, 30.3680, 5.5),
(996, 8, 1, 2, 497, 63.22, 2, 6.3220, 132.76, 126.44, 4.7610000000, 6.3220, 8.5),
(997, 8, 1, 3, 498, 90.24, 6, 27.0720, 568.51, 541.44, 4.7610000000, 27.0720, 6.2),
(998, 6, 2, 6, 499, 98.13, 1, 49.0650, 1.03, 98.13, 4.7610000000, 49.0650, 8.9),
(999, 1, 2, 6, 500, 51.52, 8, 20.6080, 432.77, 412.16, 4.7610000000, 20.6080, 9.6),
(1000, 6, 10, 6, 501, 73.97, 1, 36.9850, 776.69, 73.97, 4.7610000000, 36.9850, 5.4),
(1001, 8, 6, 1, 502, 31.90, 1, 1.5950, 33.50, 31.90, 4.7610000000, 1.5950, 9.1),
(1002, 8, 11, 5, 503, 69.40, 2, 6.9400, 145.74, 138.80, 4.7610000000, 6.9400, 9.0),
(1003, 6, 1, 6, 504, 93.31, 2, 9.3310, 195.95, 186.62, 4.7610000000, 9.3310, 6.3),
(1004, 6, 9, 6, 505, 88.45, 1, 44.2250, 928.73, 88.45, 4.7610000000, 44.2250, 9.5),
(1005, 1, 12, 2, 506, 24.18, 8, 9.6720, 203.11, 193.44, 4.7610000000, 9.6720, 9.8),
(1006, 6, 2, 6, 507, 48.50, 3, 7.2750, 152.78, 145.50, 4.7610000000, 7.2750, 6.7),
(1007, 6, 3, 3, 508, 84.05, 6, 25.2150, 529.52, 504.30, 4.7610000000, 25.2150, 7.7),
(1008, 6, 8, 4, 509, 61.29, 5, 153.2250, 3.22, 306.45, 4.7610000000, 153.2250, 7.0),
(1009, 8, 4, 5, 510, 15.95, 6, 4.7850, 100.49, 95.70, 4.7610000000, 4.7850, 5.1),
(1010, 6, 4, 6, 511, 90.74, 7, 31.7590, 666.94, 635.18, 4.7610000000, 31.7590, 6.2),
(1011, 1, 5, 5, 512, 42.91, 5, 107.2750, 2.25, 214.55, 4.7610000000, 107.2750, 6.1),
(1012, 1, 5, 1, 513, 54.28, 7, 18.9980, 398.96, 379.96, 4.7610000000, 18.9980, 9.3),
(1013, 1, 7, 2, 514, 99.55, 7, 348.4250, 7.32, 696.85, 4.7610000000, 348.4250, 7.6),
(1014, 8, 10, 6, 515, 58.39, 7, 204.3650, 4.29, 408.73, 4.7610000000, 204.3650, 8.2),
(1015, 8, 6, 1, 516, 51.47, 1, 25.7350, 540.44, 51.47, 4.7610000000, 25.7350, 8.5),
(1016, 6, 12, 4, 517, 54.86, 5, 13.7150, 288.02, 274.30, 4.7610000000, 13.7150, 9.8),
(1017, 8, 10, 5, 518, 39.39, 5, 98.4750, 2.07, 196.95, 4.7610000000, 98.4750, 8.7),
(1018, 1, 11, 5, 519, 34.73, 2, 3.4730, 72.93, 69.46, 4.7610000000, 3.4730, 9.7),
(1019, 8, 10, 6, 520, 71.92, 5, 17.9800, 377.58, 359.60, 4.7610000000, 17.9800, 4.3),
(1020, 6, 3, 2, 521, 45.71, 3, 68.5650, 1.44, 137.13, 4.7610000000, 68.5650, 7.7),
(1021, 8, 2, 5, 522, 83.17, 6, 24.9510, 523.97, 499.02, 4.7610000000, 24.9510, 7.3),
(1022, 1, 4, 5, 523, 37.44, 6, 11.2320, 235.87, 224.64, 4.7610000000, 11.2320, 5.9),
(1023, 8, 7, 4, 524, 62.87, 2, 6.2870, 132.03, 125.74, 4.7610000000, 6.2870, 5.0),
(1024, 1, 9, 3, 525, 81.71, 6, 24.5130, 514.77, 490.26, 4.7610000000, 24.5130, 8.0),
(1025, 1, 6, 6, 526, 91.41, 5, 228.5250, 4.80, 457.05, 4.7610000000, 228.5250, 7.1),
(1026, 6, 9, 1, 527, 39.21, 4, 7.8420, 164.68, 156.84, 4.7610000000, 7.8420, 9.0),
(1027, 6, 12, 1, 528, 59.86, 2, 5.9860, 125.71, 119.72, 4.7610000000, 5.9860, 6.7),
(1028, 6, 4, 3, 529, 54.36, 10, 27.1800, 570.78, 543.60, 4.7610000000, 27.1800, 6.1),
(1029, 1, 7, 6, 530, 98.09, 9, 441.4050, 9.27, 882.81, 4.7610000000, 441.4050, 9.3),
(1030, 1, 11, 4, 531, 25.43, 6, 7.6290, 160.21, 152.58, 4.7610000000, 7.6290, 7.0),
(1031, 1, 10, 1, 532, 86.68, 8, 34.6720, 728.11, 693.44, 4.7610000000, 34.6720, 7.2),
(1032, 6, 11, 2, 533, 22.95, 10, 11.4750, 240.98, 229.50, 4.7610000000, 11.4750, 8.2),
(1033, 8, 5, 3, 534, 16.31, 9, 73.3950, 1.54, 146.79, 4.7610000000, 73.3950, 8.4),
(1034, 1, 5, 5, 535, 28.32, 5, 7.0800, 148.68, 141.60, 4.7610000000, 7.0800, 6.2),
(1035, 8, 11, 5, 536, 16.67, 7, 58.3450, 1.23, 116.69, 4.7610000000, 58.3450, 7.4),
(1036, 6, 4, 1, 537, 73.96, 1, 3.6980, 77.66, 73.96, 4.7610000000, 3.6980, 5.0),
(1037, 1, 11, 5, 538, 97.94, 1, 4.8970, 102.84, 97.94, 4.7610000000, 4.8970, 6.9),
(1038, 1, 3, 1, 539, 73.05, 4, 14.6100, 306.81, 292.20, 4.7610000000, 14.6100, 4.9),
(1039, 8, 6, 3, 540, 87.48, 6, 26.2440, 551.12, 524.88, 4.7610000000, 26.2440, 5.1),
(1040, 1, 11, 5, 541, 30.68, 3, 4.6020, 96.64, 92.04, 4.7610000000, 4.6020, 9.1),
(1041, 8, 10, 4, 542, 75.88, 1, 3.7940, 79.67, 75.88, 4.7610000000, 3.7940, 7.1),
(1042, 6, 4, 6, 543, 20.18, 4, 4.0360, 84.76, 80.72, 4.7610000000, 4.0360, 5.0),
(1043, 8, 10, 2, 544, 18.77, 6, 5.6310, 118.25, 112.62, 4.7610000000, 5.6310, 5.5),
(1044, 6, 3, 3, 545, 71.20, 1, 3.5600, 74.76, 71.20, 4.7610000000, 3.5600, 9.2),
(1045, 6, 12, 5, 546, 38.81, 4, 7.7620, 163.00, 155.24, 4.7610000000, 7.7620, 4.9),
(1046, 1, 5, 1, 547, 29.42, 10, 14.7100, 308.91, 294.20, 4.7610000000, 14.7100, 8.9),
(1047, 1, 9, 6, 548, 60.95, 9, 274.2750, 5.76, 548.55, 4.7610000000, 274.2750, 6.0),
(1048, 6, 1, 6, 549, 51.54, 5, 12.8850, 270.59, 257.70, 4.7610000000, 12.8850, 4.2),
(1049, 1, 1, 2, 550, 66.06, 6, 19.8180, 416.18, 396.36, 4.7610000000, 19.8180, 7.3),
(1050, 6, 11, 1, 551, 57.27, 3, 85.9050, 1.80, 171.81, 4.7610000000, 85.9050, 6.5),
(1051, 6, 1, 1, 552, 54.31, 9, 244.3950, 5.13, 488.79, 4.7610000000, 244.3950, 8.9),
(1052, 6, 1, 4, 553, 58.24, 9, 26.2080, 550.37, 524.16, 4.7610000000, 26.2080, 9.7),
(1053, 8, 9, 2, 554, 22.21, 6, 6.6630, 139.92, 133.26, 4.7610000000, 6.6630, 8.6),
(1054, 1, 8, 2, 555, 19.32, 7, 6.7620, 142.00, 135.24, 4.7610000000, 6.7620, 6.9),
(1055, 6, 9, 5, 556, 37.48, 3, 5.6220, 118.06, 112.44, 4.7610000000, 5.6220, 7.7),
(1056, 6, 2, 1, 557, 72.04, 2, 7.2040, 151.28, 144.08, 4.7610000000, 7.2040, 9.5),
(1057, 8, 6, 3, 558, 98.52, 10, 49.2600, 1034.46, 985.20, 4.7610000000, 49.2600, 4.5),
(1058, 1, 12, 3, 559, 41.66, 6, 12.4980, 262.46, 249.96, 4.7610000000, 12.4980, 5.6),
(1059, 1, 6, 5, 560, 72.42, 3, 10.8630, 228.12, 217.26, 4.7610000000, 10.8630, 8.2),
(1060, 6, 7, 2, 561, 21.58, 9, 9.7110, 203.93, 194.22, 4.7610000000, 9.7110, 7.3),
(1061, 8, 9, 3, 562, 89.20, 10, 44.6000, 936.60, 892.00, 4.7610000000, 44.6000, 4.4),
(1062, 6, 5, 2, 563, 42.42, 8, 16.9680, 356.33, 339.36, 4.7610000000, 16.9680, 5.7),
(1063, 1, 12, 2, 564, 74.51, 6, 22.3530, 469.41, 447.06, 4.7610000000, 22.3530, 5.0),
(1064, 6, 7, 1, 565, 99.25, 2, 9.9250, 208.43, 198.50, 4.7610000000, 9.9250, 9.0),
(1065, 1, 3, 3, 566, 81.21, 10, 40.6050, 852.71, 812.10, 4.7610000000, 40.6050, 6.3),
(1066, 8, 3, 6, 567, 49.33, 10, 24.6650, 517.97, 493.30, 4.7610000000, 24.6650, 9.4),
(1067, 1, 1, 1, 568, 65.74, 9, 29.5830, 621.24, 591.66, 4.7610000000, 29.5830, 7.7),
(1068, 6, 3, 1, 569, 79.86, 7, 27.9510, 586.97, 559.02, 4.7610000000, 27.9510, 5.5),
(1069, 8, 5, 6, 570, 73.98, 7, 25.8930, 543.75, 517.86, 4.7610000000, 25.8930, 4.1),
(1070, 6, 4, 5, 571, 82.04, 5, 20.5100, 430.71, 410.20, 4.7610000000, 20.5100, 7.6),
(1071, 6, 8, 6, 572, 26.67, 10, 13.3350, 280.04, 266.70, 4.7610000000, 13.3350, 8.6),
(1072, 1, 12, 3, 573, 10.13, 7, 35.4550, 744.56, 70.91, 4.7610000000, 35.4550, 8.3),
(1073, 6, 9, 3, 574, 72.39, 2, 7.2390, 152.02, 144.78, 4.7610000000, 7.2390, 8.1),
(1074, 1, 9, 6, 575, 85.91, 5, 214.7750, 4.51, 429.55, 4.7610000000, 214.7750, 8.6),
(1075, 6, 12, 1, 576, 81.31, 7, 284.5850, 5.98, 569.17, 4.7610000000, 284.5850, 6.3),
(1076, 6, 7, 3, 577, 60.30, 4, 12.0600, 253.26, 241.20, 4.7610000000, 12.0600, 5.8),
(1077, 8, 11, 3, 578, 31.77, 4, 6.3540, 133.43, 127.08, 4.7610000000, 6.3540, 6.2),
(1078, 1, 1, 4, 579, 64.27, 4, 12.8540, 269.93, 257.08, 4.7610000000, 12.8540, 7.7),
(1079, 6, 11, 4, 580, 69.51, 2, 6.9510, 145.97, 139.02, 4.7610000000, 6.9510, 8.1),
(1080, 8, 7, 3, 581, 27.22, 3, 4.0830, 85.74, 81.66, 4.7610000000, 4.0830, 7.3),
(1081, 1, 2, 4, 582, 77.68, 4, 15.5360, 326.26, 310.72, 4.7610000000, 15.5360, 8.4),
(1082, 8, 4, 1, 583, 92.98, 2, 9.2980, 195.26, 185.96, 4.7610000000, 9.2980, 8.0),
(1083, 6, 4, 1, 584, 18.08, 4, 3.6160, 75.94, 72.32, 4.7610000000, 3.6160, 9.5),
(1084, 6, 11, 6, 585, 63.06, 3, 9.4590, 198.64, 189.18, 4.7610000000, 9.4590, 7.0),
(1085, 1, 9, 4, 586, 51.71, 4, 10.3420, 217.18, 206.84, 4.7610000000, 10.3420, 9.8),
(1086, 1, 1, 3, 587, 52.34, 3, 7.8510, 164.87, 157.02, 4.7610000000, 7.8510, 9.2),
(1087, 1, 5, 6, 588, 43.06, 5, 10.7650, 226.07, 215.30, 4.7610000000, 10.7650, 7.7),
(1088, 8, 7, 1, 589, 59.61, 10, 29.8050, 625.91, 596.10, 4.7610000000, 29.8050, 5.3),
(1089, 1, 7, 4, 590, 14.62, 5, 3.6550, 76.76, 73.10, 4.7610000000, 3.6550, 4.4),
(1090, 8, 10, 4, 591, 46.53, 6, 13.9590, 293.14, 279.18, 4.7610000000, 13.9590, 4.3),
(1091, 8, 6, 5, 592, 24.24, 7, 8.4840, 178.16, 169.68, 4.7610000000, 8.4840, 9.4),
(1092, 1, 2, 6, 593, 45.58, 1, 2.2790, 47.86, 45.58, 4.7610000000, 2.2790, 9.8),
(1093, 1, 6, 6, 594, 75.20, 3, 11.2800, 236.88, 225.60, 4.7610000000, 11.2800, 4.8),
(1094, 6, 8, 6, 595, 96.80, 3, 14.5200, 304.92, 290.40, 4.7610000000, 14.5200, 5.3),
(1095, 6, 9, 4, 596, 14.82, 3, 2.2230, 46.68, 44.46, 4.7610000000, 2.2230, 8.7),
(1096, 1, 9, 3, 597, 52.20, 3, 7.8300, 164.43, 156.60, 4.7610000000, 7.8300, 9.5),
(1097, 8, 5, 6, 598, 46.66, 9, 20.9970, 440.94, 419.94, 4.7610000000, 20.9970, 5.3),
(1098, 8, 1, 1, 599, 36.85, 5, 92.1250, 1.93, 184.25, 4.7610000000, 92.1250, 9.2),
(1099, 1, 6, 5, 600, 70.32, 2, 7.0320, 147.67, 140.64, 4.7610000000, 7.0320, 9.6),
(1100, 8, 11, 2, 601, 83.08, 1, 4.1540, 87.23, 83.08, 4.7610000000, 4.1540, 6.4),
(1101, 8, 3, 1, 602, 64.99, 1, 32.4950, 682.40, 64.99, 4.7610000000, 32.4950, 4.5),
(1102, 8, 11, 3, 603, 77.56, 10, 38.7800, 814.38, 775.60, 4.7610000000, 38.7800, 6.9),
(1103, 6, 5, 6, 604, 54.51, 6, 16.3530, 343.41, 327.06, 4.7610000000, 16.3530, 7.8),
(1104, 8, 2, 1, 605, 51.89, 7, 181.6150, 3.81, 363.23, 4.7610000000, 181.6150, 4.5),
(1105, 6, 7, 5, 606, 31.75, 4, 6.3500, 133.35, 127.00, 4.7610000000, 6.3500, 8.6),
(1106, 1, 6, 1, 607, 53.65, 7, 187.7750, 3.94, 375.55, 4.7610000000, 187.7750, 5.2),
(1107, 8, 4, 3, 608, 49.79, 4, 9.9580, 209.12, 199.16, 4.7610000000, 9.9580, 6.4),
(1108, 1, 11, 1, 609, 30.61, 1, 15.3050, 321.41, 30.61, 4.7610000000, 15.3050, 5.2),
(1109, 6, 12, 3, 610, 57.89, 2, 5.7890, 121.57, 115.78, 4.7610000000, 5.7890, 8.9),
(1110, 1, 3, 2, 611, 28.96, 1, 1.4480, 30.41, 28.96, 4.7610000000, 1.4480, 6.2),
(1111, 8, 2, 3, 612, 98.97, 9, 445.3650, 9.35, 890.73, 4.7610000000, 445.3650, 6.7);
INSERT INTO `fact_sale` (`sale_id`, `branch_id`, `customer_id`, `product_id`, `datetime_id`, `unit_price`, `quantity`, `five_percent_tax`, `total`, `cogs`, `gross_margin_percentage`, `gross_income`, `rating`) VALUES
(1112, 6, 8, 1, 613, 93.22, 3, 13.9830, 293.64, 279.66, 4.7610000000, 13.9830, 7.2),
(1113, 8, 10, 6, 614, 80.93, 1, 40.4650, 849.77, 80.93, 4.7610000000, 40.4650, 9.0),
(1114, 1, 12, 3, 615, 67.45, 10, 33.7250, 708.23, 674.50, 4.7610000000, 33.7250, 4.2),
(1115, 1, 6, 6, 616, 38.72, 9, 17.4240, 365.90, 348.48, 4.7610000000, 17.4240, 4.2),
(1116, 6, 8, 6, 617, 72.60, 6, 21.7800, 457.38, 435.60, 4.7610000000, 21.7800, 6.9),
(1117, 8, 12, 2, 618, 87.91, 5, 219.7750, 4.62, 439.55, 4.7610000000, 219.7750, 4.4),
(1118, 1, 10, 3, 619, 98.53, 6, 29.5590, 620.74, 591.18, 4.7610000000, 29.5590, 4.0),
(1119, 8, 6, 1, 620, 43.46, 6, 13.0380, 273.80, 260.76, 4.7610000000, 13.0380, 8.5),
(1120, 1, 3, 3, 621, 71.68, 3, 10.7520, 225.79, 215.04, 4.7610000000, 10.7520, 9.2),
(1121, 1, 2, 3, 622, 91.61, 1, 45.8050, 961.91, 91.61, 4.7610000000, 45.8050, 9.8),
(1122, 6, 4, 5, 623, 94.59, 7, 331.0650, 6.95, 662.13, 4.7610000000, 331.0650, 4.9),
(1123, 6, 3, 1, 624, 83.25, 10, 41.6250, 874.13, 832.50, 4.7610000000, 41.6250, 4.4),
(1124, 6, 8, 1, 625, 91.35, 1, 45.6750, 959.18, 91.35, 4.7610000000, 45.6750, 6.8),
(1125, 6, 2, 3, 626, 78.88, 2, 7.8880, 165.65, 157.76, 4.7610000000, 7.8880, 9.1),
(1126, 1, 11, 6, 627, 60.87, 2, 6.0870, 127.83, 121.74, 4.7610000000, 6.0870, 8.7),
(1127, 6, 8, 4, 628, 82.58, 10, 41.2900, 867.09, 825.80, 4.7610000000, 41.2900, 5.0),
(1128, 1, 12, 5, 629, 53.30, 3, 7.9950, 167.90, 159.90, 4.7610000000, 7.9950, 7.5),
(1129, 1, 3, 1, 630, 12.09, 1, 0.6045, 126.95, 12.09, 4.7610000000, 0.6045, 8.2),
(1130, 1, 9, 6, 631, 64.19, 10, 32.0950, 674.00, 641.90, 4.7610000000, 32.0950, 6.7),
(1131, 1, 11, 2, 632, 78.31, 3, 117.4650, 2.47, 234.93, 4.7610000000, 117.4650, 5.4),
(1132, 1, 10, 3, 633, 83.77, 2, 8.3770, 175.92, 167.54, 4.7610000000, 8.3770, 7.0),
(1133, 6, 11, 5, 634, 99.70, 3, 14.9550, 314.06, 299.10, 4.7610000000, 14.9550, 4.7),
(1134, 6, 10, 3, 635, 79.91, 3, 119.8650, 2.52, 239.73, 4.7610000000, 119.8650, 5.0),
(1135, 6, 10, 4, 636, 66.47, 10, 33.2350, 697.94, 664.70, 4.7610000000, 33.2350, 5.0),
(1136, 1, 9, 4, 637, 28.95, 7, 101.3250, 2.13, 202.65, 4.7610000000, 101.3250, 6.0),
(1137, 8, 1, 2, 638, 46.20, 1, 2.3100, 48.51, 46.20, 4.7610000000, 2.3100, 6.3),
(1138, 6, 2, 3, 639, 17.63, 5, 44.0750, 925.58, 88.15, 4.7610000000, 44.0750, 8.5),
(1139, 6, 11, 1, 640, 52.42, 3, 7.8630, 165.12, 157.26, 4.7610000000, 7.8630, 7.5),
(1140, 6, 6, 3, 641, 98.79, 3, 148.1850, 3.11, 296.37, 4.7610000000, 148.1850, 6.4),
(1141, 8, 6, 2, 642, 88.55, 8, 35.4200, 743.82, 708.40, 4.7610000000, 35.4200, 4.7),
(1142, 6, 12, 2, 643, 55.67, 2, 5.5670, 116.91, 111.34, 4.7610000000, 5.5670, 6.0),
(1143, 8, 4, 3, 644, 72.52, 8, 29.0080, 609.17, 580.16, 4.7610000000, 29.0080, 4.0),
(1144, 8, 12, 2, 645, 12.05, 5, 30.1250, 632.63, 60.25, 4.7610000000, 30.1250, 5.5),
(1145, 1, 12, 5, 646, 19.36, 9, 8.7120, 182.95, 174.24, 4.7610000000, 8.7120, 8.7),
(1146, 8, 7, 4, 647, 70.21, 6, 21.0630, 442.32, 421.26, 4.7610000000, 21.0630, 7.4),
(1147, 6, 8, 1, 648, 33.63, 1, 16.8150, 353.12, 33.63, 4.7610000000, 16.8150, 5.6),
(1148, 8, 2, 6, 649, 15.49, 2, 1.5490, 32.53, 30.98, 4.7610000000, 1.5490, 6.3),
(1149, 8, 7, 2, 650, 24.74, 10, 12.3700, 259.77, 247.40, 4.7610000000, 12.3700, 7.1),
(1150, 6, 11, 2, 651, 75.66, 5, 18.9150, 397.22, 378.30, 4.7610000000, 18.9150, 7.8),
(1151, 6, 1, 4, 652, 55.81, 6, 16.7430, 351.60, 334.86, 4.7610000000, 16.7430, 9.9),
(1152, 1, 8, 5, 653, 72.78, 10, 36.3900, 764.19, 727.80, 4.7610000000, 36.3900, 7.3),
(1153, 6, 12, 6, 654, 37.32, 9, 16.7940, 352.67, 335.88, 4.7610000000, 16.7940, 5.1),
(1154, 6, 10, 1, 655, 60.18, 4, 12.0360, 252.76, 240.72, 4.7610000000, 12.0360, 9.4),
(1155, 1, 3, 2, 656, 15.69, 3, 23.5350, 494.24, 47.07, 4.7610000000, 23.5350, 5.8),
(1156, 8, 3, 2, 657, 99.69, 1, 49.8450, 1.05, 99.69, 4.7610000000, 49.8450, 8.0),
(1157, 1, 6, 1, 658, 88.15, 3, 132.2250, 2.78, 264.45, 4.7610000000, 132.2250, 7.9),
(1158, 1, 2, 6, 659, 27.93, 5, 69.8250, 1.47, 139.65, 4.7610000000, 69.8250, 5.9),
(1159, 1, 10, 1, 660, 55.45, 1, 27.7250, 582.23, 55.45, 4.7610000000, 27.7250, 4.9),
(1160, 6, 1, 6, 661, 42.97, 3, 64.4550, 1.35, 128.91, 4.7610000000, 64.4550, 9.3),
(1161, 8, 10, 6, 662, 17.14, 7, 5.9990, 125.98, 119.98, 4.7610000000, 5.9990, 7.9),
(1162, 6, 4, 1, 663, 58.75, 6, 17.6250, 370.13, 352.50, 4.7610000000, 17.6250, 5.9),
(1163, 8, 4, 3, 664, 87.10, 10, 43.5500, 914.55, 871.00, 4.7610000000, 43.5500, 9.9),
(1164, 8, 1, 6, 665, 98.80, 2, 9.8800, 207.48, 197.60, 4.7610000000, 9.8800, 7.7),
(1165, 1, 5, 1, 666, 48.63, 4, 9.7260, 204.25, 194.52, 4.7610000000, 9.7260, 7.6),
(1166, 6, 12, 3, 667, 57.74, 3, 8.6610, 181.88, 173.22, 4.7610000000, 8.6610, 7.7),
(1167, 6, 5, 4, 668, 17.97, 4, 3.5940, 75.47, 71.88, 4.7610000000, 3.5940, 6.4),
(1168, 8, 6, 4, 669, 47.71, 6, 14.3130, 300.57, 286.26, 4.7610000000, 14.3130, 4.4),
(1169, 6, 3, 6, 670, 40.62, 2, 4.0620, 85.30, 81.24, 4.7610000000, 4.0620, 4.1),
(1170, 1, 12, 1, 671, 56.04, 10, 28.0200, 588.42, 560.40, 4.7610000000, 28.0200, 4.4),
(1171, 6, 8, 3, 672, 93.40, 2, 9.3400, 196.14, 186.80, 4.7610000000, 9.3400, 5.5),
(1172, 6, 5, 4, 673, 73.41, 3, 110.1150, 2.31, 220.23, 4.7610000000, 110.1150, 4.0),
(1173, 8, 9, 4, 674, 33.64, 8, 13.4560, 282.58, 269.12, 4.7610000000, 13.4560, 9.3),
(1174, 1, 3, 2, 675, 45.48, 10, 22.7400, 477.54, 454.80, 4.7610000000, 22.7400, 4.8),
(1175, 6, 8, 1, 676, 83.77, 2, 8.3770, 175.92, 167.54, 4.7610000000, 8.3770, 4.6),
(1176, 6, 4, 6, 677, 64.08, 7, 22.4280, 470.99, 448.56, 4.7610000000, 22.4280, 7.3),
(1177, 1, 2, 3, 678, 73.47, 4, 14.6940, 308.57, 293.88, 4.7610000000, 14.6940, 6.0),
(1178, 8, 11, 4, 679, 58.95, 10, 29.4750, 618.98, 589.50, 4.7610000000, 29.4750, 8.1),
(1179, 1, 12, 3, 680, 48.50, 6, 14.5500, 305.55, 291.00, 4.7610000000, 14.5500, 9.4),
(1180, 6, 2, 2, 681, 39.48, 1, 1.9740, 41.45, 39.48, 4.7610000000, 1.9740, 6.5),
(1181, 6, 3, 6, 682, 34.81, 1, 17.4050, 365.51, 34.81, 4.7610000000, 17.4050, 7.0),
(1182, 8, 5, 1, 683, 49.32, 6, 14.7960, 310.72, 295.92, 4.7610000000, 14.7960, 7.1),
(1183, 1, 12, 1, 684, 21.48, 2, 2.1480, 45.11, 42.96, 4.7610000000, 2.1480, 6.6),
(1184, 6, 6, 6, 685, 23.08, 6, 6.9240, 145.40, 138.48, 4.7610000000, 6.9240, 4.9),
(1185, 6, 4, 5, 686, 49.10, 2, 4.9100, 103.11, 98.20, 4.7610000000, 4.9100, 6.4),
(1186, 6, 4, 6, 687, 64.83, 2, 6.4830, 136.14, 129.66, 4.7610000000, 6.4830, 8.0),
(1187, 1, 8, 5, 688, 63.56, 10, 31.7800, 667.38, 635.60, 4.7610000000, 31.7800, 4.3),
(1188, 8, 8, 6, 689, 72.88, 2, 7.2880, 153.05, 145.76, 4.7610000000, 7.2880, 6.1),
(1189, 1, 1, 3, 690, 67.10, 3, 10.0650, 211.37, 201.30, 4.7610000000, 10.0650, 7.5),
(1190, 8, 2, 6, 691, 70.19, 9, 315.8550, 6.63, 631.71, 4.7610000000, 315.8550, 6.7),
(1191, 8, 12, 3, 692, 55.04, 7, 19.2640, 404.54, 385.28, 4.7610000000, 19.2640, 5.2),
(1192, 1, 8, 4, 693, 48.63, 10, 24.3150, 510.62, 486.30, 4.7610000000, 24.3150, 8.8),
(1193, 8, 2, 1, 694, 73.38, 7, 25.6830, 539.34, 513.66, 4.7610000000, 25.6830, 9.5),
(1194, 8, 1, 3, 695, 52.60, 9, 23.6700, 497.07, 473.40, 4.7610000000, 23.6700, 7.6),
(1195, 1, 2, 5, 696, 87.37, 5, 218.4250, 4.59, 436.85, 4.7610000000, 218.4250, 6.6),
(1196, 1, 6, 6, 697, 27.04, 4, 5.4080, 113.57, 108.16, 4.7610000000, 5.4080, 6.9),
(1197, 6, 11, 5, 698, 62.19, 4, 12.4380, 261.20, 248.76, 4.7610000000, 12.4380, 4.3),
(1198, 1, 10, 2, 699, 69.58, 9, 31.3110, 657.53, 626.22, 4.7610000000, 31.3110, 7.8),
(1199, 8, 11, 5, 700, 97.50, 10, 48.7500, 1023.75, 975.00, 4.7610000000, 48.7500, 8.0),
(1200, 8, 5, 1, 701, 60.41, 8, 24.1640, 507.44, 483.28, 4.7610000000, 24.1640, 9.6),
(1201, 6, 9, 3, 702, 32.32, 3, 4.8480, 101.81, 96.96, 4.7610000000, 4.8480, 4.3),
(1202, 6, 4, 1, 703, 19.77, 10, 9.8850, 207.59, 197.70, 4.7610000000, 9.8850, 5.0),
(1203, 6, 8, 4, 704, 80.47, 9, 362.1150, 7.60, 724.23, 4.7610000000, 362.1150, 9.2),
(1204, 6, 2, 5, 705, 88.39, 9, 397.7550, 8.35, 795.51, 4.7610000000, 397.7550, 6.3),
(1205, 6, 7, 4, 706, 71.77, 7, 251.1950, 5.28, 502.39, 4.7610000000, 251.1950, 8.9),
(1206, 6, 5, 2, 707, 43.00, 4, 8.6000, 180.60, 172.00, 4.7610000000, 8.6000, 7.6),
(1207, 8, 8, 3, 708, 68.98, 1, 3.4490, 72.43, 68.98, 4.7610000000, 3.4490, 4.8),
(1208, 8, 11, 1, 709, 15.62, 8, 6.2480, 131.21, 124.96, 4.7610000000, 6.2480, 9.1),
(1209, 1, 11, 6, 710, 25.70, 3, 3.8550, 80.96, 77.10, 4.7610000000, 3.8550, 6.1),
(1210, 1, 8, 3, 711, 80.62, 6, 24.1860, 507.91, 483.72, 4.7610000000, 24.1860, 9.1),
(1211, 8, 6, 5, 712, 75.53, 4, 15.1060, 317.23, 302.12, 4.7610000000, 15.1060, 8.3),
(1212, 8, 5, 2, 713, 77.63, 9, 349.3350, 7.34, 698.67, 4.7610000000, 349.3350, 7.2),
(1213, 8, 5, 4, 714, 13.85, 9, 62.3250, 1.31, 124.65, 4.7610000000, 62.3250, 6.0),
(1214, 8, 12, 1, 715, 98.70, 8, 39.4800, 829.08, 789.60, 4.7610000000, 39.4800, 8.5),
(1215, 1, 3, 4, 716, 35.68, 5, 8.9200, 187.32, 178.40, 4.7610000000, 8.9200, 6.6),
(1216, 1, 6, 1, 717, 71.46, 7, 25.0110, 525.23, 500.22, 4.7610000000, 25.0110, 4.5),
(1217, 1, 10, 2, 718, 11.94, 3, 1.7910, 37.61, 35.82, 4.7610000000, 1.7910, 8.1),
(1218, 1, 9, 1, 719, 45.38, 3, 6.8070, 142.95, 136.14, 4.7610000000, 6.8070, 7.2),
(1219, 6, 4, 1, 720, 17.48, 6, 5.2440, 110.12, 104.88, 4.7610000000, 5.2440, 6.1),
(1220, 6, 1, 1, 721, 25.56, 7, 8.9460, 187.87, 178.92, 4.7610000000, 8.9460, 7.1),
(1221, 8, 2, 6, 722, 90.63, 9, 407.8350, 8.56, 815.67, 4.7610000000, 407.8350, 5.1),
(1222, 6, 9, 5, 723, 44.12, 3, 6.6180, 138.98, 132.36, 4.7610000000, 6.6180, 7.9),
(1223, 8, 2, 3, 724, 36.77, 7, 128.6950, 2.70, 257.39, 4.7610000000, 128.6950, 7.4),
(1224, 6, 12, 3, 725, 23.34, 4, 4.6680, 98.03, 93.36, 4.7610000000, 4.6680, 7.4),
(1225, 8, 2, 4, 726, 28.50, 8, 11.4000, 239.40, 228.00, 4.7610000000, 11.4000, 6.6),
(1226, 8, 10, 5, 727, 55.57, 3, 83.3550, 1.75, 166.71, 4.7610000000, 83.3550, 5.9),
(1227, 6, 9, 6, 728, 69.74, 10, 34.8700, 732.27, 697.40, 4.7610000000, 34.8700, 8.9),
(1228, 8, 11, 1, 729, 97.26, 4, 19.4520, 408.49, 389.04, 4.7610000000, 19.4520, 6.8),
(1229, 6, 2, 5, 730, 52.18, 7, 18.2630, 383.52, 365.26, 4.7610000000, 18.2630, 9.3),
(1230, 1, 4, 1, 731, 22.32, 4, 4.4640, 93.74, 89.28, 4.7610000000, 4.4640, 4.4),
(1231, 1, 11, 4, 732, 56.00, 3, 8.4000, 176.40, 168.00, 4.7610000000, 8.4000, 4.8),
(1232, 1, 12, 1, 733, 19.70, 1, 0.9850, 20.69, 19.70, 4.7610000000, 0.9850, 9.5),
(1233, 6, 11, 2, 734, 75.88, 7, 26.5580, 557.72, 531.16, 4.7610000000, 26.5580, 8.9),
(1234, 6, 12, 3, 735, 53.72, 1, 2.6860, 56.41, 53.72, 4.7610000000, 2.6860, 6.4),
(1235, 8, 10, 4, 736, 81.95, 10, 40.9750, 860.48, 819.50, 4.7610000000, 40.9750, 6.0),
(1236, 8, 4, 5, 737, 81.20, 7, 28.4200, 596.82, 568.40, 4.7610000000, 28.4200, 8.1),
(1237, 8, 11, 2, 738, 58.76, 10, 29.3800, 616.98, 587.60, 4.7610000000, 29.3800, 9.0),
(1238, 6, 12, 2, 739, 91.56, 8, 36.6240, 769.10, 732.48, 4.7610000000, 36.6240, 6.0),
(1239, 1, 7, 5, 740, 93.96, 9, 42.2820, 887.92, 845.64, 4.7610000000, 42.2820, 9.8),
(1240, 8, 7, 5, 741, 55.61, 7, 194.6350, 4.09, 389.27, 4.7610000000, 194.6350, 8.5),
(1241, 8, 11, 3, 742, 84.83, 1, 42.4150, 890.72, 84.83, 4.7610000000, 42.4150, 8.8),
(1242, 1, 6, 6, 743, 71.63, 2, 7.1630, 150.42, 143.26, 4.7610000000, 7.1630, 8.8),
(1243, 1, 12, 5, 744, 37.69, 2, 3.7690, 79.15, 75.38, 4.7610000000, 3.7690, 9.5),
(1244, 8, 4, 6, 745, 31.67, 8, 12.6680, 266.03, 253.36, 4.7610000000, 12.6680, 5.6),
(1245, 8, 2, 3, 746, 38.42, 1, 1.9210, 40.34, 38.42, 4.7610000000, 1.9210, 8.6),
(1246, 6, 10, 1, 747, 65.23, 10, 32.6150, 684.92, 652.30, 4.7610000000, 32.6150, 5.2),
(1247, 8, 4, 5, 748, 10.53, 5, 26.3250, 552.83, 52.65, 4.7610000000, 26.3250, 5.8),
(1248, 6, 4, 5, 749, 12.29, 9, 55.3050, 1.16, 110.61, 4.7610000000, 55.3050, 8.0),
(1249, 8, 8, 4, 750, 81.23, 7, 284.3050, 5.97, 568.61, 4.7610000000, 284.3050, 9.0),
(1250, 6, 6, 1, 751, 22.32, 4, 4.4640, 93.74, 89.28, 4.7610000000, 4.4640, 4.1),
(1251, 1, 3, 3, 752, 27.28, 5, 6.8200, 143.22, 136.40, 4.7610000000, 6.8200, 8.6),
(1252, 1, 6, 2, 753, 17.42, 10, 8.7100, 182.91, 174.20, 4.7610000000, 8.7100, 7.0),
(1253, 6, 11, 5, 754, 73.28, 5, 18.3200, 384.72, 366.40, 4.7610000000, 18.3200, 8.4),
(1254, 8, 6, 1, 755, 84.87, 3, 127.3050, 2.67, 254.61, 4.7610000000, 127.3050, 7.4),
(1255, 1, 3, 1, 756, 97.29, 8, 38.9160, 817.24, 778.32, 4.7610000000, 38.9160, 6.2),
(1256, 6, 6, 2, 757, 35.74, 8, 14.2960, 300.22, 285.92, 4.7610000000, 14.2960, 4.9),
(1257, 1, 1, 5, 758, 96.52, 6, 28.9560, 608.08, 579.12, 4.7610000000, 28.9560, 4.5),
(1258, 1, 12, 3, 759, 18.85, 10, 9.4250, 197.93, 188.50, 4.7610000000, 9.4250, 5.6),
(1259, 1, 5, 3, 760, 55.39, 4, 11.0780, 232.64, 221.56, 4.7610000000, 11.0780, 8.0),
(1260, 6, 4, 3, 761, 77.20, 10, 38.6000, 810.60, 772.00, 4.7610000000, 38.6000, 5.6),
(1261, 6, 9, 2, 762, 72.13, 10, 36.0650, 757.37, 721.30, 4.7610000000, 36.0650, 4.2),
(1262, 1, 6, 1, 763, 63.88, 8, 25.5520, 536.59, 511.04, 4.7610000000, 25.5520, 9.9),
(1263, 1, 6, 4, 764, 10.69, 5, 26.7250, 561.23, 53.45, 4.7610000000, 26.7250, 7.6),
(1264, 1, 10, 4, 765, 55.50, 4, 11.1000, 233.10, 222.00, 4.7610000000, 11.1000, 6.6),
(1265, 6, 5, 5, 766, 95.46, 8, 38.1840, 801.86, 763.68, 4.7610000000, 38.1840, 4.7),
(1266, 8, 3, 1, 767, 76.06, 3, 11.4090, 239.59, 228.18, 4.7610000000, 11.4090, 9.8),
(1267, 6, 7, 6, 768, 13.69, 6, 4.1070, 86.25, 82.14, 4.7610000000, 4.1070, 6.3),
(1268, 6, 1, 2, 769, 95.64, 4, 19.1280, 401.69, 382.56, 4.7610000000, 19.1280, 7.9),
(1269, 1, 1, 5, 770, 11.43, 6, 3.4290, 72.01, 68.58, 4.7610000000, 3.4290, 7.7),
(1270, 6, 6, 6, 771, 95.54, 4, 19.1080, 401.27, 382.16, 4.7610000000, 19.1080, 4.5),
(1271, 8, 4, 4, 772, 85.87, 7, 300.5450, 6.31, 601.09, 4.7610000000, 300.5450, 8.0),
(1272, 8, 6, 6, 773, 67.99, 7, 237.9650, 5.00, 475.93, 4.7610000000, 237.9650, 5.7),
(1273, 8, 3, 3, 774, 52.42, 1, 2.6210, 55.04, 52.42, 4.7610000000, 2.6210, 6.3),
(1274, 8, 8, 3, 775, 65.65, 2, 6.5650, 137.87, 131.30, 4.7610000000, 6.5650, 6.0),
(1275, 6, 3, 3, 776, 28.86, 5, 7.2150, 151.52, 144.30, 4.7610000000, 7.2150, 8.0),
(1276, 8, 10, 4, 777, 65.31, 7, 228.5850, 4.80, 457.17, 4.7610000000, 228.5850, 4.2),
(1277, 6, 7, 6, 778, 93.38, 1, 4.6690, 98.05, 93.38, 4.7610000000, 4.6690, 9.6),
(1278, 8, 8, 6, 779, 25.25, 5, 63.1250, 1.33, 126.25, 4.7610000000, 63.1250, 6.1),
(1279, 6, 12, 2, 780, 87.87, 9, 395.4150, 8.30, 790.83, 4.7610000000, 395.4150, 5.6),
(1280, 8, 7, 4, 781, 21.80, 8, 8.7200, 183.12, 174.40, 4.7610000000, 8.7200, 8.3),
(1281, 1, 5, 6, 782, 94.76, 4, 18.9520, 397.99, 379.04, 4.7610000000, 18.9520, 7.8),
(1282, 1, 4, 1, 783, 30.62, 1, 1.5310, 32.15, 30.62, 4.7610000000, 1.5310, 4.1),
(1283, 8, 1, 5, 784, 44.01, 8, 17.6040, 369.68, 352.08, 4.7610000000, 17.6040, 8.8),
(1284, 8, 6, 4, 785, 10.16, 5, 2.5400, 53.34, 50.80, 4.7610000000, 2.5400, 4.1),
(1285, 1, 9, 2, 786, 74.58, 7, 26.1030, 548.16, 522.06, 4.7610000000, 26.1030, 9.0),
(1286, 8, 11, 2, 787, 71.89, 8, 28.7560, 603.88, 575.12, 4.7610000000, 28.7560, 5.5),
(1287, 8, 3, 4, 788, 10.99, 5, 27.4750, 576.98, 54.95, 4.7610000000, 27.4750, 9.3),
(1288, 8, 10, 4, 789, 60.47, 3, 90.7050, 1.90, 181.41, 4.7610000000, 90.7050, 5.6),
(1289, 1, 11, 6, 790, 58.91, 7, 206.1850, 4.33, 412.37, 4.7610000000, 206.1850, 9.7),
(1290, 1, 9, 1, 791, 46.41, 1, 23.2050, 487.31, 46.41, 4.7610000000, 23.2050, 4.0),
(1291, 8, 10, 4, 792, 68.55, 4, 13.7100, 287.91, 274.20, 4.7610000000, 13.7100, 9.2),
(1292, 6, 3, 5, 793, 97.37, 10, 48.6850, 1.02, 973.70, 4.7610000000, 48.6850, 4.9),
(1293, 1, 10, 2, 794, 92.60, 7, 32.4100, 680.61, 648.20, 4.7610000000, 32.4100, 9.3),
(1294, 1, 3, 2, 795, 46.61, 2, 4.6610, 97.88, 93.22, 4.7610000000, 4.6610, 6.6),
(1295, 6, 11, 1, 796, 27.18, 2, 2.7180, 57.08, 54.36, 4.7610000000, 2.7180, 4.3),
(1296, 8, 2, 5, 797, 60.87, 1, 30.4350, 639.14, 60.87, 4.7610000000, 30.4350, 5.5),
(1297, 1, 2, 6, 798, 24.49, 10, 12.2450, 257.15, 244.90, 4.7610000000, 12.2450, 8.1),
(1298, 6, 9, 4, 799, 92.78, 1, 4.6390, 97.42, 92.78, 4.7610000000, 4.6390, 9.8),
(1299, 8, 12, 5, 800, 86.69, 5, 216.7250, 4.55, 433.45, 4.7610000000, 216.7250, 9.4),
(1300, 6, 11, 6, 801, 23.01, 6, 6.9030, 144.96, 138.06, 4.7610000000, 6.9030, 7.9),
(1301, 8, 6, 2, 802, 30.20, 8, 12.0800, 253.68, 241.60, 4.7610000000, 12.0800, 5.1),
(1302, 8, 12, 1, 803, 67.39, 7, 235.8650, 4.95, 471.73, 4.7610000000, 235.8650, 6.9),
(1303, 1, 2, 1, 804, 48.96, 9, 22.0320, 462.67, 440.64, 4.7610000000, 22.0320, 8.0),
(1304, 6, 2, 2, 805, 75.59, 9, 340.1550, 7.14, 680.31, 4.7610000000, 340.1550, 8.0),
(1305, 1, 1, 5, 806, 77.47, 4, 15.4940, 325.37, 309.88, 4.7610000000, 15.4940, 4.2),
(1306, 1, 3, 6, 807, 93.18, 2, 9.3180, 195.68, 186.36, 4.7610000000, 9.3180, 8.5),
(1307, 1, 1, 2, 808, 50.23, 4, 10.0460, 210.97, 200.92, 4.7610000000, 10.0460, 9.0),
(1308, 6, 1, 4, 809, 17.75, 1, 0.8875, 186.38, 17.75, 4.7610000000, 0.8875, 8.6),
(1309, 8, 5, 1, 810, 62.18, 10, 31.0900, 652.89, 621.80, 4.7610000000, 31.0900, 6.0),
(1310, 6, 11, 4, 811, 10.75, 8, 4.3000, 90.30, 86.00, 4.7610000000, 4.3000, 6.2),
(1311, 1, 3, 2, 812, 40.26, 10, 20.1300, 422.73, 402.60, 4.7610000000, 20.1300, 5.0),
(1312, 8, 4, 6, 813, 64.97, 5, 162.4250, 3.41, 324.85, 4.7610000000, 162.4250, 6.5),
(1313, 1, 7, 2, 814, 95.15, 1, 47.5750, 999.08, 95.15, 4.7610000000, 47.5750, 6.0),
(1314, 1, 2, 2, 815, 48.62, 8, 19.4480, 408.41, 388.96, 4.7610000000, 19.4480, 5.0),
(1315, 6, 5, 3, 816, 53.21, 8, 21.2840, 446.96, 425.68, 4.7610000000, 21.2840, 5.0),
(1316, 8, 1, 1, 817, 45.44, 7, 15.9040, 333.98, 318.08, 4.7610000000, 15.9040, 9.2),
(1317, 1, 11, 3, 818, 33.88, 8, 13.5520, 284.59, 271.04, 4.7610000000, 13.5520, 9.6),
(1318, 6, 10, 4, 819, 96.16, 4, 19.2320, 403.87, 384.64, 4.7610000000, 19.2320, 8.4),
(1319, 6, 10, 3, 820, 47.16, 5, 11.7900, 247.59, 235.80, 4.7610000000, 11.7900, 6.0),
(1320, 6, 11, 2, 821, 52.89, 4, 10.5780, 222.14, 211.56, 4.7610000000, 10.5780, 6.7),
(1321, 1, 4, 5, 822, 47.68, 2, 4.7680, 100.13, 95.36, 4.7610000000, 4.7680, 4.1),
(1322, 8, 8, 6, 823, 10.17, 1, 0.5085, 106.79, 10.17, 4.7610000000, 0.5085, 5.9),
(1323, 1, 1, 4, 824, 68.71, 3, 103.0650, 2.16, 206.13, 4.7610000000, 103.0650, 8.7),
(1324, 6, 4, 6, 825, 60.08, 7, 21.0280, 441.59, 420.56, 4.7610000000, 21.0280, 4.5),
(1325, 1, 4, 6, 826, 22.01, 4, 4.4020, 92.44, 88.04, 4.7610000000, 4.4020, 6.6),
(1326, 6, 4, 4, 827, 72.11, 9, 324.4950, 6.81, 648.99, 4.7610000000, 324.4950, 7.7),
(1327, 1, 10, 1, 828, 41.28, 3, 6.1920, 130.03, 123.84, 4.7610000000, 6.1920, 8.5),
(1328, 8, 7, 2, 829, 64.95, 10, 32.4750, 681.98, 649.50, 4.7610000000, 32.4750, 5.2),
(1329, 1, 4, 2, 830, 74.22, 10, 37.1100, 779.31, 742.20, 4.7610000000, 37.1100, 4.3),
(1330, 1, 7, 2, 831, 10.56, 8, 4.2240, 88.70, 84.48, 4.7610000000, 4.2240, 7.6),
(1331, 6, 7, 4, 832, 62.57, 4, 12.5140, 262.79, 250.28, 4.7610000000, 12.5140, 9.5),
(1332, 6, 2, 6, 833, 11.85, 8, 4.7400, 99.54, 94.80, 4.7610000000, 4.7400, 4.1),
(1333, 1, 12, 4, 834, 91.30, 1, 4.5650, 95.87, 91.30, 4.7610000000, 4.5650, 9.2),
(1334, 6, 6, 5, 835, 40.73, 7, 142.5550, 2.99, 285.11, 4.7610000000, 142.5550, 5.4),
(1335, 1, 7, 1, 836, 52.38, 1, 2.6190, 55.00, 52.38, 4.7610000000, 2.6190, 5.8),
(1336, 1, 12, 1, 837, 38.54, 5, 9.6350, 202.34, 192.70, 4.7610000000, 9.6350, 5.6),
(1337, 6, 9, 6, 838, 44.63, 6, 13.3890, 281.17, 267.78, 4.7610000000, 13.3890, 5.1),
(1338, 8, 7, 2, 839, 55.87, 10, 27.9350, 586.64, 558.70, 4.7610000000, 27.9350, 5.8),
(1339, 8, 6, 6, 840, 29.22, 6, 8.7660, 184.09, 175.32, 4.7610000000, 8.7660, 5.0),
(1340, 1, 7, 1, 841, 51.94, 3, 7.7910, 163.61, 155.82, 4.7610000000, 7.7910, 7.9),
(1341, 6, 7, 2, 842, 60.30, 1, 3.0150, 63.32, 60.30, 4.7610000000, 3.0150, 6.0),
(1342, 1, 4, 6, 843, 39.47, 2, 3.9470, 82.89, 78.94, 4.7610000000, 3.9470, 5.0),
(1343, 8, 4, 3, 844, 14.87, 2, 1.4870, 31.23, 29.74, 4.7610000000, 1.4870, 8.9),
(1344, 1, 7, 1, 845, 21.32, 1, 1.0660, 22.39, 21.32, 4.7610000000, 1.0660, 5.9),
(1345, 1, 10, 2, 846, 93.78, 3, 14.0670, 295.41, 281.34, 4.7610000000, 14.0670, 5.9),
(1346, 1, 12, 2, 847, 73.26, 1, 3.6630, 76.92, 73.26, 4.7610000000, 3.6630, 9.7),
(1347, 8, 3, 6, 848, 22.38, 1, 1.1190, 23.50, 22.38, 4.7610000000, 1.1190, 8.6),
(1348, 8, 2, 3, 849, 72.88, 9, 32.7960, 688.72, 655.92, 4.7610000000, 32.7960, 4.0),
(1349, 1, 1, 1, 850, 99.10, 6, 29.7300, 624.33, 594.60, 4.7610000000, 29.7300, 4.2),
(1350, 1, 7, 1, 851, 74.10, 1, 3.7050, 77.81, 74.10, 4.7610000000, 3.7050, 9.2),
(1351, 1, 5, 1, 852, 98.48, 2, 9.8480, 206.81, 196.96, 4.7610000000, 9.8480, 9.2),
(1352, 8, 11, 4, 853, 53.19, 7, 186.1650, 3.91, 372.33, 4.7610000000, 186.1650, 5.0),
(1353, 6, 5, 2, 854, 52.79, 10, 26.3950, 554.30, 527.90, 4.7610000000, 26.3950, 10.0),
(1354, 1, 6, 4, 855, 95.95, 5, 239.8750, 5.04, 479.75, 4.7610000000, 239.8750, 8.8),
(1355, 6, 1, 1, 856, 36.51, 9, 164.2950, 3.45, 328.59, 4.7610000000, 164.2950, 4.2),
(1356, 6, 7, 3, 857, 21.12, 8, 8.4480, 177.41, 168.96, 4.7610000000, 8.4480, 6.3),
(1357, 1, 2, 5, 858, 28.31, 4, 5.6620, 118.90, 113.24, 4.7610000000, 5.6620, 8.2),
(1358, 6, 7, 4, 859, 57.59, 6, 17.2770, 362.82, 345.54, 4.7610000000, 17.2770, 5.1),
(1359, 1, 2, 3, 860, 47.63, 9, 214.3350, 4.50, 428.67, 4.7610000000, 214.3350, 5.0),
(1360, 8, 6, 5, 861, 86.27, 1, 43.1350, 905.84, 86.27, 4.7610000000, 43.1350, 7.0),
(1361, 1, 12, 6, 862, 12.76, 2, 1.2760, 26.80, 25.52, 4.7610000000, 1.2760, 7.8),
(1362, 6, 3, 5, 863, 11.28, 9, 5.0760, 106.60, 101.52, 4.7610000000, 5.0760, 4.3),
(1363, 6, 1, 5, 864, 51.07, 7, 178.7450, 3.75, 357.49, 4.7610000000, 178.7450, 7.0),
(1364, 1, 2, 2, 865, 79.59, 3, 119.3850, 2.51, 238.77, 4.7610000000, 119.3850, 6.6),
(1365, 8, 12, 4, 866, 33.81, 3, 50.7150, 1.07, 101.43, 4.7610000000, 50.7150, 7.3),
(1366, 6, 10, 6, 867, 90.53, 8, 36.2120, 760.45, 724.24, 4.7610000000, 36.2120, 6.5),
(1367, 8, 6, 4, 868, 62.82, 2, 6.2820, 131.92, 125.64, 4.7610000000, 6.2820, 4.9),
(1368, 8, 10, 3, 869, 24.31, 3, 36.4650, 765.77, 72.93, 4.7610000000, 36.4650, 4.3),
(1369, 1, 11, 6, 870, 64.59, 4, 12.9180, 271.28, 258.36, 4.7610000000, 12.9180, 9.3),
(1370, 1, 10, 3, 871, 24.82, 7, 8.6870, 182.43, 173.74, 4.7610000000, 8.6870, 7.1),
(1371, 8, 11, 1, 872, 56.50, 1, 2.8250, 59.33, 56.50, 4.7610000000, 2.8250, 9.6),
(1372, 6, 2, 2, 873, 21.43, 10, 10.7150, 225.02, 214.30, 4.7610000000, 10.7150, 6.2),
(1373, 1, 8, 6, 874, 89.06, 6, 26.7180, 561.08, 534.36, 4.7610000000, 26.7180, 9.9),
(1374, 1, 10, 5, 875, 23.29, 4, 4.6580, 97.82, 93.16, 4.7610000000, 4.6580, 5.9),
(1375, 8, 11, 5, 876, 65.26, 8, 26.1040, 548.18, 522.08, 4.7610000000, 26.1040, 6.3),
(1376, 8, 8, 1, 877, 52.35, 1, 26.1750, 549.68, 52.35, 4.7610000000, 26.1750, 4.0),
(1377, 6, 8, 2, 878, 39.75, 1, 19.8750, 417.38, 39.75, 4.7610000000, 19.8750, 6.1),
(1378, 1, 3, 2, 879, 90.02, 8, 36.0080, 756.17, 720.16, 4.7610000000, 36.0080, 4.5),
(1379, 6, 6, 2, 880, 12.10, 8, 4.8400, 101.64, 96.80, 4.7610000000, 4.8400, 8.6),
(1380, 6, 6, 3, 881, 33.21, 10, 16.6050, 348.71, 332.10, 4.7610000000, 16.6050, 6.0),
(1381, 8, 4, 1, 882, 10.18, 8, 4.0720, 85.51, 81.44, 4.7610000000, 4.0720, 9.5),
(1382, 6, 10, 6, 883, 31.99, 10, 15.9950, 335.90, 319.90, 4.7610000000, 15.9950, 9.9),
(1383, 1, 6, 5, 884, 34.42, 6, 10.3260, 216.85, 206.52, 4.7610000000, 10.3260, 7.5),
(1384, 1, 2, 3, 885, 83.34, 2, 8.3340, 175.01, 166.68, 4.7610000000, 8.3340, 7.6),
(1385, 1, 7, 6, 886, 45.58, 7, 15.9530, 335.01, 319.06, 4.7610000000, 15.9530, 5.0),
(1386, 1, 12, 3, 887, 87.90, 1, 4.3950, 92.30, 87.90, 4.7610000000, 4.3950, 6.7),
(1387, 1, 6, 2, 888, 73.47, 10, 36.7350, 771.44, 734.70, 4.7610000000, 36.7350, 9.5),
(1388, 8, 5, 1, 889, 12.19, 8, 4.8760, 102.40, 97.52, 4.7610000000, 4.8760, 6.8),
(1389, 1, 12, 6, 890, 76.92, 10, 38.4600, 807.66, 769.20, 4.7610000000, 38.4600, 5.6),
(1390, 8, 1, 4, 891, 83.66, 5, 20.9150, 439.22, 418.30, 4.7610000000, 20.9150, 7.2),
(1391, 6, 1, 2, 892, 57.91, 8, 23.1640, 486.44, 463.28, 4.7610000000, 23.1640, 8.1),
(1392, 8, 4, 1, 893, 92.49, 5, 231.2250, 4.86, 462.45, 4.7610000000, 231.2250, 8.6),
(1393, 6, 7, 2, 894, 28.38, 5, 7.0950, 149.00, 141.90, 4.7610000000, 7.0950, 9.4),
(1394, 6, 10, 2, 895, 50.45, 6, 15.1350, 317.84, 302.70, 4.7610000000, 15.1350, 8.9),
(1395, 6, 9, 4, 896, 99.16, 8, 39.6640, 832.94, 793.28, 4.7610000000, 39.6640, 4.2),
(1396, 8, 11, 1, 897, 60.74, 7, 21.2590, 446.44, 425.18, 4.7610000000, 21.2590, 5.0),
(1397, 8, 2, 3, 898, 47.27, 6, 14.1810, 297.80, 283.62, 4.7610000000, 14.1810, 8.8),
(1398, 8, 8, 4, 899, 85.60, 7, 29.9600, 629.16, 599.20, 4.7610000000, 29.9600, 5.3),
(1399, 1, 12, 3, 900, 35.04, 9, 15.7680, 331.13, 315.36, 4.7610000000, 15.7680, 4.6),
(1400, 8, 4, 2, 901, 44.84, 9, 20.1780, 423.74, 403.56, 4.7610000000, 20.1780, 7.5),
(1401, 6, 11, 5, 902, 45.97, 4, 9.1940, 193.07, 183.88, 4.7610000000, 9.1940, 5.1),
(1402, 1, 4, 4, 903, 27.73, 5, 69.3250, 1.46, 138.65, 4.7610000000, 69.3250, 4.2),
(1403, 1, 7, 3, 904, 11.53, 7, 40.3550, 847.46, 80.71, 4.7610000000, 40.3550, 8.1),
(1404, 8, 5, 4, 905, 58.32, 2, 5.8320, 122.47, 116.64, 4.7610000000, 5.8320, 6.0),
(1405, 8, 2, 5, 906, 78.38, 4, 15.6760, 329.20, 313.52, 4.7610000000, 15.6760, 7.9),
(1406, 8, 9, 4, 907, 84.61, 10, 42.3050, 888.41, 846.10, 4.7610000000, 42.3050, 8.8),
(1407, 6, 3, 4, 908, 82.88, 5, 20.7200, 435.12, 414.40, 4.7610000000, 20.7200, 6.6),
(1408, 1, 6, 3, 909, 79.54, 2, 7.9540, 167.03, 159.08, 4.7610000000, 7.9540, 6.2),
(1409, 6, 3, 5, 910, 49.01, 10, 24.5050, 514.61, 490.10, 4.7610000000, 24.5050, 4.2),
(1410, 6, 4, 3, 911, 29.15, 3, 43.7250, 918.23, 87.45, 4.7610000000, 43.7250, 7.3),
(1411, 8, 5, 2, 912, 56.13, 4, 11.2260, 235.75, 224.52, 4.7610000000, 11.2260, 8.6),
(1412, 1, 1, 5, 913, 93.12, 8, 37.2480, 782.21, 744.96, 4.7610000000, 37.2480, 6.8),
(1413, 1, 12, 1, 914, 51.34, 8, 20.5360, 431.26, 410.72, 4.7610000000, 20.5360, 7.6),
(1414, 1, 2, 3, 915, 99.60, 3, 14.9400, 313.74, 298.80, 4.7610000000, 14.9400, 5.8),
(1415, 8, 1, 2, 916, 35.49, 6, 10.6470, 223.59, 212.94, 4.7610000000, 10.6470, 4.1),
(1416, 8, 10, 6, 917, 42.85, 1, 21.4250, 449.93, 42.85, 4.7610000000, 21.4250, 9.3),
(1417, 1, 1, 1, 918, 94.67, 4, 18.9340, 397.61, 378.68, 4.7610000000, 18.9340, 6.8),
(1418, 6, 11, 5, 919, 68.97, 3, 103.4550, 2.17, 206.91, 4.7610000000, 103.4550, 8.7),
(1419, 6, 6, 2, 920, 26.26, 3, 3.9390, 82.72, 78.78, 4.7610000000, 3.9390, 6.3),
(1420, 8, 4, 5, 921, 35.79, 9, 161.0550, 3.38, 322.11, 4.7610000000, 161.0550, 5.1),
(1421, 6, 1, 5, 922, 16.37, 6, 4.9110, 103.13, 98.22, 4.7610000000, 4.9110, 7.0),
(1422, 8, 4, 5, 923, 12.73, 2, 1.2730, 26.73, 25.46, 4.7610000000, 1.2730, 5.2),
(1423, 8, 3, 6, 924, 83.14, 7, 29.0990, 611.08, 581.98, 4.7610000000, 29.0990, 6.6),
(1424, 8, 6, 6, 925, 35.22, 6, 10.5660, 221.89, 211.32, 4.7610000000, 10.5660, 6.5),
(1425, 6, 5, 2, 926, 13.78, 4, 2.7560, 57.88, 55.12, 4.7610000000, 2.7560, 9.0),
(1426, 6, 10, 6, 927, 88.31, 1, 44.1550, 927.26, 88.31, 4.7610000000, 44.1550, 5.2),
(1427, 1, 4, 4, 928, 39.62, 9, 17.8290, 374.41, 356.58, 4.7610000000, 17.8290, 6.8),
(1428, 6, 3, 2, 929, 88.25, 9, 397.1250, 8.34, 794.25, 4.7610000000, 397.1250, 7.6),
(1429, 6, 11, 6, 930, 25.31, 2, 2.5310, 53.15, 50.62, 4.7610000000, 2.5310, 7.2),
(1430, 6, 11, 5, 931, 99.92, 6, 29.9760, 629.50, 599.52, 4.7610000000, 29.9760, 7.1),
(1431, 8, 4, 1, 932, 83.35, 2, 8.3350, 175.04, 166.70, 4.7610000000, 8.3350, 9.5),
(1432, 1, 5, 3, 933, 74.44, 10, 37.2200, 781.62, 744.40, 4.7610000000, 37.2200, 5.1),
(1433, 8, 11, 4, 934, 64.08, 7, 22.4280, 470.99, 448.56, 4.7610000000, 22.4280, 7.6),
(1434, 6, 5, 5, 935, 63.15, 6, 18.9450, 397.85, 378.90, 4.7610000000, 18.9450, 9.8),
(1435, 8, 12, 5, 936, 85.72, 3, 12.8580, 270.02, 257.16, 4.7610000000, 12.8580, 5.1),
(1436, 8, 5, 4, 937, 78.89, 7, 276.1150, 5.80, 552.23, 4.7610000000, 276.1150, 7.5),
(1437, 1, 1, 6, 938, 89.48, 5, 22.3700, 469.77, 447.40, 4.7610000000, 22.3700, 7.4),
(1438, 1, 2, 4, 939, 92.09, 3, 138.1350, 2.90, 276.27, 4.7610000000, 138.1350, 4.2),
(1439, 8, 5, 3, 940, 57.29, 6, 17.1870, 360.93, 343.74, 4.7610000000, 17.1870, 5.9),
(1440, 1, 11, 3, 941, 66.52, 4, 13.3040, 279.38, 266.08, 4.7610000000, 13.3040, 6.9),
(1441, 8, 8, 1, 942, 99.82, 9, 44.9190, 943.30, 898.38, 4.7610000000, 44.9190, 6.6),
(1442, 1, 5, 5, 943, 45.68, 10, 22.8400, 479.64, 456.80, 4.7610000000, 22.8400, 5.7),
(1443, 1, 9, 4, 944, 50.79, 5, 126.9750, 2.67, 253.95, 4.7610000000, 126.9750, 5.3),
(1444, 1, 8, 4, 945, 10.08, 7, 3.5280, 74.09, 70.56, 4.7610000000, 3.5280, 4.2),
(1445, 1, 3, 2, 946, 93.88, 7, 32.8580, 690.02, 657.16, 4.7610000000, 32.8580, 7.3),
(1446, 8, 10, 2, 947, 84.25, 2, 8.4250, 176.93, 168.50, 4.7610000000, 8.4250, 5.3),
(1447, 6, 12, 1, 948, 53.78, 1, 2.6890, 56.47, 53.78, 4.7610000000, 2.6890, 4.7),
(1448, 8, 12, 5, 949, 35.81, 5, 89.5250, 1.88, 179.05, 4.7610000000, 89.5250, 7.9),
(1449, 6, 5, 3, 950, 26.43, 8, 10.5720, 222.01, 211.44, 4.7610000000, 10.5720, 8.9),
(1450, 6, 12, 4, 951, 39.91, 3, 59.8650, 1.26, 119.73, 4.7610000000, 59.8650, 9.3),
(1451, 6, 6, 5, 952, 21.90, 3, 3.2850, 68.99, 65.70, 4.7610000000, 3.2850, 4.7),
(1452, 6, 6, 3, 953, 62.85, 4, 12.5700, 263.97, 251.40, 4.7610000000, 12.5700, 8.7),
(1453, 8, 2, 3, 954, 21.04, 4, 4.2080, 88.37, 84.16, 4.7610000000, 4.2080, 7.6),
(1454, 6, 8, 5, 955, 65.91, 6, 19.7730, 415.23, 395.46, 4.7610000000, 19.7730, 5.7),
(1455, 1, 1, 1, 956, 42.57, 7, 148.9950, 3.13, 297.99, 4.7610000000, 148.9950, 6.8),
(1456, 8, 8, 3, 957, 50.49, 9, 227.2050, 4.77, 454.41, 4.7610000000, 227.2050, 5.4),
(1457, 6, 7, 2, 958, 46.02, 6, 13.8060, 289.93, 276.12, 4.7610000000, 13.8060, 7.1),
(1458, 8, 1, 5, 959, 15.80, 10, 7.9000, 165.90, 158.00, 4.7610000000, 7.9000, 7.8),
(1459, 1, 2, 3, 960, 98.66, 9, 44.3970, 932.34, 887.94, 4.7610000000, 44.3970, 8.4),
(1460, 8, 8, 1, 961, 91.98, 1, 4.5990, 96.58, 91.98, 4.7610000000, 4.5990, 9.8),
(1461, 1, 8, 2, 962, 20.89, 2, 2.0890, 43.87, 41.78, 4.7610000000, 2.0890, 9.8),
(1462, 1, 3, 1, 963, 15.50, 1, 0.7750, 16.28, 15.50, 4.7610000000, 0.7750, 7.4),
(1463, 8, 8, 2, 964, 96.82, 3, 14.5230, 304.98, 290.46, 4.7610000000, 14.5230, 6.7),
(1464, 6, 9, 3, 965, 33.33, 2, 3.3330, 69.99, 66.66, 4.7610000000, 3.3330, 6.4),
(1465, 6, 3, 2, 966, 38.27, 2, 3.8270, 80.37, 76.54, 4.7610000000, 3.8270, 5.8),
(1466, 1, 5, 5, 967, 33.30, 9, 14.9850, 314.69, 299.70, 4.7610000000, 14.9850, 7.2),
(1467, 1, 10, 5, 968, 81.01, 3, 121.5150, 2.55, 243.03, 4.7610000000, 121.5150, 9.3),
(1468, 1, 1, 4, 969, 15.80, 3, 2.3700, 49.77, 47.40, 4.7610000000, 2.3700, 9.5),
(1469, 6, 4, 2, 970, 34.49, 5, 86.2250, 1.81, 172.45, 4.7610000000, 86.2250, 9.0),
(1470, 6, 4, 3, 971, 84.63, 10, 42.3150, 888.62, 846.30, 4.7610000000, 42.3150, 9.0),
(1471, 6, 12, 5, 972, 36.91, 7, 129.1850, 2.71, 258.37, 4.7610000000, 129.1850, 6.7),
(1472, 6, 7, 2, 973, 87.08, 7, 30.4780, 640.04, 609.56, 4.7610000000, 30.4780, 5.5),
(1473, 1, 7, 5, 974, 80.08, 3, 12.0120, 252.25, 240.24, 4.7610000000, 12.0120, 5.4),
(1474, 8, 7, 1, 975, 86.13, 2, 8.6130, 180.87, 172.26, 4.7610000000, 8.6130, 8.2),
(1475, 6, 10, 1, 976, 49.92, 2, 4.9920, 104.83, 99.84, 4.7610000000, 4.9920, 7.0),
(1476, 1, 1, 3, 977, 74.66, 4, 14.9320, 313.57, 298.64, 4.7610000000, 14.9320, 8.5),
(1477, 6, 12, 3, 978, 26.60, 6, 7.9800, 167.58, 159.60, 4.7610000000, 7.9800, 4.9),
(1478, 6, 3, 2, 979, 25.45, 1, 12.7250, 267.23, 25.45, 4.7610000000, 12.7250, 5.1),
(1479, 6, 3, 3, 980, 67.77, 1, 33.8850, 711.59, 67.77, 4.7610000000, 33.8850, 6.5),
(1480, 8, 8, 3, 981, 59.59, 4, 11.9180, 250.28, 238.36, 4.7610000000, 11.9180, 9.8),
(1481, 1, 7, 4, 982, 58.15, 4, 11.6300, 244.23, 232.60, 4.7610000000, 11.6300, 8.4),
(1482, 1, 6, 6, 983, 97.48, 9, 43.8660, 921.19, 877.32, 4.7610000000, 43.8660, 7.4),
(1483, 8, 7, 4, 984, 99.96, 7, 34.9860, 734.71, 699.72, 4.7610000000, 34.9860, 6.1),
(1484, 8, 7, 2, 985, 96.37, 7, 337.2950, 7.08, 674.59, 4.7610000000, 337.2950, 6.0),
(1485, 6, 5, 1, 986, 63.71, 5, 159.2750, 3.34, 318.55, 4.7610000000, 159.2750, 8.5),
(1486, 6, 5, 4, 987, 14.76, 2, 1.4760, 31.00, 29.52, 4.7610000000, 1.4760, 4.3),
(1487, 6, 10, 4, 988, 62.00, 8, 24.8000, 520.80, 496.00, 4.7610000000, 24.8000, 6.2),
(1488, 8, 12, 2, 989, 82.34, 10, 41.1700, 864.57, 823.40, 4.7610000000, 41.1700, 4.3),
(1489, 6, 10, 4, 990, 75.37, 8, 30.1480, 633.11, 602.96, 4.7610000000, 30.1480, 8.4),
(1490, 1, 3, 3, 991, 56.56, 5, 14.1400, 296.94, 282.80, 4.7610000000, 14.1400, 4.5),
(1491, 6, 5, 6, 992, 76.60, 10, 38.3000, 804.30, 766.00, 4.7610000000, 38.3000, 6.0),
(1492, 1, 11, 2, 993, 58.03, 2, 5.8030, 121.86, 116.06, 4.7610000000, 5.8030, 8.8),
(1493, 6, 11, 1, 994, 17.49, 10, 8.7450, 183.65, 174.90, 4.7610000000, 8.7450, 6.6),
(1494, 8, 6, 2, 995, 60.95, 1, 30.4750, 639.98, 60.95, 4.7610000000, 30.4750, 5.9),
(1495, 8, 11, 4, 996, 40.35, 1, 20.1750, 423.68, 40.35, 4.7610000000, 20.1750, 6.2),
(1496, 6, 5, 5, 997, 97.38, 10, 48.6900, 1022.49, 973.80, 4.7610000000, 48.6900, 4.4),
(1497, 1, 8, 3, 998, 31.84, 1, 1.5920, 33.43, 31.84, 4.7610000000, 1.5920, 7.7),
(1498, 1, 7, 5, 999, 65.82, 1, 3.2910, 69.11, 65.82, 4.7610000000, 3.2910, 4.1),
(1499, 1, 2, 1, 1000, 88.34, 7, 30.9190, 649.30, 618.38, 4.7610000000, 30.9190, 6.6);

--
-- Índices para tablas volcadas
--

--
-- Indices de la tabla `dim_branch`
--
ALTER TABLE `dim_branch`
  ADD PRIMARY KEY (`branch_id`);

--
-- Indices de la tabla `dim_customer`
--
ALTER TABLE `dim_customer`
  ADD PRIMARY KEY (`customer_id`);

--
-- Indices de la tabla `dim_datetime`
--
ALTER TABLE `dim_datetime`
  ADD PRIMARY KEY (`datetime_id`);

--
-- Indices de la tabla `dim_product`
--
ALTER TABLE `dim_product`
  ADD PRIMARY KEY (`product_id`);

--
-- Indices de la tabla `fact_sale`
--
ALTER TABLE `fact_sale`
  ADD PRIMARY KEY (`sale_id`),
  ADD KEY `fk_sale_branch` (`branch_id`),
  ADD KEY `fk_sale_customer` (`customer_id`),
  ADD KEY `fk_sale_product` (`product_id`),
  ADD KEY `fk_sale_datetime` (`datetime_id`);

--
-- AUTO_INCREMENT de las tablas volcadas
--

--
-- AUTO_INCREMENT de la tabla `dim_branch`
--
ALTER TABLE `dim_branch`
  MODIFY `branch_id` int(10) UNSIGNED NOT NULL AUTO_INCREMENT, AUTO_INCREMENT=10;

--
-- AUTO_INCREMENT de la tabla `dim_customer`
--
ALTER TABLE `dim_customer`
  MODIFY `customer_id` int(10) UNSIGNED NOT NULL AUTO_INCREMENT, AUTO_INCREMENT=13;

--
-- AUTO_INCREMENT de la tabla `dim_datetime`
--
ALTER TABLE `dim_datetime`
  MODIFY `datetime_id` int(10) UNSIGNED NOT NULL AUTO_INCREMENT, AUTO_INCREMENT=1001;

--
-- AUTO_INCREMENT de la tabla `dim_product`
--
ALTER TABLE `dim_product`
  MODIFY `product_id` int(10) UNSIGNED NOT NULL AUTO_INCREMENT, AUTO_INCREMENT=7;

--
-- AUTO_INCREMENT de la tabla `fact_sale`
--
ALTER TABLE `fact_sale`
  MODIFY `sale_id` int(10) UNSIGNED NOT NULL AUTO_INCREMENT, AUTO_INCREMENT=1500;

--
-- Restricciones para tablas volcadas
--

--
-- Filtros para la tabla `fact_sale`
--
ALTER TABLE `fact_sale`
  ADD CONSTRAINT `fk_sale_branch` FOREIGN KEY (`branch_id`) REFERENCES `dim_branch` (`branch_id`),
  ADD CONSTRAINT `fk_sale_customer` FOREIGN KEY (`customer_id`) REFERENCES `dim_customer` (`customer_id`),
  ADD CONSTRAINT `fk_sale_datetime` FOREIGN KEY (`datetime_id`) REFERENCES `dim_datetime` (`datetime_id`),
  ADD CONSTRAINT `fk_sale_product` FOREIGN KEY (`product_id`) REFERENCES `dim_product` (`product_id`);
COMMIT;

/*!40101 SET CHARACTER_SET_CLIENT=@OLD_CHARACTER_SET_CLIENT */;
/*!40101 SET CHARACTER_SET_RESULTS=@OLD_CHARACTER_SET_RESULTS */;
/*!40101 SET COLLATION_CONNECTION=@OLD_COLLATION_CONNECTION */;
