id_branch;id_costumber;id_product;id_datatime;unit_price;quantity;tax;total;cogs;gross_income;rating
1;2;4;1;74.69;7;26.14;548.97;522.83;26.14;9.10
3;1;2;2;15.28;5;3.82;80.22;76.40;3.82;9.60
1;9;5;3;46.33;7;16.22;340.53;324.31;16.22;7.40
1;12;4;4;58.22;8;23.29;489.05;465.76;23.29;8.40
1;11;2;5;86.31;7;30.21;634.38;604.17;30.21;5.30
3;11;2;2;85.39;7;29.89;627.62;597.73;29.89;4.10
1;2;2;7;68.84;6;20.65;433.69;413.04;20.65;5.80
3;5;5;3;73.56;10;36.78;772.38;735.60;36.78;8.00
1;4;4;9;36.26;2;3.63;76.15;72.52;3.63;7.20
2;4;3;10;54.84;3;8.23;172.75;164.52;8.23;5.90
2;2;1;11;14.48;4;2.90;60.82;57.92;2.90;4.50
2;3;2;12;25.51;4;5.10;107.14;102.04;5.10;6.80
1;5;2;13;46.95;5;11.74;246.49;234.75;11.74;7.10
1;11;3;14;43.19;10;21.60;453.50;431.90;21.60;8.20
1;1;4;15;71.38;10;35.69;749.49;713.80;35.69;5.70
2;2;2;12;93.72;6;28.12;590.44;562.32;28.12;4.50
1;4;4;17;68.93;7;24.13;506.64;482.51;24.13;4.60
1;9;2;13;72.61;6;21.78;457.44;435.66;21.78;6.90
1;9;3;19;54.67;3;8.20;172.21;164.01;8.20;8.60
2;5;5;20;40.30;2;4.03;84.63;80.60;4.03;4.40
3;12;2;21;86.04;5;21.51;451.71;430.20;21.51;4.80
2;11;4;22;87.98;3;13.20;277.14;263.94;13.20;5.10
2;9;5;23;33.20;2;3.32;69.72;66.40;3.32;4.40
1;11;2;24;34.56;5;8.64;181.44;172.80;8.64;9.90
1;12;2;25;88.63;3;13.29;279.18;265.89;13.29;6.00
1;4;5;22;52.59;8;21.04;441.76;420.72;21.04;8.50
2;7;1;27;33.52;1;1.68;35.20;33.52;1.68;6.70
1;3;1;23;87.67;2;8.77;184.11;175.34;8.77;7.70
2;1;3;29;88.36;5;22.09;463.89;441.80;22.09;9.60
1;7;4;30;24.89;9;11.20;235.21;224.01;11.20;7.40
2;9;1;31;94.13;5;23.53;494.18;470.65;23.53;4.80
2;3;2;32;78.07;9;35.13;737.76;702.63;35.13;4.50
2;7;2;33;83.78;8;33.51;703.75;670.24;33.51;5.10
1;9;4;34;96.58;2;9.66;202.82;193.16;9.66;5.10
3;2;3;35;99.42;4;19.88;417.56;397.68;19.88;7.50
3;2;2;32;68.12;1;3.41;71.53;68.12;3.41;6.80
1;12;2;37;62.62;5;15.66;328.76;313.10;15.66;7.00
1;5;2;33;60.88;9;27.40;575.32;547.92;27.40;4.70
3;5;4;39;54.92;8;21.97;461.33;439.36;21.97;7.60
2;3;5;40;30.12;8;12.05;253.01;240.96;12.05;7.70
2;2;5;41;86.72;1;4.34;91.06;86.72;4.34;7.90
3;3;5;42;56.11;2;5.61;117.83;112.22;5.61;6.30
2;2;2;43;69.12;6;20.74;435.46;414.72;20.74;5.60
3;2;3;44;98.70;8;39.48;829.08;789.60;39.48;7.60
3;3;4;45;15.37;2;1.54;32.28;30.74;1.54;7.20
2;2;2;42;93.96;4;18.79;394.63;375.84;18.79;9.50
2;10;4;47;56.69;9;25.51;535.72;510.21;25.51;8.40
2;2;3;43;20.01;9;9.00;189.09;180.09;9.00;4.10
2;10;2;49;18.93;6;5.68;119.26;113.58;5.68;8.10
3;2;1;50;82.63;10;41.32;867.62;826.30;41.32;7.90
3;3;3;51;91.40;7;31.99;671.79;639.80;31.99;9.50
1;2;3;52;44.59;5;11.15;234.10;222.95;11.15;8.50
2;2;1;53;17.87;4;3.57;75.05;71.48;3.57;6.50
3;10;1;54;15.43;1;0.77;16.20;15.43;0.77;6.10
2;11;5;55;16.16;2;1.62;33.94;32.32;1.62;6.50
3;1;2;52;85.98;8;34.39;722.23;687.84;34.39;8.20
1;3;5;57;44.34;2;4.43;93.11;88.68;4.43;5.80
1;11;4;53;89.60;8;35.84;752.64;716.80;35.84;6.60
1;2;5;59;72.35;10;36.18;759.68;723.50;36.18;5.40
3;7;2;20;30.61;6;9.18;192.84;183.66;9.18;9.30
3;4;2;21;24.74;3;3.71;77.93;74.22;3.71;10.00
3;11;5;22;55.73;6;16.72;351.10;334.38;16.72;7.00
2;2;2;23;55.07;9;24.78;520.41;495.63;24.78;10.00
1;10;2;24;15.81;10;7.91;166.01;158.10;7.91;8.60
2;3;4;25;75.74;4;15.15;318.11;302.96;15.15;7.60
1;3;4;22;15.87;10;7.94;166.64;158.70;7.94;5.80
3;5;4;27;33.47;2;3.35;70.29;66.94;3.35;6.70
2;2;1;23;97.61;6;29.28;614.94;585.66;29.28;9.90
1;7;2;29;78.77;10;39.39;827.09;787.70;39.39;6.40
1;2;4;70;18.33;1;0.92;19.25;18.33;0.92;4.30
3;9;3;71;89.48;10;44.74;939.54;894.80;44.74;9.60
3;7;1;72;62.12;10;31.06;652.26;621.20;31.06;5.90
2;2;3;73;48.52;3;7.28;152.84;145.56;7.28;4.00
3;1;2;74;75.91;6;22.77;478.23;455.46;22.77;8.70
1;11;5;75;74.67;9;33.60;705.63;672.03;33.60;9.40
3;3;2;72;41.65;10;20.83;437.33;416.50;20.83;5.40
3;10;1;77;49.04;9;22.07;463.43;441.36;22.07;8.60
1;4;1;73;20.01;9;9.00;189.09;180.09;9.00;5.70
3;2;3;79;78.31;10;39.16;822.26;783.10;39.16;6.60
3;1;4;30;20.38;5;5.10;107.00;101.90;5.10;6.00
3;3;4;31;99.19;6;29.76;624.90;595.14;29.76;5.50
2;5;3;32;96.68;3;14.50;304.54;290.04;14.50;6.40
3;11;3;33;19.25;8;7.70;161.70;154.00;7.70;6.60
3;4;3;34;80.36;4;16.07;337.51;321.44;16.07;8.30
3;3;2;35;48.91;5;12.23;256.78;244.55;12.23;6.60
3;5;2;32;83.06;7;29.07;610.49;581.42;29.07;4.00
3;7;1;37;76.52;5;19.13;401.73;382.60;19.13;9.90
1;10;3;33;49.38;7;17.28;362.94;345.66;17.28;7.30
1;7;2;39;42.47;1;2.12;44.59;42.47;2.12;5.70
2;1;4;90;76.99;6;23.10;485.04;461.94;23.10;6.10
3;2;5;91;47.38;4;9.48;199.00;189.52;9.48;7.10
3;5;2;92;44.86;10;22.43;471.03;448.60;22.43;8.20
1;2;2;93;21.98;7;7.69;161.55;153.86;7.69;5.10
2;10;4;94;64.36;9;28.96;608.20;579.24;28.96;8.60
3;9;4;95;89.75;1;4.49;94.24;89.75;4.49;6.60
1;11;2;92;97.16;1;4.86;102.02;97.16;4.86;7.20
2;11;4;97;87.87;10;43.94;922.64;878.70;43.94;5.10
3;1;2;93;12.45;6;3.74;78.44;74.70;3.74;4.10
1;11;3;99;52.75;3;7.91;166.16;158.25;7.91;9.30
2;7;5;100;82.70;6;24.81;521.01;496.20;24.81;7.40
3;3;1;101;48.71;1;2.44;51.15;48.71;2.44;4.10
3;7;1;102;78.55;9;35.35;742.30;706.95;35.35;7.20
3;1;2;103;23.07;9;10.38;218.01;207.63;10.38;4.90
1;7;3;104;58.26;6;17.48;367.04;349.56;17.48;9.90
2;7;4;105;30.35;7;10.62;223.07;212.45;10.62;8.00
1;12;2;102;88.67;10;44.34;931.04;886.70;44.34;7.30
3;9;1;107;27.38;6;8.21;172.49;164.28;8.21;7.90
1;7;2;103;62.13;6;18.64;391.42;372.78;18.64;7.40
3;1;3;109;33.98;9;15.29;321.11;305.82;15.29;4.20
3;3;2;110;81.97;10;40.99;860.69;819.70;40.99;9.20
2;2;2;111;16.49;2;1.65;34.63;32.98;1.65;4.60
3;4;4;112;98.21;3;14.73;309.36;294.63;14.73;7.80
2;1;1;113;72.84;7;25.49;535.37;509.88;25.49;8.40
1;12;5;114;58.07;9;26.13;548.76;522.63;26.13;4.30
3;4;5;115;80.79;9;36.36;763.47;727.11;36.36;9.50
3;3;1;112;27.02;3;4.05;85.11;81.06;4.05;7.10
2;12;1;117;21.94;5;5.49;115.19;109.70;5.49;5.30
2;12;1;113;51.36;1;2.57;53.93;51.36;2.57;5.20
1;5;3;119;10.96;10;5.48;115.08;109.60;5.48;6.00
2;11;5;120;53.44;2;5.34;112.22;106.88;5.34;4.10
1;3;2;121;99.56;8;39.82;836.30;796.48;39.82;5.20
3;10;2;122;57.12;7;19.99;419.83;399.84;19.99;6.50
2;10;2;123;99.96;9;44.98;944.62;899.64;44.98;4.20
3;10;5;124;63.91;8;25.56;536.84;511.28;25.56;4.60
2;2;1;125;56.47;8;22.59;474.35;451.76;22.59;7.30
1;3;5;122;93.69;7;32.79;688.62;655.83;32.79;4.50
1;1;2;127;32.25;5;8.06;169.31;161.25;8.06;9.00
3;3;1;123;31.73;9;14.28;299.85;285.57;14.28;5.90
3;2;3;129;68.54;8;27.42;575.74;548.32;27.42;8.50
2;5;2;130;90.28;9;40.63;853.15;812.52;40.63;7.20
2;1;1;131;39.62;7;13.87;291.21;277.34;13.87;7.50
1;2;2;132;92.13;6;27.64;580.42;552.78;27.64;8.30
2;1;2;133;34.84;4;6.97;146.33;139.36;6.97;7.40
2;10;2;134;87.45;6;26.24;550.94;524.70;26.24;8.80
3;5;4;135;81.30;6;24.39;512.19;487.80;24.39;5.30
3;7;1;132;90.22;3;13.53;284.19;270.66;13.53;6.20
1;3;2;137;26.31;5;6.58;138.13;131.55;6.58;8.80
1;2;5;133;34.42;6;10.33;216.85;206.52;10.33;9.80
2;7;2;139;51.91;10;25.96;545.06;519.10;25.96;8.20
1;11;2;140;72.50;8;29.00;609.00;580.00;29.00;9.20
3;4;2;141;89.80;10;44.90;942.90;898.00;44.90;5.40
3;3;4;142;90.50;10;45.25;950.25;905.00;45.25;8.10
3;2;4;143;68.60;10;34.30;720.30;686.00;34.30;9.10
3;4;3;144;30.41;1;1.52;31.93;30.41;1.52;8.40
1;5;5;145;77.95;6;23.39;491.09;467.70;23.39;8.00
3;3;4;142;46.26;6;13.88;291.44;277.56;13.88;9.50
1;2;1;147;30.14;10;15.07;316.47;301.40;15.07;9.20
3;9;4;143;66.14;4;13.23;277.79;264.56;13.23;5.60
2;10;5;149;71.86;8;28.74;603.62;574.88;28.74;6.20
1;9;4;150;32.46;8;12.98;272.66;259.68;12.98;4.90
2;4;1;151;91.54;4;18.31;384.47;366.16;18.31;4.80
3;10;2;152;34.56;7;12.10;254.02;241.92;12.10;7.30
1;9;1;153;83.24;9;37.46;786.62;749.16;37.46;7.40
3;5;3;154;16.48;6;4.94;103.82;98.88;4.94;9.90
3;1;2;155;80.97;8;32.39;680.15;647.76;32.39;9.30
1;10;3;152;92.29;5;23.07;484.52;461.45;23.07;9.00
2;3;2;157;72.17;1;3.61;75.78;72.17;3.61;6.10
2;11;5;153;50.28;5;12.57;263.97;251.40;12.57;9.70
2;12;4;159;97.22;9;43.75;918.73;874.98;43.75;6.00
2;11;2;120;93.39;6;28.02;588.36;560.34;28.02;10.00
3;3;3;121;43.18;8;17.27;362.71;345.44;17.27;8.30
1;7;2;122;63.69;1;3.18;66.87;63.69;3.18;6.00
1;9;3;123;45.79;7;16.03;336.56;320.53;16.03;7.00
3;11;2;124;76.40;2;7.64;160.44;152.80;7.64;6.50
2;9;3;125;39.90;10;19.95;418.95;399.00;19.95;5.90
2;12;4;122;42.57;8;17.03;357.59;340.56;17.03;5.60
3;7;5;127;95.58;10;47.79;1003.59;955.80;47.79;4.80
1;9;1;123;98.98;10;49.49;1039.29;989.80;49.49;8.70
1;7;3;129;51.28;6;15.38;323.06;307.68;15.38;6.50
1;10;2;170;69.52;7;24.33;510.97;486.64;24.33;8.50
1;11;4;171;70.01;5;17.50;367.55;350.05;17.50;5.50
2;10;3;172;80.05;5;20.01;420.26;400.25;20.01;9.40
3;7;2;173;20.85;8;8.34;175.14;166.80;8.34;6.30
2;10;2;174;52.89;6;15.87;333.21;317.34;15.87;9.80
2;11;3;175;19.79;8;7.92;166.24;158.32;7.92;8.70
1;12;5;172;33.84;9;15.23;319.79;304.56;15.23;8.80
1;10;3;177;22.17;8;8.87;186.23;177.36;8.87;9.60
3;3;1;173;22.51;7;7.88;165.45;157.57;7.88;4.80
1;11;3;179;73.88;6;22.16;465.44;443.28;22.16;4.40
3;12;4;130;86.80;3;13.02;273.42;260.40;13.02;9.90
3;7;1;131;64.26;7;22.49;472.31;449.82;22.49;5.70
3;3;3;132;38.47;8;15.39;323.15;307.76;15.39;7.70
1;12;2;133;15.50;10;7.75;162.75;155.00;7.75;8.00
3;11;4;134;34.31;8;13.72;288.20;274.48;13.72;5.70
1;3;2;135;12.34;7;4.32;90.70;86.38;4.32;6.70
2;12;3;132;18.08;3;2.71;56.95;54.24;2.71;8.00
2;2;5;137;94.49;8;37.80;793.72;755.92;37.80;7.50
2;3;5;133;46.47;4;9.29;195.17;185.88;9.29;7.00
1;11;5;139;74.07;1;3.70;77.77;74.07;3.70;9.90
3;3;5;190;69.81;4;13.96;293.20;279.24;13.96;5.90
2;3;5;191;77.04;3;11.56;242.68;231.12;11.56;7.20
2;5;1;192;73.52;2;7.35;154.39;147.04;7.35;4.60
3;1;3;193;87.80;9;39.51;829.71;790.20;39.51;9.20
2;11;5;194;25.55;4;5.11;107.31;102.20;5.11;5.70
1;9;2;195;32.71;5;8.18;171.73;163.55;8.18;9.90
3;2;1;192;74.29;1;3.71;78.00;74.29;3.71;5.00
3;3;4;197;43.70;2;4.37;91.77;87.40;4.37;4.90
1;5;5;193;25.29;1;1.26;26.55;25.29;1.26;6.10
3;9;4;199;41.50;4;8.30;174.30;166.00;8.30;8.20
3;4;3;200;71.39;5;17.85;374.80;356.95;17.85;5.50
3;4;2;201;19.15;6;5.75;120.65;114.90;5.75;6.80
2;2;2;202;57.49;4;11.50;241.46;229.96;11.50;6.60
3;7;2;203;61.41;7;21.49;451.36;429.87;21.49;9.80
2;12;4;204;25.90;10;12.95;271.95;259.00;12.95;8.70
2;10;5;205;17.77;5;4.44;93.29;88.85;4.44;5.40
1;5;4;202;23.03;9;10.36;217.63;207.27;10.36;7.90
3;4;2;207;66.65;9;29.99;629.84;599.85;29.99;9.70
3;2;5;203;28.53;10;14.27;299.57;285.30;14.27;7.80
2;5;1;209;30.37;3;4.56;95.67;91.11;4.56;5.10
2;3;2;210;99.73;9;44.88;942.45;897.57;44.88;6.50
1;11;2;211;26.23;9;11.80;247.87;236.07;11.80;5.90
3;1;3;212;93.26;9;41.97;881.31;839.34;41.97;8.80
2;11;5;213;92.36;5;23.09;484.89;461.80;23.09;4.90
2;9;2;214;46.42;3;6.96;146.22;139.26;6.96;4.40
2;2;2;215;29.61;7;10.36;217.63;207.27;10.36;6.50
1;9;5;212;18.28;1;0.91;19.19;18.28;0.91;8.30
2;1;2;217;24.77;5;6.19;130.04;123.85;6.19;8.50
1;2;2;213;94.64;3;14.20;298.12;283.92;14.20;5.50
2;11;1;219;94.87;8;37.95;796.91;758.96;37.95;8.70
2;3;3;220;57.34;3;8.60;180.62;172.02;8.60;7.90
2;11;2;221;45.35;6;13.61;285.71;272.10;13.61;6.10
2;11;3;222;62.08;7;21.73;456.29;434.56;21.73;5.40
3;7;2;223;11.81;5;2.95;62.00;59.05;2.95;9.40
3;2;1;224;12.54;1;0.63;13.17;12.54;0.63;8.20
1;7;3;225;43.25;2;4.33;90.83;86.50;4.33;6.20
3;4;2;222;87.16;2;8.72;183.04;174.32;8.72;9.70
2;12;4;227;69.37;9;31.22;655.55;624.33;31.22;4.00
3;12;2;223;37.06;4;7.41;155.65;148.24;7.41;9.70
2;2;2;229;90.70;6;27.21;571.41;544.20;27.21;5.30
1;5;5;230;63.42;8;25.37;532.73;507.36;25.37;7.40
2;1;1;231;81.37;2;8.14;170.88;162.74;8.14;6.50
2;4;2;232;10.59;3;1.59;33.36;31.77;1.59;8.70
2;1;4;233;84.09;9;37.84;794.65;756.81;37.84;8.00
2;3;1;234;73.82;4;14.76;310.04;295.28;14.76;6.70
1;12;4;235;51.94;10;25.97;545.37;519.40;25.97;6.50
1;5;2;232;93.14;2;9.31;195.59;186.28;9.31;4.10
3;9;4;237;17.41;5;4.35;91.40;87.05;4.35;4.90
3;4;1;233;44.22;5;11.06;232.16;221.10;11.06;8.60
2;2;2;239;13.22;5;3.31;69.41;66.10;3.31;4.30
1;11;1;240;89.69;1;4.48;94.17;89.69;4.48;4.90
1;9;3;241;24.94;9;11.22;235.68;224.46;11.22;5.60
1;9;4;242;59.77;2;5.98;125.52;119.54;5.98;5.80
3;10;1;243;93.20;2;9.32;195.72;186.40;9.32;6.00
1;3;5;244;62.65;4;12.53;263.13;250.60;12.53;4.20
2;9;5;245;93.87;8;37.55;788.51;750.96;37.55;8.30
1;3;5;242;47.59;8;19.04;399.76;380.72;19.04;5.70
2;2;2;247;81.40;3;12.21;256.41;244.20;12.21;4.80
1;12;1;243;17.94;5;4.49;94.19;89.70;4.49;6.80
1;10;2;249;77.72;4;15.54;326.42;310.88;15.54;8.80
2;9;3;250;73.06;7;25.57;536.99;511.42;25.57;4.20
2;12;3;251;46.55;9;20.95;439.90;418.95;20.95;6.40
3;10;1;252;35.19;10;17.60;369.50;351.90;17.60;8.40
3;3;2;253;14.39;2;1.44;30.22;28.78;1.44;7.20
1;7;5;254;23.75;4;4.75;99.75;95.00;4.75;5.20
1;3;5;255;58.90;8;23.56;494.76;471.20;23.56;8.90
2;3;1;252;32.62;4;6.52;137.00;130.48;6.52;9.00
1;10;2;257;66.35;1;3.32;69.67;66.35;3.32;9.70
1;12;5;253;25.91;6;7.77;163.23;155.46;7.77;8.70
1;12;2;259;32.25;4;6.45;135.45;129.00;6.45;6.50
3;10;2;220;65.94;4;13.19;276.95;263.76;13.19;6.90
1;5;2;221;75.06;9;33.78;709.32;675.54;33.78;6.20
3;5;1;222;16.45;4;3.29;69.09;65.80;3.29;5.60
2;2;1;223;38.30;4;7.66;160.86;153.20;7.66;5.70
1;2;2;224;22.24;10;11.12;233.52;222.40;11.12;4.20
2;11;2;225;54.45;1;2.72;57.17;54.45;2.72;7.90
1;4;2;222;98.40;7;34.44;723.24;688.80;34.44;8.70
3;9;5;227;35.47;4;7.09;148.97;141.88;7.09;6.90
2;2;3;223;74.60;10;37.30;783.30;746.00;37.30;9.50
1;10;5;229;70.74;4;14.15;297.11;282.96;14.15;4.40
1;2;5;270;35.54;10;17.77;373.17;355.40;17.77;7.00
2;5;2;271;67.43;5;16.86;354.01;337.15;16.86;6.30
3;2;4;272;21.12;2;2.11;44.35;42.24;2.11;9.70
1;4;5;273;21.54;9;9.69;203.55;193.86;9.69;8.80
1;1;5;274;12.03;2;1.20;25.26;24.06;1.20;5.10
2;5;4;275;99.71;6;29.91;628.17;598.26;29.91;7.90
2;7;1;272;47.97;7;16.79;352.58;335.79;16.79;6.20
3;2;5;277;21.82;10;10.91;229.11;218.20;10.91;7.10
3;5;1;273;95.42;4;19.08;400.76;381.68;19.08;6.40
3;3;1;279;70.99;10;35.50;745.40;709.90;35.50;5.70
1;10;2;230;44.02;10;22.01;462.21;440.20;22.01;9.60
1;3;5;231;69.96;8;27.98;587.66;559.68;27.98;6.40
3;9;5;232;37.00;1;1.85;38.85;37.00;1.85;7.90
1;1;2;233;15.34;1;0.77;16.11;15.34;0.77;6.50
1;12;4;234;99.83;6;29.95;628.93;598.98;29.95;8.50
1;2;4;235;47.67;4;9.53;200.21;190.68;9.53;9.10
2;7;4;232;66.68;5;16.67;350.07;333.40;16.67;7.60
3;3;5;237;74.86;1;3.74;78.60;74.86;3.74;6.90
3;1;2;233;23.75;9;10.69;224.44;213.75;10.69;9.50
2;3;3;239;48.51;7;16.98;356.55;339.57;16.98;5.20
1;2;5;290;94.88;7;33.21;697.37;664.16;33.21;4.20
2;10;2;291;40.30;10;20.15;423.15;403.00;20.15;7.00
3;11;2;292;27.85;7;9.75;204.70;194.95;9.75;6.00
1;2;2;293;62.48;1;3.12;65.60;62.48;3.12;4.70
1;2;3;294;36.36;2;3.64;76.36;72.72;3.64;7.10
2;11;4;295;18.11;10;9.06;190.16;181.10;9.06;5.90
3;2;2;292;51.92;5;12.98;272.58;259.60;12.98;7.50
3;7;2;297;28.84;4;5.77;121.13;115.36;5.77;6.40
1;12;5;293;78.38;6;23.51;493.79;470.28;23.51;5.80
1;3;5;299;60.01;4;12.00;252.04;240.04;12.00;4.50
3;2;5;300;88.61;1;4.43;93.04;88.61;4.43;7.70
3;9;1;301;99.82;2;9.98;209.62;199.64;9.98;6.70
2;10;4;302;39.01;1;1.95;40.96;39.01;1.95;4.70
3;7;3;303;48.61;1;2.43;51.04;48.61;2.43;4.40
1;3;2;304;51.19;4;10.24;215.00;204.76;10.24;4.70
2;1;2;305;14.96;8;5.98;125.66;119.68;5.98;8.60
1;12;2;302;72.20;7;25.27;530.67;505.40;25.27;4.30
1;1;2;307;40.23;7;14.08;295.69;281.61;14.08;9.60
1;2;5;303;88.79;8;35.52;745.84;710.32;35.52;4.10
1;2;2;309;26.48;3;3.97;83.41;79.44;3.97;4.70
1;1;1;310;81.91;2;8.19;172.01;163.82;8.19;7.80
2;3;2;311;79.93;6;23.98;503.56;479.58;23.98;5.50
3;12;1;312;69.33;2;6.93;145.59;138.66;6.93;9.70
1;4;3;313;14.23;5;3.56;74.71;71.15;3.56;4.40
1;2;4;314;15.55;9;7.00;146.95;139.95;7.00;5.00
3;2;2;315;78.13;10;39.07;820.37;781.30;39.07;4.40
3;3;3;312;99.37;2;9.94;208.68;198.74;9.94;5.20
3;2;3;317;21.08;3;3.16;66.40;63.24;3.16;7.30
3;3;2;313;74.79;5;18.70;392.65;373.95;18.70;4.90
3;4;4;319;29.67;7;10.38;218.07;207.69;10.38;8.10
3;12;4;320;44.07;4;8.81;185.09;176.28;8.81;8.40
3;1;3;321;22.93;9;10.32;216.69;206.37;10.32;5.50
3;1;4;322;39.42;1;1.97;41.39;39.42;1.97;8.40
1;11;4;323;15.26;6;4.58;96.14;91.56;4.58;9.80
1;1;1;324;61.77;5;15.44;324.29;308.85;15.44;6.70
1;9;5;325;21.52;6;6.46;135.58;129.12;6.46;9.40
2;11;2;322;97.74;4;19.55;410.51;390.96;19.55;6.40
1;3;3;327;99.78;5;24.95;523.85;498.90;24.95;5.40
3;3;3;323;94.26;4;18.85;395.89;377.04;18.85;8.60
2;10;4;329;51.13;4;10.23;214.75;204.52;10.23;4.00
1;3;2;330;36.36;4;7.27;152.71;145.44;7.27;7.60
2;7;5;331;22.02;9;9.91;208.09;198.18;9.91;6.80
1;9;3;332;32.90;3;4.94;103.64;98.70;4.94;9.10
1;7;1;333;77.02;5;19.26;404.36;385.10;19.26;5.50
1;10;3;334;23.48;2;2.35;49.31;46.96;2.35;7.90
3;12;2;335;14.70;5;3.68;77.18;73.50;3.68;8.50
1;4;2;332;28.45;5;7.11;149.36;142.25;7.11;9.10
1;11;1;337;76.40;9;34.38;721.98;687.60;34.38;7.50
2;1;2;333;57.95;6;17.39;365.09;347.70;17.39;5.20
3;3;2;339;47.65;3;7.15;150.10;142.95;7.15;9.50
2;4;3;340;42.82;9;19.27;404.65;385.38;19.27;8.90
2;10;2;341;48.09;3;7.21;151.48;144.27;7.21;7.80
2;2;4;342;55.97;7;19.59;411.38;391.79;19.59;8.90
2;2;4;343;76.90;7;26.92;565.22;538.30;26.92;7.70
3;5;3;344;97.03;5;24.26;509.41;485.15;24.26;9.30
1;7;2;345;44.65;3;6.70;140.65;133.95;6.70;6.20
1;5;1;342;77.93;9;35.07;736.44;701.37;35.07;7.60
1;3;2;347;71.95;1;3.60;75.55;71.95;3.60;7.30
3;2;5;343;89.25;8;35.70;749.70;714.00;35.70;4.70
1;7;2;349;26.02;7;9.11;191.25;182.14;9.11;5.10
2;3;4;350;13.50;10;6.75;141.75;135.00;6.75;4.80
3;4;1;351;99.30;10;49.65;1042.65;993.00;49.65;6.60
1;7;2;352;51.69;7;18.09;379.92;361.83;18.09;5.50
2;4;1;353;54.73;7;19.16;402.27;383.11;19.16;8.50
2;3;5;354;27.00;9;12.15;255.15;243.00;12.15;4.80
3;1;2;355;30.24;1;1.51;31.75;30.24;1.51;8.40
2;4;3;352;89.14;4;17.83;374.39;356.56;17.83;7.80
3;3;1;357;37.55;10;18.78;394.28;375.50;18.78;9.30
3;1;2;353;95.44;10;47.72;1002.12;954.40;47.72;5.20
2;11;2;359;27.50;3;4.13;86.63;82.50;4.13;6.50
2;7;2;320;74.97;1;3.75;78.72;74.97;3.75;5.60
1;10;3;321;80.96;8;32.38;680.06;647.68;32.38;7.40
3;1;3;322;94.47;8;37.79;793.55;755.76;37.79;9.10
3;11;3;323;99.79;2;9.98;209.56;199.58;9.98;8.00
1;7;5;324;73.22;6;21.97;461.29;439.32;21.97;7.20
3;1;3;325;41.24;4;8.25;173.21;164.96;8.25;7.10
3;1;1;322;81.68;4;16.34;343.06;326.72;16.34;9.10
3;1;2;327;51.32;9;23.09;484.97;461.88;23.09;5.60
1;3;5;323;65.94;4;13.19;276.95;263.76;13.19;6.00
3;1;2;329;14.36;10;7.18;150.78;143.60;7.18;5.40
1;10;2;370;21.50;9;9.68;203.18;193.50;9.68;7.80
2;2;2;371;26.26;7;9.19;193.01;183.82;9.19;9.90
2;3;1;372;60.96;2;6.10;128.02;121.92;6.10;4.90
3;5;5;373;70.11;6;21.03;441.69;420.66;21.03;5.20
3;7;1;374;42.08;6;12.62;265.10;252.48;12.62;8.90
1;3;5;375;67.09;5;16.77;352.22;335.45;16.77;9.10
1;2;1;372;96.70;5;24.18;507.68;483.50;24.18;7.00
2;4;5;377;35.38;9;15.92;334.34;318.42;15.92;9.60
3;11;2;373;95.49;7;33.42;701.85;668.43;33.42;8.70
3;12;1;379;96.98;4;19.40;407.32;387.92;19.40;9.40
2;3;2;330;23.65;4;4.73;99.33;94.60;4.73;4.00
1;10;2;331;82.33;4;16.47;345.79;329.32;16.47;7.50
3;1;2;332;26.61;2;2.66;55.88;53.22;2.66;4.20
2;1;3;333;99.69;5;24.92;523.37;498.45;24.92;9.90
3;2;3;334;74.89;4;14.98;314.54;299.56;14.98;4.20
1;5;3;335;40.94;5;10.24;214.94;204.70;10.24;9.90
2;3;2;332;75.82;1;3.79;79.61;75.82;3.79;5.80
3;7;3;337;46.77;6;14.03;294.65;280.62;14.03;6.00
1;3;4;333;32.32;10;16.16;339.36;323.20;16.16;10.00
3;2;1;339;54.07;9;24.33;510.96;486.63;24.33;9.50
2;9;3;390;18.22;7;6.38;133.92;127.54;6.38;6.60
3;2;1;391;80.48;3;12.07;253.51;241.44;12.07;8.10
2;1;1;392;37.95;10;18.98;398.48;379.50;18.98;9.70
1;12;2;393;76.82;1;3.84;80.66;76.82;3.84;7.20
1;4;2;394;52.26;10;26.13;548.73;522.60;26.13;6.20
1;5;4;395;79.74;1;3.99;83.73;79.74;3.99;7.30
1;5;4;392;77.50;5;19.38;406.88;387.50;19.38;4.30
1;5;3;397;54.27;5;13.57;284.92;271.35;13.57;4.60
2;7;5;393;13.59;9;6.12;128.43;122.31;6.12;5.80
2;4;4;399;41.06;6;12.32;258.68;246.36;12.32;8.30
2;3;2;400;19.24;9;8.66;181.82;173.16;8.66;8.00
3;3;3;401;39.43;6;11.83;248.41;236.58;11.83;9.40
3;9;5;402;46.22;4;9.24;194.12;184.88;9.24;6.20
3;12;5;403;13.98;1;0.70;14.68;13.98;0.70;9.80
2;5;1;404;39.75;5;9.94;208.69;198.75;9.94;9.60
3;2;1;405;97.79;7;34.23;718.76;684.53;34.23;4.90
1;10;2;402;67.26;4;13.45;282.49;269.04;13.45;8.00
1;9;3;407;13.79;5;3.45;72.40;68.95;3.45;7.80
2;2;1;403;68.71;4;13.74;288.58;274.84;13.74;4.10
1;5;5;409;56.53;4;11.31;237.43;226.12;11.31;5.50
3;5;1;410;23.82;5;5.96;125.06;119.10;5.96;5.40
2;1;4;411;34.21;10;17.11;359.21;342.10;17.11;5.10
2;11;2;412;21.87;2;2.19;45.93;43.74;2.19;6.90
1;3;4;413;20.97;5;5.24;110.09;104.85;5.24;7.80
1;11;2;414;25.84;3;3.88;81.40;77.52;3.88;6.60
1;11;5;415;50.93;8;20.37;427.81;407.44;20.37;9.20
2;11;4;412;96.11;1;4.81;100.92;96.11;4.81;7.80
3;3;5;417;45.38;4;9.08;190.60;181.52;9.08;8.70
3;2;4;413;81.51;1;4.08;85.59;81.51;4.08;9.20
2;5;4;419;57.22;2;5.72;120.16;114.44;5.72;8.30
1;2;2;420;25.22;7;8.83;185.37;176.54;8.83;8.20
3;2;3;421;38.60;3;5.79;121.59;115.80;5.79;7.50
3;1;2;422;84.05;3;12.61;264.76;252.15;12.61;9.80
3;4;1;423;97.21;10;48.61;1020.71;972.10;48.61;8.70
2;10;1;424;25.42;8;10.17;213.53;203.36;10.17;6.70
3;7;1;425;16.28;1;0.81;17.09;16.28;0.81;5.00
2;3;1;422;40.61;9;18.27;383.76;365.49;18.27;7.00
1;3;4;427;53.17;7;18.61;390.80;372.19;18.61;8.90
2;4;3;423;20.87;3;3.13;65.74;62.61;3.13;8.00
2;7;2;429;67.27;5;16.82;353.17;336.35;16.82;6.90
1;2;5;430;90.65;10;45.33;951.83;906.50;45.33;7.30
2;9;1;431;69.08;2;6.91;145.07;138.16;6.91;6.90
3;11;3;432;43.27;2;4.33;90.87;86.54;4.33;5.70
1;5;2;433;23.46;6;7.04;147.80;140.76;7.04;6.40
2;9;1;434;95.54;7;33.44;702.22;668.78;33.44;9.60
2;3;1;435;47.44;1;2.37;49.81;47.44;2.37;6.80
3;11;2;432;99.24;9;44.66;937.82;893.16;44.66;9.00
3;12;2;437;82.93;4;16.59;348.31;331.72;16.59;9.60
1;9;5;433;33.99;6;10.20;214.14;203.94;10.20;7.70
3;12;3;439;17.04;4;3.41;71.57;68.16;3.41;7.00
3;3;2;440;40.86;8;16.34;343.22;326.88;16.34;6.50
3;3;3;441;17.44;5;4.36;91.56;87.20;4.36;8.10
2;4;2;442;88.43;8;35.37;742.81;707.44;35.37;4.30
1;4;5;443;89.21;9;40.14;843.03;802.89;40.14;6.50
3;11;1;444;12.78;1;0.64;13.42;12.78;0.64;9.50
1;1;2;445;19.10;7;6.69;140.39;133.70;6.69;9.70
2;4;4;442;19.15;1;0.96;20.11;19.15;0.96;9.50
3;10;3;447;27.66;10;13.83;290.43;276.60;13.83;8.90
3;9;1;443;45.74;3;6.86;144.08;137.22;6.86;6.50
2;4;4;449;27.07;1;1.35;28.42;27.07;1.35;5.30
2;4;2;450;39.12;1;1.96;41.08;39.12;1.96;9.60
2;1;2;451;74.71;6;22.41;470.67;448.26;22.41;6.70
2;7;2;452;22.01;6;6.60;138.66;132.06;6.60;7.60
1;5;3;453;63.61;5;15.90;333.95;318.05;15.90;4.80
1;11;4;454;25.00;1;1.25;26.25;25.00;1.25;5.50
1;3;2;455;20.77;4;4.15;87.23;83.08;4.15;4.70
2;2;1;452;29.56;5;7.39;155.19;147.80;7.39;6.90
2;4;3;457;77.40;9;34.83;731.43;696.60;34.83;4.50
2;7;2;453;79.39;10;39.70;833.60;793.90;39.70;6.20
3;2;2;459;46.57;10;23.29;488.99;465.70;23.29;7.60
3;9;3;420;35.89;1;1.79;37.68;35.89;1.79;7.90
3;7;3;421;40.52;5;10.13;212.73;202.60;10.13;4.50
2;4;3;422;73.05;10;36.53;767.03;730.50;36.53;8.70
3;1;2;423;73.95;4;14.79;310.59;295.80;14.79;6.10
3;2;3;424;22.62;1;1.13;23.75;22.62;1.13;6.40
1;10;3;425;51.34;5;12.84;269.54;256.70;12.84;9.10
3;4;2;422;54.55;10;27.28;572.78;545.50;27.28;7.10
3;4;4;427;37.15;7;13.00;273.05;260.05;13.00;7.70
2;7;2;423;37.02;6;11.11;233.23;222.12;11.11;4.50
3;11;3;429;21.58;1;1.08;22.66;21.58;1.08;7.20
3;2;2;470;98.84;1;4.94;103.78;98.84;4.94;8.40
3;2;5;471;83.77;6;25.13;527.75;502.62;25.13;5.40
1;2;2;472;40.05;4;8.01;168.21;160.20;8.01;9.70
1;10;1;473;43.13;10;21.57;452.87;431.30;21.57;5.50
2;3;4;474;72.57;8;29.03;609.59;580.56;29.03;4.60
1;2;2;475;64.44;5;16.11;338.31;322.20;16.11;6.60
1;9;4;472;65.18;3;9.78;205.32;195.54;9.78;6.30
1;3;2;477;33.26;5;8.32;174.62;166.30;8.32;4.20
3;11;2;473;84.07;4;16.81;353.09;336.28;16.81;4.40
2;11;2;479;34.37;10;17.19;360.89;343.70;17.19;6.70
1;11;2;430;38.60;1;1.93;40.53;38.60;1.93;6.70
3;7;3;431;65.97;8;26.39;554.15;527.76;26.39;8.40
3;1;2;432;32.80;10;16.40;344.40;328.00;16.40;6.20
1;11;2;433;37.14;5;9.29;194.99;185.70;9.29;5.00
2;3;5;434;60.38;10;30.19;633.99;603.80;30.19;6.00
3;4;2;435;36.98;10;18.49;388.29;369.80;18.49;7.00
2;2;2;432;49.49;4;9.90;207.86;197.96;9.90;6.60
2;1;1;437;41.09;10;20.55;431.45;410.90;20.55;7.30
1;11;1;433;37.15;4;7.43;156.03;148.60;7.43;8.30
3;7;5;439;22.96;1;1.15;24.11;22.96;1.15;4.30
2;2;5;490;77.68;9;34.96;734.08;699.12;34.96;9.80
2;5;1;491;34.70;2;3.47;72.87;69.40;3.47;8.20
1;4;1;492;19.66;10;9.83;206.43;196.60;9.83;7.20
2;2;4;493;25.32;8;10.13;212.69;202.56;10.13;8.70
3;4;5;494;12.12;10;6.06;127.26;121.20;6.06;8.40
2;11;1;495;99.89;2;9.99;209.77;199.78;9.99;7.10
2;7;2;492;75.92;8;30.37;637.73;607.36;30.37;5.50
3;1;2;497;63.22;2;6.32;132.76;126.44;6.32;8.50
3;1;3;493;90.24;6;27.07;568.51;541.44;27.07;6.20
2;2;2;499;98.13;1;4.91;103.04;98.13;4.91;8.90
1;2;2;500;51.52;8;20.61;432.77;412.16;20.61;9.60
2;10;2;501;73.97;1;3.70;77.67;73.97;3.70;5.40
3;2;1;502;31.90;1;1.60;33.50;31.90;1.60;9.10
3;11;5;503;69.40;2;6.94;145.74;138.80;6.94;9.00
2;1;2;504;93.31;2;9.33;195.95;186.62;9.33;6.30
2;9;2;505;88.45;1;4.42;92.87;88.45;4.42;9.50
1;12;2;502;24.18;8;9.67;203.11;193.44;9.67;9.80
2;2;2;507;48.50;3;7.28;152.78;145.50;7.28;6.70
2;3;3;503;84.05;6;25.22;529.52;504.30;25.22;7.70
2;3;4;509;61.29;5;15.32;321.77;306.45;15.32;7.00
3;4;5;510;15.95;6;4.79;100.49;95.70;4.79;5.10
2;4;2;511;90.74;7;31.76;666.94;635.18;31.76;6.20
1;5;5;512;42.91;5;10.73;225.28;214.55;10.73;6.10
1;5;1;513;54.28;7;19.00;398.96;379.96;19.00;9.30
1;7;2;514;99.55;7;34.84;731.69;696.85;34.84;7.60
3;10;2;515;58.39;7;20.44;429.17;408.73;20.44;8.20
3;2;1;512;51.47;1;2.57;54.04;51.47;2.57;8.50
2;12;4;517;54.86;5;13.72;288.02;274.30;13.72;9.80
3;10;5;513;39.39;5;9.85;206.80;196.95;9.85;8.70
1;11;5;519;34.73;2;3.47;72.93;69.46;3.47;9.70
3;10;2;520;71.92;5;17.98;377.58;359.60;17.98;4.30
2;3;2;521;45.71;3;6.86;143.99;137.13;6.86;7.70
3;2;5;522;83.17;6;24.95;523.97;499.02;24.95;7.30
1;4;5;523;37.44;6;11.23;235.87;224.64;11.23;5.90
3;7;4;524;62.87;2;6.29;132.03;125.74;6.29;5.00
1;9;3;525;81.71;6;24.51;514.77;490.26;24.51;8.00
1;2;2;522;91.41;5;22.85;479.90;457.05;22.85;7.10
2;9;1;527;39.21;4;7.84;164.68;156.84;7.84;9.00
2;12;1;523;59.86;2;5.99;125.71;119.72;5.99;6.70
2;4;3;529;54.36;10;27.18;570.78;543.60;27.18;6.10
1;7;2;530;98.09;9;44.14;926.95;882.81;44.14;9.30
1;11;4;531;25.43;6;7.63;160.21;152.58;7.63;7.00
1;10;1;532;86.68;8;34.67;728.11;693.44;34.67;7.20
2;11;2;533;22.95;10;11.48;240.98;229.50;11.48;8.20
3;5;3;534;16.31;9;7.34;154.13;146.79;7.34;8.40
1;5;5;535;28.32;5;7.08;148.68;141.60;7.08;6.20
3;11;5;532;16.67;7;5.83;122.52;116.69;5.83;7.40
2;4;1;537;73.96;1;3.70;77.66;73.96;3.70;5.00
1;11;5;533;97.94;1;4.90;102.84;97.94;4.90;6.90
1;3;1;539;73.05;4;14.61;306.81;292.20;14.61;4.90
3;2;3;540;87.48;6;26.24;551.12;524.88;26.24;5.10
1;11;5;541;30.68;3;4.60;96.64;92.04;4.60;9.10
3;10;4;542;75.88;1;3.79;79.67;75.88;3.79;7.10
2;4;2;543;20.18;4;4.04;84.76;80.72;4.04;5.00
3;10;2;544;18.77;6;5.63;118.25;112.62;5.63;5.50
2;3;3;545;71.20;1;3.56;74.76;71.20;3.56;9.20
2;12;5;542;38.81;4;7.76;163.00;155.24;7.76;4.90
1;5;1;547;29.42;10;14.71;308.91;294.20;14.71;8.90
1;9;2;543;60.95;9;27.43;575.98;548.55;27.43;6.00
2;1;2;549;51.54;5;12.89;270.59;257.70;12.89;4.20
1;1;2;550;66.06;6;19.82;416.18;396.36;19.82;7.30
2;11;1;551;57.27;3;8.59;180.40;171.81;8.59;6.50
2;1;1;552;54.31;9;24.44;513.23;488.79;24.44;8.90
2;1;4;553;58.24;9;26.21;550.37;524.16;26.21;9.70
3;9;2;554;22.21;6;6.66;139.92;133.26;6.66;8.60
1;3;2;555;19.32;7;6.76;142.00;135.24;6.76;6.90
2;9;5;552;37.48;3;5.62;118.06;112.44;5.62;7.70
2;2;1;557;72.04;2;7.20;151.28;144.08;7.20;9.50
3;2;3;553;98.52;10;49.26;1034.46;985.20;49.26;4.50
1;12;3;559;41.66;6;12.50;262.46;249.96;12.50;5.60
1;2;5;520;72.42;3;10.86;228.12;217.26;10.86;8.20
2;7;2;521;21.58;9;9.71;203.93;194.22;9.71;7.30
3;9;3;522;89.20;10;44.60;936.60;892.00;44.60;4.40
2;5;2;523;42.42;8;16.97;356.33;339.36;16.97;5.70
1;12;2;524;74.51;6;22.35;469.41;447.06;22.35;5.00
2;7;1;525;99.25;2;9.93;208.43;198.50;9.93;9.00
1;3;3;522;81.21;10;40.61;852.71;812.10;40.61;6.30
3;3;2;527;49.33;10;24.67;517.97;493.30;24.67;9.40
1;1;1;523;65.74;9;29.58;621.24;591.66;29.58;7.70
2;3;1;529;79.86;7;27.95;586.97;559.02;27.95;5.50
3;5;2;570;73.98;7;25.89;543.75;517.86;25.89;4.10
2;4;5;571;82.04;5;20.51;430.71;410.20;20.51;7.60
2;3;2;572;26.67;10;13.34;280.04;266.70;13.34;8.60
1;12;3;573;10.13;7;3.55;74.46;70.91;3.55;8.30
2;9;3;574;72.39;2;7.24;152.02;144.78;7.24;8.10
1;9;2;575;85.91;5;21.48;451.03;429.55;21.48;8.60
2;12;1;572;81.31;7;28.46;597.63;569.17;28.46;6.30
2;7;3;577;60.30;4;12.06;253.26;241.20;12.06;5.80
3;11;3;573;31.77;4;6.35;133.43;127.08;6.35;6.20
1;1;4;579;64.27;4;12.85;269.93;257.08;12.85;7.70
2;11;4;530;69.51;2;6.95;145.97;139.02;6.95;8.10
3;7;3;531;27.22;3;4.08;85.74;81.66;4.08;7.30
1;2;4;532;77.68;4;15.54;326.26;310.72;15.54;8.40
3;4;1;533;92.98;2;9.30;195.26;185.96;9.30;8.00
2;4;1;534;18.08;4;3.62;75.94;72.32;3.62;9.50
2;11;2;535;63.06;3;9.46;198.64;189.18;9.46;7.00
1;9;4;532;51.71;4;10.34;217.18;206.84;10.34;9.80
1;1;3;537;52.34;3;7.85;164.87;157.02;7.85;9.20
1;5;2;533;43.06;5;10.77;226.07;215.30;10.77;7.70
3;7;1;539;59.61;10;29.81;625.91;596.10;29.81;5.30
1;7;4;590;14.62;5;3.66;76.76;73.10;3.66;4.40
3;10;4;591;46.53;6;13.96;293.14;279.18;13.96;4.30
3;2;5;592;24.24;7;8.48;178.16;169.68;8.48;9.40
1;2;2;593;45.58;1;2.28;47.86;45.58;2.28;9.80
1;2;2;594;75.20;3;11.28;236.88;225.60;11.28;4.80
2;3;2;595;96.80;3;14.52;304.92;290.40;14.52;5.30
2;9;4;592;14.82;3;2.22;46.68;44.46;2.22;8.70
1;9;3;597;52.20;3;7.83;164.43;156.60;7.83;9.50
3;5;2;593;46.66;9;21.00;440.94;419.94;21.00;5.30
3;1;1;599;36.85;5;9.21;193.46;184.25;9.21;9.20
1;2;5;200;70.32;2;7.03;147.67;140.64;7.03;9.60
3;11;2;201;83.08;1;4.15;87.23;83.08;4.15;6.40
3;3;1;202;64.99;1;3.25;68.24;64.99;3.25;4.50
3;11;3;203;77.56;10;38.78;814.38;775.60;38.78;6.90
2;5;2;204;54.51;6;16.35;343.41;327.06;16.35;7.80
3;2;1;205;51.89;7;18.16;381.39;363.23;18.16;4.50
2;7;5;202;31.75;4;6.35;133.35;127.00;6.35;8.60
1;2;1;207;53.65;7;18.78;394.33;375.55;18.78;5.20
3;4;3;203;49.79;4;9.96;209.12;199.16;9.96;6.40
1;11;1;209;30.61;1;1.53;32.14;30.61;1.53;5.20
2;12;3;210;57.89;2;5.79;121.57;115.78;5.79;8.90
1;3;2;211;28.96;1;1.45;30.41;28.96;1.45;6.20
3;2;3;212;98.97;9;44.54;935.27;890.73;44.54;6.70
2;3;1;213;93.22;3;13.98;293.64;279.66;13.98;7.20
3;10;2;214;80.93;1;4.05;84.98;80.93;4.05;9.00
1;12;3;215;67.45;10;33.73;708.23;674.50;33.73;4.20
1;2;2;212;38.72;9;17.42;365.90;348.48;17.42;4.20
2;3;2;217;72.60;6;21.78;457.38;435.60;21.78;6.90
3;12;2;213;87.91;5;21.98;461.53;439.55;21.98;4.40
1;10;3;219;98.53;6;29.56;620.74;591.18;29.56;4.00
3;2;1;220;43.46;6;13.04;273.80;260.76;13.04;8.50
1;3;3;221;71.68;3;10.75;225.79;215.04;10.75;9.20
1;2;3;222;91.61;1;4.58;96.19;91.61;4.58;9.80
2;4;5;223;94.59;7;33.11;695.24;662.13;33.11;4.90
2;3;1;224;83.25;10;41.63;874.13;832.50;41.63;4.40
2;3;1;225;91.35;1;4.57;95.92;91.35;4.57;6.80
2;2;3;222;78.88;2;7.89;165.65;157.76;7.89;9.10
1;11;2;227;60.87;2;6.09;127.83;121.74;6.09;8.70
2;3;4;223;82.58;10;41.29;867.09;825.80;41.29;5.00
1;12;5;229;53.30;3;8.00;167.90;159.90;8.00;7.50
1;3;1;230;12.09;1;0.60;12.69;12.09;0.60;8.20
1;9;2;231;64.19;10;32.10;674.00;641.90;32.10;6.70
1;11;2;232;78.31;3;11.75;246.68;234.93;11.75;5.40
1;10;3;233;83.77;2;8.38;175.92;167.54;8.38;7.00
2;11;5;234;99.70;3;14.96;314.06;299.10;14.96;4.70
2;10;3;235;79.91;3;11.99;251.72;239.73;11.99;5.00
2;10;4;232;66.47;10;33.24;697.94;664.70;33.24;5.00
1;9;4;237;28.95;7;10.13;212.78;202.65;10.13;6.00
3;1;2;233;46.20;1;2.31;48.51;46.20;2.31;6.30
2;2;3;239;17.63;5;4.41;92.56;88.15;4.41;8.50
2;11;1;240;52.42;3;7.86;165.12;157.26;7.86;7.50
2;2;3;241;98.79;3;14.82;311.19;296.37;14.82;6.40
3;2;2;242;88.55;8;35.42;743.82;708.40;35.42;4.70
2;12;2;243;55.67;2;5.57;116.91;111.34;5.57;6.00
3;4;3;244;72.52;8;29.01;609.17;580.16;29.01;4.00
3;12;2;245;12.05;5;3.01;63.26;60.25;3.01;5.50
1;12;5;242;19.36;9;8.71;182.95;174.24;8.71;8.70
3;7;4;247;70.21;6;21.06;442.32;421.26;21.06;7.40
2;3;1;243;33.63;1;1.68;35.31;33.63;1.68;5.60
3;2;2;249;15.49;2;1.55;32.53;30.98;1.55;6.30
3;7;2;250;24.74;10;12.37;259.77;247.40;12.37;7.10
2;11;2;251;75.66;5;18.92;397.22;378.30;18.92;7.80
2;1;4;252;55.81;6;16.74;351.60;334.86;16.74;9.90
1;3;5;253;72.78;10;36.39;764.19;727.80;36.39;7.30
2;12;2;254;37.32;9;16.79;352.67;335.88;16.79;5.10
2;10;1;255;60.18;4;12.04;252.76;240.72;12.04;9.40
1;3;2;252;15.69;3;2.35;49.42;47.07;2.35;5.80
3;3;2;257;99.69;1;4.98;104.67;99.69;4.98;8.00
1;2;1;253;88.15;3;13.22;277.67;264.45;13.22;7.90
1;2;2;259;27.93;5;6.98;146.63;139.65;6.98;5.90
1;10;1;220;55.45;1;2.77;58.22;55.45;2.77;4.90
2;1;2;221;42.97;3;6.45;135.36;128.91;6.45;9.30
3;10;2;222;17.14;7;6.00;125.98;119.98;6.00;7.90
2;4;1;223;58.75;6;17.63;370.13;352.50;17.63;5.90
3;4;3;224;87.10;10;43.55;914.55;871.00;43.55;9.90
3;1;2;225;98.80;2;9.88;207.48;197.60;9.88;7.70
1;5;1;222;48.63;4;9.73;204.25;194.52;9.73;7.60
2;12;3;227;57.74;3;8.66;181.88;173.22;8.66;7.70
2;5;4;223;17.97;4;3.59;75.47;71.88;3.59;6.40
3;2;4;229;47.71;6;14.31;300.57;286.26;14.31;4.40
2;3;2;270;40.62;2;4.06;85.30;81.24;4.06;4.10
1;12;1;271;56.04;10;28.02;588.42;560.40;28.02;4.40
2;3;3;272;93.40;2;9.34;196.14;186.80;9.34;5.50
2;5;4;273;73.41;3;11.01;231.24;220.23;11.01;4.00
3;9;4;274;33.64;8;13.46;282.58;269.12;13.46;9.30
1;3;2;275;45.48;10;22.74;477.54;454.80;22.74;4.80
2;3;1;272;83.77;2;8.38;175.92;167.54;8.38;4.60
2;4;2;277;64.08;7;22.43;470.99;448.56;22.43;7.30
1;2;3;273;73.47;4;14.69;308.57;293.88;14.69;6.00
3;11;4;279;58.95;10;29.48;618.98;589.50;29.48;8.10
1;12;3;230;48.50;6;14.55;305.55;291.00;14.55;9.40
2;2;2;231;39.48;1;1.97;41.45;39.48;1.97;6.50
2;3;2;232;34.81;1;1.74;36.55;34.81;1.74;7.00
3;5;1;233;49.32;6;14.80;310.72;295.92;14.80;7.10
1;12;1;234;21.48;2;2.15;45.11;42.96;2.15;6.60
2;2;2;235;23.08;6;6.92;145.40;138.48;6.92;4.90
2;4;5;232;49.10;2;4.91;103.11;98.20;4.91;6.40
2;4;2;237;64.83;2;6.48;136.14;129.66;6.48;8.00
1;3;5;233;63.56;10;31.78;667.38;635.60;31.78;4.30
3;3;2;239;72.88;2;7.29;153.05;145.76;7.29;6.10
1;1;3;290;67.10;3;10.07;211.37;201.30;10.07;7.50
3;2;2;291;70.19;9;31.59;663.30;631.71;31.59;6.70
3;12;3;292;55.04;7;19.26;404.54;385.28;19.26;5.20
1;3;4;293;48.63;10;24.32;510.62;486.30;24.32;8.80
3;2;1;294;73.38;7;25.68;539.34;513.66;25.68;9.50
3;1;3;295;52.60;9;23.67;497.07;473.40;23.67;7.60
1;2;5;292;87.37;5;21.84;458.69;436.85;21.84;6.60
1;2;2;297;27.04;4;5.41;113.57;108.16;5.41;6.90
2;11;5;293;62.19;4;12.44;261.20;248.76;12.44;4.30
1;10;2;299;69.58;9;31.31;657.53;626.22;31.31;7.80
3;11;5;700;97.50;10;48.75;1023.75;975.00;48.75;8.00
3;5;1;701;60.41;8;24.16;507.44;483.28;24.16;9.60
2;9;3;702;32.32;3;4.85;101.81;96.96;4.85;4.30
2;4;1;703;19.77;10;9.89;207.59;197.70;9.89;5.00
2;3;4;704;80.47;9;36.21;760.44;724.23;36.21;9.20
2;2;5;705;88.39;9;39.78;835.29;795.51;39.78;6.30
2;7;4;702;71.77;7;25.12;527.51;502.39;25.12;8.90
2;5;2;707;43.00;4;8.60;180.60;172.00;8.60;7.60
3;3;3;703;68.98;1;3.45;72.43;68.98;3.45;4.80
3;11;1;709;15.62;8;6.25;131.21;124.96;6.25;9.10
1;11;2;710;25.70;3;3.86;80.96;77.10;3.86;6.10
1;3;3;711;80.62;6;24.19;507.91;483.72;24.19;9.10
3;2;5;712;75.53;4;15.11;317.23;302.12;15.11;8.30
3;5;2;713;77.63;9;34.93;733.60;698.67;34.93;7.20
3;5;4;714;13.85;9;6.23;130.88;124.65;6.23;6.00
3;12;1;715;98.70;8;39.48;829.08;789.60;39.48;8.50
1;3;4;712;35.68;5;8.92;187.32;178.40;8.92;6.60
1;2;1;717;71.46;7;25.01;525.23;500.22;25.01;4.50
1;10;2;713;11.94;3;1.79;37.61;35.82;1.79;8.10
1;9;1;719;45.38;3;6.81;142.95;136.14;6.81;7.20
2;4;1;720;17.48;6;5.24;110.12;104.88;5.24;6.10
2;1;1;721;25.56;7;8.95;187.87;178.92;8.95;7.10
3;2;2;722;90.63;9;40.78;856.45;815.67;40.78;5.10
2;9;5;723;44.12;3;6.62;138.98;132.36;6.62;7.90
3;2;3;724;36.77;7;12.87;270.26;257.39;12.87;7.40
2;12;3;725;23.34;4;4.67;98.03;93.36;4.67;7.40
3;2;4;722;28.50;8;11.40;239.40;228.00;11.40;6.60
3;10;5;727;55.57;3;8.34;175.05;166.71;8.34;5.90
2;9;2;723;69.74;10;34.87;732.27;697.40;34.87;8.90
3;11;1;729;97.26;4;19.45;408.49;389.04;19.45;6.80
2;2;5;730;52.18;7;18.26;383.52;365.26;18.26;9.30
1;4;1;731;22.32;4;4.46;93.74;89.28;4.46;4.40
1;11;4;732;56.00;3;8.40;176.40;168.00;8.40;4.80
1;12;1;733;19.70;1;0.99;20.69;19.70;0.99;9.50
2;11;2;734;75.88;7;26.56;557.72;531.16;26.56;8.90
2;12;3;735;53.72;1;2.69;56.41;53.72;2.69;6.40
3;10;4;732;81.95;10;40.98;860.48;819.50;40.98;6.00
3;4;5;737;81.20;7;28.42;596.82;568.40;28.42;8.10
3;11;2;733;58.76;10;29.38;616.98;587.60;29.38;9.00
2;12;2;739;91.56;8;36.62;769.10;732.48;36.62;6.00
1;7;5;740;93.96;9;42.28;887.92;845.64;42.28;9.80
3;7;5;741;55.61;7;19.46;408.73;389.27;19.46;8.50
3;11;3;742;84.83;1;4.24;89.07;84.83;4.24;8.80
1;2;2;743;71.63;2;7.16;150.42;143.26;7.16;8.80
1;12;5;744;37.69;2;3.77;79.15;75.38;3.77;9.50
3;4;2;745;31.67;8;12.67;266.03;253.36;12.67;5.60
3;2;3;742;38.42;1;1.92;40.34;38.42;1.92;8.60
2;10;1;747;65.23;10;32.62;684.92;652.30;32.62;5.20
3;4;5;743;10.53;5;2.63;55.28;52.65;2.63;5.80
2;4;5;749;12.29;9;5.53;116.14;110.61;5.53;8.00
3;3;4;750;81.23;7;28.43;597.04;568.61;28.43;9.00
2;2;1;751;22.32;4;4.46;93.74;89.28;4.46;4.10
1;3;3;752;27.28;5;6.82;143.22;136.40;6.82;8.60
1;2;2;753;17.42;10;8.71;182.91;174.20;8.71;7.00
2;11;5;754;73.28;5;18.32;384.72;366.40;18.32;8.40
3;2;1;755;84.87;3;12.73;267.34;254.61;12.73;7.40
1;3;1;752;97.29;8;38.92;817.24;778.32;38.92;6.20
2;2;2;757;35.74;8;14.30;300.22;285.92;14.30;4.90
1;1;5;753;96.52;6;28.96;608.08;579.12;28.96;4.50
1;12;3;759;18.85;10;9.43;197.93;188.50;9.43;5.60
1;5;3;720;55.39;4;11.08;232.64;221.56;11.08;8.00
2;4;3;721;77.20;10;38.60;810.60;772.00;38.60;5.60
2;9;2;722;72.13;10;36.07;757.37;721.30;36.07;4.20
1;2;1;723;63.88;8;25.55;536.59;511.04;25.55;9.90
1;2;4;724;10.69;5;2.67;56.12;53.45;2.67;7.60
1;10;4;725;55.50;4;11.10;233.10;222.00;11.10;6.60
2;5;5;722;95.46;8;38.18;801.86;763.68;38.18;4.70
3;3;1;727;76.06;3;11.41;239.59;228.18;11.41;9.80
2;7;2;723;13.69;6;4.11;86.25;82.14;4.11;6.30
2;1;2;729;95.64;4;19.13;401.69;382.56;19.13;7.90
1;1;5;770;11.43;6;3.43;72.01;68.58;3.43;7.70
2;2;2;771;95.54;4;19.11;401.27;382.16;19.11;4.50
3;4;4;772;85.87;7;30.05;631.14;601.09;30.05;8.00
3;2;2;773;67.99;7;23.80;499.73;475.93;23.80;5.70
3;3;3;774;52.42;1;2.62;55.04;52.42;2.62;6.30
3;3;3;775;65.65;2;6.57;137.87;131.30;6.57;6.00
2;3;3;772;28.86;5;7.22;151.52;144.30;7.22;8.00
3;10;4;777;65.31;7;22.86;480.03;457.17;22.86;4.20
2;7;2;773;93.38;1;4.67;98.05;93.38;4.67;9.60
3;3;2;779;25.25;5;6.31;132.56;126.25;6.31;6.10
2;12;2;730;87.87;9;39.54;830.37;790.83;39.54;5.60
3;7;4;731;21.80;8;8.72;183.12;174.40;8.72;8.30
1;5;2;732;94.76;4;18.95;397.99;379.04;18.95;7.80
1;4;1;733;30.62;1;1.53;32.15;30.62;1.53;4.10
3;1;5;734;44.01;8;17.60;369.68;352.08;17.60;8.80
3;2;4;735;10.16;5;2.54;53.34;50.80;2.54;4.10
1;9;2;732;74.58;7;26.10;548.16;522.06;26.10;9.00
3;11;2;737;71.89;8;28.76;603.88;575.12;28.76;5.50
3;3;4;733;10.99;5;2.75;57.70;54.95;2.75;9.30
3;10;4;739;60.47;3;9.07;190.48;181.41;9.07;5.60
1;11;2;790;58.91;7;20.62;432.99;412.37;20.62;9.70
1;9;1;791;46.41;1;2.32;48.73;46.41;2.32;4.00
3;10;4;792;68.55;4;13.71;287.91;274.20;13.71;9.20
2;3;5;793;97.37;10;48.69;1022.39;973.70;48.69;4.90
1;10;2;794;92.60;7;32.41;680.61;648.20;32.41;9.30
1;3;2;795;46.61;2;4.66;97.88;93.22;4.66;6.60
2;11;1;792;27.18;2;2.72;57.08;54.36;2.72;4.30
3;2;5;797;60.87;1;3.04;63.91;60.87;3.04;5.50
1;2;2;793;24.49;10;12.25;257.15;244.90;12.25;8.10
2;9;4;799;92.78;1;4.64;97.42;92.78;4.64;9.80
3;12;5;300;86.69;5;21.67;455.12;433.45;21.67;9.40
2;11;2;301;23.01;6;6.90;144.96;138.06;6.90;7.90
3;2;2;302;30.20;8;12.08;253.68;241.60;12.08;5.10
3;12;1;303;67.39;7;23.59;495.32;471.73;23.59;6.90
1;2;1;304;48.96;9;22.03;462.67;440.64;22.03;8.00
2;2;2;305;75.59;9;34.02;714.33;680.31;34.02;8.00
1;1;5;302;77.47;4;15.49;325.37;309.88;15.49;4.20
1;3;2;307;93.18;2;9.32;195.68;186.36;9.32;8.50
1;1;2;303;50.23;4;10.05;210.97;200.92;10.05;9.00
2;1;4;309;17.75;1;0.89;18.64;17.75;0.89;8.60
3;5;1;310;62.18;10;31.09;652.89;621.80;31.09;6.00
2;11;4;311;10.75;8;4.30;90.30;86.00;4.30;6.20
1;3;2;312;40.26;10;20.13;422.73;402.60;20.13;5.00
3;4;2;313;64.97;5;16.24;341.09;324.85;16.24;6.50
1;7;2;314;95.15;1;4.76;99.91;95.15;4.76;6.00
1;2;2;315;48.62;8;19.45;408.41;388.96;19.45;5.00
2;5;3;312;53.21;8;21.28;446.96;425.68;21.28;5.00
3;1;1;317;45.44;7;15.90;333.98;318.08;15.90;9.20
1;11;3;313;33.88;8;13.55;284.59;271.04;13.55;9.60
2;10;4;319;96.16;4;19.23;403.87;384.64;19.23;8.40
2;10;3;320;47.16;5;11.79;247.59;235.80;11.79;6.00
2;11;2;321;52.89;4;10.58;222.14;211.56;10.58;6.70
1;4;5;322;47.68;2;4.77;100.13;95.36;4.77;4.10
3;3;2;323;10.17;1;0.51;10.68;10.17;0.51;5.90
1;1;4;324;68.71;3;10.31;216.44;206.13;10.31;8.70
2;4;2;325;60.08;7;21.03;441.59;420.56;21.03;4.50
1;4;2;322;22.01;4;4.40;92.44;88.04;4.40;6.60
2;4;4;327;72.11;9;32.45;681.44;648.99;32.45;7.70
1;10;1;323;41.28;3;6.19;130.03;123.84;6.19;8.50
3;7;2;329;64.95;10;32.48;681.98;649.50;32.48;5.20
1;4;2;330;74.22;10;37.11;779.31;742.20;37.11;4.30
1;7;2;331;10.56;8;4.22;88.70;84.48;4.22;7.60
2;7;4;332;62.57;4;12.51;262.79;250.28;12.51;9.50
2;2;2;333;11.85;8;4.74;99.54;94.80;4.74;4.10
1;12;4;334;91.30;1;4.57;95.87;91.30;4.57;9.20
2;2;5;335;40.73;7;14.26;299.37;285.11;14.26;5.40
1;7;1;332;52.38;1;2.62;55.00;52.38;2.62;5.80
1;12;1;337;38.54;5;9.64;202.34;192.70;9.64;5.60
2;9;2;333;44.63;6;13.39;281.17;267.78;13.39;5.10
3;7;2;339;55.87;10;27.94;586.64;558.70;27.94;5.80
3;2;2;340;29.22;6;8.77;184.09;175.32;8.77;5.00
1;7;1;341;51.94;3;7.79;163.61;155.82;7.79;7.90
2;7;2;342;60.30;1;3.02;63.32;60.30;3.02;6.00
1;4;2;343;39.47;2;3.95;82.89;78.94;3.95;5.00
3;4;3;344;14.87;2;1.49;31.23;29.74;1.49;8.90
1;7;1;345;21.32;1;1.07;22.39;21.32;1.07;5.90
1;10;2;342;93.78;3;14.07;295.41;281.34;14.07;5.90
1;12;2;347;73.26;1;3.66;76.92;73.26;3.66;9.70
3;3;2;343;22.38;1;1.12;23.50;22.38;1.12;8.60
3;2;3;349;72.88;9;32.80;688.72;655.92;32.80;4.00
1;1;1;350;99.10;6;29.73;624.33;594.60;29.73;4.20
1;7;1;351;74.10;1;3.71;77.81;74.10;3.71;9.20
1;5;1;352;98.48;2;9.85;206.81;196.96;9.85;9.20
3;11;4;353;53.19;7;18.62;390.95;372.33;18.62;5.00
2;5;2;354;52.79;10;26.40;554.30;527.90;26.40;10.00
1;2;4;355;95.95;5;23.99;503.74;479.75;23.99;8.80
2;1;1;352;36.51;9;16.43;345.02;328.59;16.43;4.20
2;7;3;357;21.12;8;8.45;177.41;168.96;8.45;6.30
1;2;5;353;28.31;4;5.66;118.90;113.24;5.66;8.20
2;7;4;359;57.59;6;17.28;362.82;345.54;17.28;5.10
1;2;3;320;47.63;9;21.43;450.10;428.67;21.43;5.00
3;2;5;321;86.27;1;4.31;90.58;86.27;4.31;7.00
1;12;2;322;12.76;2;1.28;26.80;25.52;1.28;7.80
2;3;5;323;11.28;9;5.08;106.60;101.52;5.08;4.30
2;1;5;324;51.07;7;17.87;375.36;357.49;17.87;7.00
1;2;2;325;79.59;3;11.94;250.71;238.77;11.94;6.60
3;12;4;322;33.81;3;5.07;106.50;101.43;5.07;7.30
2;10;2;327;90.53;8;36.21;760.45;724.24;36.21;6.50
3;2;4;323;62.82;2;6.28;131.92;125.64;6.28;4.90
3;10;3;329;24.31;3;3.65;76.58;72.93;3.65;4.30
1;11;2;370;64.59;4;12.92;271.28;258.36;12.92;9.30
1;10;3;371;24.82;7;8.69;182.43;173.74;8.69;7.10
3;11;1;372;56.50;1;2.83;59.33;56.50;2.83;9.60
2;2;2;373;21.43;10;10.72;225.02;214.30;10.72;6.20
1;3;2;374;89.06;6;26.72;561.08;534.36;26.72;9.90
1;10;5;375;23.29;4;4.66;97.82;93.16;4.66;5.90
3;11;5;372;65.26;8;26.10;548.18;522.08;26.10;6.30
3;3;1;377;52.35;1;2.62;54.97;52.35;2.62;4.00
2;3;2;373;39.75;1;1.99;41.74;39.75;1.99;6.10
1;3;2;379;90.02;8;36.01;756.17;720.16;36.01;4.50
2;2;2;330;12.10;8;4.84;101.64;96.80;4.84;8.60
2;2;3;331;33.21;10;16.61;348.71;332.10;16.61;6.00
3;4;1;332;10.18;8;4.07;85.51;81.44;4.07;9.50
2;10;2;333;31.99;10;16.00;335.90;319.90;16.00;9.90
1;2;5;334;34.42;6;10.33;216.85;206.52;10.33;7.50
1;2;3;335;83.34;2;8.33;175.01;166.68;8.33;7.60
1;7;2;332;45.58;7;15.95;335.01;319.06;15.95;5.00
1;12;3;337;87.90;1;4.40;92.30;87.90;4.40;6.70
1;2;2;333;73.47;10;36.74;771.44;734.70;36.74;9.50
3;5;1;339;12.19;8;4.88;102.40;97.52;4.88;6.80
1;12;2;390;76.92;10;38.46;807.66;769.20;38.46;5.60
3;1;4;391;83.66;5;20.92;439.22;418.30;20.92;7.20
2;1;2;392;57.91;8;23.16;486.44;463.28;23.16;8.10
3;4;1;393;92.49;5;23.12;485.57;462.45;23.12;8.60
2;7;2;394;28.38;5;7.10;149.00;141.90;7.10;9.40
2;10;2;395;50.45;6;15.14;317.84;302.70;15.14;8.90
2;9;4;392;99.16;8;39.66;832.94;793.28;39.66;4.20
3;11;1;397;60.74;7;21.26;446.44;425.18;21.26;5.00
3;2;3;393;47.27;6;14.18;297.80;283.62;14.18;8.80
3;3;4;399;85.60;7;29.96;629.16;599.20;29.96;5.30
1;12;3;900;35.04;9;15.77;331.13;315.36;15.77;4.60
3;4;2;901;44.84;9;20.18;423.74;403.56;20.18;7.50
2;11;5;902;45.97;4;9.19;193.07;183.88;9.19;5.10
1;4;4;903;27.73;5;6.93;145.58;138.65;6.93;4.20
1;7;3;904;11.53;7;4.04;84.75;80.71;4.04;8.10
3;5;4;905;58.32;2;5.83;122.47;116.64;5.83;6.00
3;2;5;902;78.38;4;15.68;329.20;313.52;15.68;7.90
3;9;4;907;84.61;10;42.31;888.41;846.10;42.31;8.80
2;3;4;903;82.88;5;20.72;435.12;414.40;20.72;6.60
1;2;3;909;79.54;2;7.95;167.03;159.08;7.95;6.20
2;3;5;910;49.01;10;24.51;514.61;490.10;24.51;4.20
2;4;3;911;29.15;3;4.37;91.82;87.45;4.37;7.30
3;5;2;912;56.13;4;11.23;235.75;224.52;11.23;8.60
1;1;5;913;93.12;8;37.25;782.21;744.96;37.25;6.80
1;12;1;914;51.34;8;20.54;431.26;410.72;20.54;7.60
1;2;3;915;99.60;3;14.94;313.74;298.80;14.94;5.80
3;1;2;912;35.49;6;10.65;223.59;212.94;10.65;4.10
3;10;2;917;42.85;1;2.14;44.99;42.85;2.14;9.30
1;1;1;913;94.67;4;18.93;397.61;378.68;18.93;6.80
2;11;5;919;68.97;3;10.35;217.26;206.91;10.35;8.70
2;2;2;920;26.26;3;3.94;82.72;78.78;3.94;6.30
3;4;5;921;35.79;9;16.11;338.22;322.11;16.11;5.10
2;1;5;922;16.37;6;4.91;103.13;98.22;4.91;7.00
3;4;5;923;12.73;2;1.27;26.73;25.46;1.27;5.20
3;3;2;924;83.14;7;29.10;611.08;581.98;29.10;6.60
3;2;2;925;35.22;6;10.57;221.89;211.32;10.57;6.50
2;5;2;922;13.78;4;2.76;57.88;55.12;2.76;9.00
2;10;2;927;88.31;1;4.42;92.73;88.31;4.42;5.20
1;4;4;923;39.62;9;17.83;374.41;356.58;17.83;6.80
2;3;2;929;88.25;9;39.71;833.96;794.25;39.71;7.60
2;11;2;930;25.31;2;2.53;53.15;50.62;2.53;7.20
2;11;5;931;99.92;6;29.98;629.50;599.52;29.98;7.10
3;4;1;932;83.35;2;8.34;175.04;166.70;8.34;9.50
1;5;3;933;74.44;10;37.22;781.62;744.40;37.22;5.10
3;11;4;934;64.08;7;22.43;470.99;448.56;22.43;7.60
2;5;5;935;63.15;6;18.95;397.85;378.90;18.95;9.80
3;12;5;932;85.72;3;12.86;270.02;257.16;12.86;5.10
3;5;4;937;78.89;7;27.61;579.84;552.23;27.61;7.50
1;1;2;933;89.48;5;22.37;469.77;447.40;22.37;7.40
1;2;4;939;92.09;3;13.81;290.08;276.27;13.81;4.20
3;5;3;940;57.29;6;17.19;360.93;343.74;17.19;5.90
1;11;3;941;66.52;4;13.30;279.38;266.08;13.30;6.90
3;3;1;942;99.82;9;44.92;943.30;898.38;44.92;6.60
1;5;5;943;45.68;10;22.84;479.64;456.80;22.84;5.70
1;9;4;944;50.79;5;12.70;266.65;253.95;12.70;5.30
1;3;4;945;10.08;7;3.53;74.09;70.56;3.53;4.20
1;3;2;942;93.88;7;32.86;690.02;657.16;32.86;7.30
3;10;2;947;84.25;2;8.43;176.93;168.50;8.43;5.30
2;12;1;943;53.78;1;2.69;56.47;53.78;2.69;4.70
3;12;5;949;35.81;5;8.95;188.00;179.05;8.95;7.90
2;5;3;950;26.43;8;10.57;222.01;211.44;10.57;8.90
2;12;4;951;39.91;3;5.99;125.72;119.73;5.99;9.30
2;2;5;952;21.90;3;3.29;68.99;65.70;3.29;4.70
2;2;3;953;62.85;4;12.57;263.97;251.40;12.57;8.70
3;2;3;954;21.04;4;4.21;88.37;84.16;4.21;7.60
2;3;5;955;65.91;6;19.77;415.23;395.46;19.77;5.70
1;1;1;952;42.57;7;14.90;312.89;297.99;14.90;6.80
3;3;3;957;50.49;9;22.72;477.13;454.41;22.72;5.40
2;7;2;953;46.02;6;13.81;289.93;276.12;13.81;7.10
3;1;5;959;15.80;10;7.90;165.90;158.00;7.90;7.80
1;2;3;920;98.66;9;44.40;932.34;887.94;44.40;8.40
3;3;1;921;91.98;1;4.60;96.58;91.98;4.60;9.80
1;3;2;922;20.89;2;2.09;43.87;41.78;2.09;9.80
1;3;1;923;15.50;1;0.78;16.28;15.50;0.78;7.40
3;3;2;924;96.82;3;14.52;304.98;290.46;14.52;6.70
2;9;3;925;33.33;2;3.33;69.99;66.66;3.33;6.40
2;3;2;922;38.27;2;3.83;80.37;76.54;3.83;5.80
1;5;5;927;33.30;9;14.99;314.69;299.70;14.99;7.20
1;10;5;923;81.01;3;12.15;255.18;243.03;12.15;9.30
1;1;4;929;15.80;3;2.37;49.77;47.40;2.37;9.50
2;4;2;970;34.49;5;8.62;181.07;172.45;8.62;9.00
2;4;3;971;84.63;10;42.32;888.62;846.30;42.32;9.00
2;12;5;972;36.91;7;12.92;271.29;258.37;12.92;6.70
2;7;2;973;87.08;7;30.48;640.04;609.56;30.48;5.50
1;7;5;974;80.08;3;12.01;252.25;240.24;12.01;5.40
3;7;1;975;86.13;2;8.61;180.87;172.26;8.61;8.20
2;10;1;972;49.92;2;4.99;104.83;99.84;4.99;7.00
1;1;3;977;74.66;4;14.93;313.57;298.64;14.93;8.50
2;12;3;973;26.60;6;7.98;167.58;159.60;7.98;4.90
2;3;2;979;25.45;1;1.27;26.72;25.45;1.27;5.10
2;3;3;930;67.77;1;3.39;71.16;67.77;3.39;6.50
3;3;3;931;59.59;4;11.92;250.28;238.36;11.92;9.80
1;7;4;932;58.15;4;11.63;244.23;232.60;11.63;8.40
1;2;2;933;97.48;9;43.87;921.19;877.32;43.87;7.40
3;7;4;934;99.96;7;34.99;734.71;699.72;34.99;6.10
3;7;2;935;96.37;7;33.73;708.32;674.59;33.73;6.00
2;5;1;932;63.71;5;15.93;334.48;318.55;15.93;8.50
2;5;4;937;14.76;2;1.48;31.00;29.52;1.48;4.30
2;10;4;933;62.00;8;24.80;520.80;496.00;24.80;6.20
3;12;2;939;82.34;10;41.17;864.57;823.40;41.17;4.30
2;10;4;990;75.37;8;30.15;633.11;602.96;30.15;8.40
1;3;3;991;56.56;5;14.14;296.94;282.80;14.14;4.50
2;5;2;992;76.60;10;38.30;804.30;766.00;38.30;6.00
1;11;2;993;58.03;2;5.80;121.86;116.06;5.80;8.80
2;11;1;994;17.49;10;8.75;183.65;174.90;8.75;6.60
3;2;2;995;60.95;1;3.05;64.00;60.95;3.05;5.90
3;11;4;992;40.35;1;2.02;42.37;40.35;2.02;6.20
2;5;5;997;97.38;10;48.69;1022.49;973.80;48.69;4.40
1;3;3;993;31.84;1;1.59;33.43;31.84;1.59;7.70
1;7;5;999;65.82;1;3.29;69.11;65.82;3.29;4.10
1;2;1;1000;88.34;7;30.92;649.30;618.38;30.92;6.60
